tree
version=v3
num_class=1
num_tree_per_iteration=1
label_index=0
max_feature_idx=29
objective=binary sigmoid:1
feature_names=amt_robust_z amt_over_p95 hour_surprisal txn_velocity_1m txn_velocity_5m txn_velocity_1h txn_velocity_24h amt_velocity_1h amt_velocity_24h account_age_days dormancy_days baseline_staleness_h payee_is_new_to_payer payee_first_seen_by_us_days payee_fanin_1h payee_fanin_24h payee_fanin_burstiness pair_txn_count_90d pair_amt_ratio_p95 payee_fwd_latency_p50_s payee_fwd_ratio_1h payee_inflow_concentration payee_distinct_payer_banks_1h device_is_new_to_payer device_first_seen_hours device_acct_degree_24h asn_is_new_to_payer asn_acct_degree_1h geo_jump_kmh cold_start_features_n
monotone_constraints=1 1 1 1 1 1 1 1 1 -1 1 0 1 -1 1 1 1 -1 1 -1 1 -1 1 1 -1 1 1 1 1 0
feature_infos=[-3.0936579369857515:24.376588367129134] [0.00087790173715777367:11.111137293184994] [1.9675785223076225:8] [0:3] [0:9] [0:9] [0:9] [0:4.1282131977886909] [0:99.080145124608833] [0:139.11472586805556] [4.9537037037037041e-06:18.42641866898148] [0.00011888888888888889:442.23404805555555] [0:1] [1.7060185185185186e-05:139.12850395833334] [0:63] [0:326] [0:24] [2:200] [0.0059637994831185622:65.031026252983295] none none [0.0030674846625766872:1] [0:2] [0:1] [166.93464027777779:3338.7534208333332] [0:1] [0:1] [0:21] [0.00016496476143769352:281.79811123186198] [2:15]
tree_sizes=1678 1710 1718 1744 1745 1722 1735 1745 1727 1742 1739 1721 1726 1725 1725 1734 1715 1723 1735 1735 1739 1743 1725 1725 1751 1735 1745 1733 1736 1720 1745 1735 1738 1734 1717 1734 1734 1721 1765 1720 1740 1720 1730 1738 1738 1745 1751 1730 1746 1732 1733 1726 1746 1727 1737 1730 1742 1759 1754 1748 1749 1769 1751 1753 1746 1750 1751 1761 1760 1757 1754 1742 1736 1763 1775 1775 1754 1786 1769 1787 1786 1781 1777 1775 1778 1796 1773 1795 1793 1785 1790 1778 1782 1799 1792 1789 1807 1803 1783 1776 1812 1810 1819 1807 1801 1813 1806 1784 1789 1802 1811 1821 1791 1804 1821 1799 1822 1805 1824 1797 1839 1800 1799 1813 1799 1802 1828 1803 1811 1825 1809 1826 1817 1822 1816 1829 1054 1384 1816 1814 1820 1838 1834 1849 1823 1837 1821 1838 1829 1832 1807 1856 1821 1836 1826 1841 1819 1623 1604 1829 1831 1842 1848 1829 1483 1832 1837 1844 1833 1841 1851 1833 1838 1633 1648 1829 1853 1840 1878 1838 1838 1855 1849 1821 1824 1834 1838 1816 1834 1850 1815 1836 1879 1820 1847 1812 1865 1836 1812 1846

Tree=0
num_leaves=15
num_cat=0
split_feature=16 4 26 13 21 0 21 10 2 0 0 2 2 0
split_gain=34730.4 17399.1 10544.8 3465.09 12901.2 3393.56 1358.05 710.687 389.236 186.654 125.287 118.342 117.704 75.9856
threshold=13.915966386554624 1.5000000000000002 1.0000000180025095e-35 51.074107725694454 0.75000000000000011 8.9521299757946675 inf 1.441647771990741 4.9103174311290507 0.37802262930934727 11.797778784718689 4.7035158316318908 6.2502964729469177 -0.28425097839458707
decision_type=10 2 2 10 8 8 8 10 2 10 8 2 2 10
left_child=1 2 3 4 -1 6 7 11 -8 12 -7 -6 -10 -14
right_child=-2 -3 -4 -5 5 10 8 -9 9 -11 -12 -13 13 -15
leaf_value=23.461417421085599 24.612993368254443 23.576575015802483 23.576575015802483 -6.475008407307608 -6.2763379205098229 14.248809843730568 -6.2763379205098229 15.72940749009283 -6.2763379205098229 -2.0377642662248903 23.461417421085599 3.8846263192131278 -6.2763379205098229 -2.0377642662248903
leaf_weight=0.043418760295025005 0.090053725056349232 0.048243066994472339 0.027337737963533892 164.87872196477838 0.0064324089325964451 0.0048243066994473338 0.49207928334362805 0.011256715632043779 0.045026862528175116 0.049851169227622449 0.0080405111657455564 0.0048243066994473338 0.0096486133988946676 0.01286481786519289
leaf_count=27 56 30 17 102530 4 3 306 7 28 31 5 3 6 8
internal_value=-6.42948 -6.44635 -6.4551 -6.46023 -2.9199 -4.69619 -5.2137 6.84582 -5.65917 -3.07215 20.7264 -2.03776 -4.99896 -2.03776
internal_weight=0 165.643 165.594 165.567 0.688268 0.644849 0.631984 0.0225134 0.609471 0.117391 0.0128648 0.0112567 0.0675403 0.0225134
internal_count=103061 103005 102975 102958 428 401 393 14 379 73 8 7 42 14
is_linear=0
shrinkage=1


Tree=1
num_leaves=15
num_cat=0
split_feature=28 1 11 21 13 13 17 21 11 28 17 27 28 11
split_gain=3252.7 34.8999 150.065 84.1744 728.944 189.397 303.672 6.17942 41.3013 119.296 9.9376 20.1083 49.1025 44.8791
threshold=inf 2.1762995266665839 159.83483986111113 0.019049346879535561 80.962925057870379 105.55552844328706 1.0000000180025095e-35 0.41666666666666669 131.54760486111113 0.013881093701906709 102.50000000000001 2.5000000000000004 0.0457794403049454 48.019952638888896
decision_type=8 8 8 10 8 8 10 10 8 10 8 2 10 10
left_child=1 7 3 4 -3 6 -6 -1 10 -10 -9 12 13 -12
right_child=-2 2 -4 -5 5 -7 -8 8 9 -11 11 -13 -14 -15
leaf_value=-0.047718362766276182 32.486227291096888 20.162728478619623 8.0840010234420614 -0.047718362766276182 12.964447883360618 -0.047718362766276182 -0.047718362766276182 -0.064266484324270887 -8.1839578034115412 -0.050077076421520865 -3.2640625457939834 -0.14147806545212679 -0.14147806545212679 -0.14147806545212679
leaf_weight=157.36492079757161 0.0076837245542255008 0.0049473603102631073 0.006146978121250867 0.54554430826101452 0.0076837226515635839 0.12505355850408217 0.010757211712189019 3.5237552080717638 0.0061471256256594433 0.016904189833439887 0.030493168632175993 0.50337837329136681 0.073763737455010414 0.016904189833439887
leaf_count=99926 38 6 4 355 5 28 7 2294 5 11 9 314 48 11
internal_value=0 -0.0461916 0.30606 0.237167 1.29283 0.642237 5.37264 -0.0477184 -0.108575 -2.21915 -0.0968466 -0.280669 -0.858956 -2.1178
internal_weight=0 162.236 0.700133 0.693986 0.148442 0.143494 0.0184409 161.536 4.17135 0.0230513 4.14829 0.624539 0.121161 0.0473974
internal_count=103061 103023 405 401 46 40 12 102618 2692 16 2676 382 68 20
is_linear=0
shrinkage=0.05


Tree=2
num_leaves=15
num_cat=0
split_feature=13 28 10 11 21 28 27 17 11 11 11 10 27 28
split_gain=10.6512 16.2052 12.4728 258.54 6.05226 16.7768 34.0364 264.548 517.652 131.063 315.348 5.18476 2.47496 3.65879
threshold=1.0000000180025095e-35 0.08623443888946726 0.19308232638888892 5.284625833333334 0.41666666666666669 0.019679856509061889 3.5000000000000004 99.500000000000014 48.019952638888896 71.402383055555575 124.59366277777779 1.6372936574074075 1.5000000000000002 0.13303807179686455
decision_type=10 8 8 10 10 10 2 8 10 8 10 10 2 8
left_child=1 11 -3 -4 -2 6 7 -6 -9 -10 -11 -1 13 -7
right_child=4 2 3 -5 5 12 -8 8 9 10 -12 -13 -14 -15
leaf_value=-0.048865424458196048 -0.048865424458196048 -0.0080957218031340143 13.945732959877795 0.38864570161223289 -0.18102478878615025 -0.41890286393584736 -0.18102478878615025 -37.407587217085329 -0.18102478878615025 -0.18102478878615025 -26.8549263108792 0.1048848325373655 -0.068494636712745874 -0.068494636712745874
leaf_weight=0.4253615448492184 149.77758200176868 0.10723333986469565 0.0035724945505431474 0.22518416356981447 0.062040357617674569 0.13556325890736065 0.26503397987137589 0.0013384082431002762 0.0066727510420605549 0.0026691004168242207 0.0018633619927186373 0.62196575207515903 3.6126119088639217 0.13474070699885488
leaf_count=24 100272 7 7 26 43 100 93 2 5 2 4 27 2355 94
internal_value=0 0.0888342 0.390978 0.600367 -0.0505297 -0.109564 -0.446558 -1.39013 -8.018 -4.50756 -11.0699 -0.00809572 -0.0800891 -0.181025
internal_weight=0 1.38332 0.33599 0.228757 154 4.22253 0.339618 0.074584 0.0125436 0.0112052 0.00453246 1.04733 3.88292 0.270304
internal_count=103061 91 40 33 102970 2698 149 56 13 11 6 51 2549 194
is_linear=0
shrinkage=0.05


Tree=3
num_leaves=15
num_cat=0
split_feature=21 13 7 0 27 17 24 7 18 27 0 14 27 9
split_gain=2.38398 6.67414 3.20424 12.6346 3.06021 3.40382 1.73561 1.78403 2.66001 0.852456 0.779343 0.613006 0.404989 0.260298
threshold=0.41666666666666669 51.074107725694454 0.041520274295862122 1.8492624391625425 1.5000000000000002 102.50000000000001 2487.9628652777783 0.007334336686052414 1.2779672899288046 6.5000000000000009 2.8482106465044823 1.0000000180025095e-35 1.5000000000000002 109.09261634259261
decision_type=10 10 10 8 2 8 10 10 8 2 10 2 2 2
left_child=1 2 13 -4 6 -6 -2 8 10 -7 11 -8 -3 -1
right_child=4 12 3 -5 5 9 7 -9 -10 -11 -12 -13 -14 -15
leaf_value=-0.0038935288783951806 -0.16354014275904519 -0.061565579041910568 -0.0038935288783951806 0.45009007929567635 -0.05008147391683463 -0.16354014275904519 -0.68122465547482003 -0.16354014275904519 -0.16354014275904519 -0.05008147391683463 -0.16354014275904519 -0.16354014275904519 -0.049450738402162554 -0.024113224944010813
leaf_weight=2.2819208442428476 0.078974961252414766 7.2772733264878005 0.36031513968296036 0.1977240803094904 2.8386533613826264 0.69593555441273547 0.079218309593954261 0.036954196228180081 0.030112847198324744 0.16549620981728375 0.006047972186934202 0.0041932690073736003 132.5008184274304 1.5916998540585896
leaf_count=237 72 5115 59 13 2119 226 72 29 31 140 5 4 94771 168
internal_value=0 -0.0481662 0.0122435 0.124258 -0.0876086 -0.0764853 -0.262372 -0.369493 -0.468213 -0.16354 -0.608969 -0.649494 -0.0500815 -0.00389353
internal_weight=0 144.21 4.43166 0.558039 3.93559 3.70009 0.235502 0.156527 0.119572 0.861432 0.0894596 0.0834116 139.778 3.87362
internal_count=103061 100363 477 72 2698 2485 213 141 112 366 81 76 99886 405
is_linear=0
shrinkage=0.05


Tree=4
num_leaves=15
num_cat=0
split_feature=11 29 13 29 10 0 17 7 0 10 24 28 21 11
split_gain=2.56339 2.4058 2.2259 4.50393 2.03843 30.7555 221.182 1.76516 7.8803 2.29087 0.670073 0.671427 0.548129 0.3606
threshold=173.66829861111114 4.5000000000000009 71.91574287037038 5.5000000000000009 0.0027571759259259264 -0.95496285279869897 3.5000000000000004 0.041520274295862122 2.2538736072280443 0.42711984375000006 2944.7500190277783 0.0078453445366170344 0.032795698924731186 204.20192666666671
decision_type=10 2 10 2 8 8 10 10 10 8 10 10 10 10
left_child=2 10 3 -1 5 6 -4 9 -9 -5 -2 13 -3 -12
right_child=1 12 4 7 -6 -7 -8 8 -10 -11 11 -13 -14 -15
leaf_value=-0.049687622531146766 -0.050066574513779175 -0.050068993056101622 -0.050066602458030865 -0.050066431704891556 -0.049687622531146766 -0.050066431704891556 -12.748120689616265 -0.0034498694704977158 0.29185463253365551 -0.0034498694704977158 -0.050066579302840086 -0.050066574513779175 -0.24732180729884068 -0.2054418866331289
leaf_weight=0.50427763292846073 0.74895455643932407 0.039523604908026866 0.026569988140766835 0.42071719204424735 133.71614880943983 0.46374569798353693 0.003937610957434722 0.44944251916604117 0.28534773509589317 3.7902455102445685 0.045153024373576045 0.16650519391987473 0.32336727932822806 0.21587348927278072
leaf_count=179 565 29 30 95 100941 374 4 116 16 492 34 126 8 52
internal_value=0 -0.113292 -0.0484156 -0.0170914 -0.0496876 -0.151229 -1.689 0.00902789 0.0805359 -0.00344987 -0.0785764 -0.12852 -0.225838 -0.178565
internal_weight=0 1.53938 139.66 5.45003 134.21 0.494253 0.0305076 4.94575 0.73479 4.21096 1.17649 0.427532 0.362891 0.261027
internal_count=103061 814 102247 898 101349 408 34 719 132 587 777 212 37 86
is_linear=0
shrinkage=0.05


Tree=5
num_leaves=15
num_cat=0
split_feature=21 13 27 11 10 11 0 10 11 10 11 28 28 11
split_gain=2.30084 6.4342 4.86022 20.7111 335.675 1.86263 3.48975 2.56198 4.88319 1.97881 6.19346 3.17204 1.15687 2.00617
threshold=0.41666666666666669 51.074107725694454 1.5000000000000002 22.732870277777781 0.96158011574074087 4.6339758333333343 2.2538736072280443 0.42711984375000006 10.467914027777779 1.6372936574074075 39.808184583333343 0.08623443888946726 0.026685134593005724 46.495723472222231
decision_type=10 10 2 10 8 10 10 8 8 8 8 8 8 8
left_child=1 5 3 -2 -5 6 -1 -7 -9 11 -11 -10 -12 -14
right_child=2 -3 -4 4 -6 7 -8 8 9 10 12 -13 13 -15
leaf_value=-0.050014090002282977 -0.075749308740280144 -0.050014090002282977 -0.075749308740280144 -18.175398908160517 -0.075749308740280144 -0.050014090002282977 0.17603222814529182 0.30787916572683516 -0.050014090002282977 0.41502439995932416 -0.050014090002282977 0.018134256305883431 0.18602710580696691 0.018134256305883431
leaf_weight=0.27084364321440746 0.12723588326480539 126.64930038579404 3.4252195248042376 0.0027585654311219707 0.034522234110291976 0.23698484447481608 0.42246680322267072 0.13639925257302926 1.0607405196273381 0.10596065975792165 0.38675927013620964 0.90998966600216924 0.20723492216977557 0.76478589631971461
leaf_count=65 151 99886 2485 5 57 51 10 3 105 2 68 93 17 63
internal_value=0 -0.047926 -0.0884998 -0.353964 -1.39121 0.0108122 0.0861922 -0.00290886 0.0144784 0.00282947 0.0468456 -0.0298855 0.0181343 0.047287
internal_weight=0 131.151 3.58974 0.164517 0.0372808 4.50217 0.69331 3.80886 3.57187 3.43547 1.46474 1.97073 1.35878 0.972021
internal_count=103061 100363 2698 213 62 477 75 402 351 348 150 198 148 80
is_linear=0
shrinkage=0.05


Tree=6
num_leaves=15
num_cat=0
split_feature=2 13 7 10 0 17 2 13 10 2 2 13 21 0
split_gain=3.15036 5.30886 2.91877 2.23318 43.8319 160.727 608.434 1.59753 1.40543 0.991582 1.09995 2.46147 0.383242 0.290282
threshold=5.3416289125912204 51.074107725694454 0.041520274295862122 0.0027571759259259264 -0.95496285279869897 1.0000000180025095e-35 2.6556180576321644 1.0000000180025095e-35 1.9031731712962967 6.8265344882899663 7.2143109430455565 1.0000000180025095e-35 0.069047619047619066 3.3632391232583734
decision_type=2 8 10 8 8 10 2 10 8 2 2 10 8 10
left_child=3 2 8 4 5 -1 -7 -5 9 -2 12 -12 -3 -4
right_child=1 10 13 7 -6 6 -8 -9 -10 -11 11 -13 -14 -15
leaf_value=-0.052019637203697844 0.013718332573309455 -0.041341559441931852 0.15394259982277236 0.013718332573309455 -0.052019637203697844 -40.817694075757849 -0.052019637203697844 -0.052019637203697844 0.10974933084117842 0.10974933084117842 0.15394259982277236 -0.041341559441931852 -0.052019637203697844 0.2187459060778445
leaf_weight=0.016831969627966334 0.8539752078236218 15.193937496876591 0.27326704506001021 0.50604369642060376 0.40933399647475915 0.001226403910550288 0.0036068614602156046 105.61270029638777 0.30120453651710866 0.28294958392662362 0.23583377152681251 0.40171934099635109 4.2453610305384926 0.17632885282290189
leaf_count=20 42 12649 7 67 366 2 8 86776 10 8 2 336 2766 2
internal_value=0 -0.0316845 0.048481 -0.052481 -0.166064 -2.35779 -10.3945 -0.0520196 0.0137183 -0.0117231 -0.0392221 0.0254015 -0.0413416 0.159677
internal_weight=0 21.9646 1.88773 106.55 0.430999 0.0216652 0.00483327 106.119 1.43813 1.13692 20.0769 0.637553 19.4393 0.449596
internal_count=103061 15822 69 87239 396 30 10 86843 60 50 15753 338 15415 9
is_linear=0
shrinkage=0.05


Tree=7
num_leaves=15
num_cat=0
split_feature=2 13 28 9 21 27 28 10 9 18 13 27 10 28
split_gain=3.06845 4.68725 2.73783 2.48368 1.54058 6.05 6.73519 7.92758 5.09978 7.24077 1.1692 1.353 0.990129 3.56426
threshold=5.3416289125912204 51.074107725694454 0.14206249009234267 112.43402872106482 0.41666666666666669 1.5000000000000002 0.13303807179686455 0.95430892939814826 103.48064277199076 1.2779672899288046 1.0000000180025095e-35 1.5000000000000002 0.86273513888888897 0.049563210532752949
decision_type=2 8 10 2 10 2 10 10 2 8 10 2 10 8
left_child=4 2 -2 -4 10 6 7 8 -6 -10 -1 -12 -3 -14
right_child=1 12 3 -5 5 -7 -8 -9 9 -11 11 -13 13 -15
leaf_value=-0.010961658802198185 -0.010961658802198185 -0.050219298218910836 0.15223340729485599 -0.010961658802198185 -0.072515610531373065 -0.072515610531373065 -0.072515610531373065 -0.072515610531373065 -1.8228703851766621 -0.072515610531373065 -0.072515610531373065 -0.050219298218910836 -0.050219298218910836 -0.010961658802198185
leaf_weight=0.51110727759940644 1.1030201743084378 9.471931720121546 0.69834643474314373 0.19525147198510107 0.0080520930443906888 2.6034847658633953 0.062676904897671193 0.02422694028619455 0.027216884685913101 0.0073073853855021289 4.3182015240066098 93.698644889897977 6.2159253151834779 3.5944117649589362
leaf_count=67 40 7952 14 15 13 2204 72 50 23 11 3658 81141 4957 2844
internal_value=0 -0.031189 0.0417376 0.106787 -0.0520759 -0.0891059 -0.422691 -0.772319 -1.18332 -1.44763 -0.0510487 -0.0515224 -0.0387403 -0.0276072
internal_weight=0 21.2789 1.99662 0.893598 101.261 2.73296 0.12948 0.0668033 0.0425764 0.0345243 98.528 98.0168 19.2823 9.81034
internal_count=103061 15822 69 29 87239 2373 169 97 47 34 84866 84799 15753 7801
is_linear=0
shrinkage=0.05


Tree=8
num_leaves=15
num_cat=0
split_feature=2 13 28 10 21 27 17 10 28 28 9 2 28 28
split_gain=3.12792 4.31727 2.22752 2.03814 1.32704 2.60057 1.69374 2.32274 2.38391 0.836424 0.833828 2.62186 1.99203 1.60994
threshold=5.3416289125912204 51.074107725694454 0.14206249009234267 1.9209063368055557 0.41666666666666669 1.5000000000000002 102.50000000000001 0.4744177199074075 0.22298664844562432 0.22860384990597923 105.00987254629631 6.8265344882899663 0.69886261614114498 0.34491303608304019
decision_type=2 8 10 10 10 2 8 10 10 10 2 2 8 8
left_child=4 2 3 -2 -1 9 -7 8 -8 -6 11 13 -12 -4
right_child=1 -3 10 -5 5 6 7 -9 -10 -11 12 -13 -14 -15
leaf_value=-0.051067085438794929 -0.038196255630718823 -0.038196255630718823 -0.056116535311122678 0.09392590616351032 -0.3195704656229324 -0.051067085438794929 -0.26689881806677318 -0.083901244188452254 -0.083901244188452254 -0.083901244188452254 -0.056116535311122678 0.36375672286498745 0.09392590616351032 0.1742403692323459
leaf_weight=93.696131423249383 0.76869957339611317 18.499022054908576 0.12008515687193733 0.32495252291613153 0.15024101498326503 1.8654001366860484 0.054301427444442996 0.42170672562785522 0.10842526995094387 0.036491647770162672 0.30100522006461417 0.11865661735646427 0.21347713763662768 0.20461392402648926
leaf_count=84866 30 15753 7 10 125 1880 23 213 88 44 15 2 4 1
internal_value=0 -0.0305645 0.0382536 -0.0105051 -0.0520515 -0.0870353 -0.0733256 -0.147618 -0.266899 -0.266899 0.0939259 0.162496 0.0939259 0.0939259
internal_weight=0 20.5505 2.05149 1.09365 96.3327 2.63657 2.44983 0.584433 0.162727 0.186733 0.957838 0.443356 0.514482 0.324699
internal_count=103061 15822 69 40 87239 2373 2204 324 111 169 29 10 19 8
is_linear=0
shrinkage=0.05


Tree=9
num_leaves=15
num_cat=0
split_feature=2 13 13 29 7 10 2 21 2 2 10 16 13 15
split_gain=3.18218 4.02744 1.74844 1.78522 2.9491 5.04269 2.75943 5.69071 2.71161 1.39119 2.17062 1.23943 2.95974 0.318767
threshold=5.3416289125912204 51.074107725694454 1.0000000180025095e-35 4.5000000000000009 1.0000000180025095e-35 0.56338720486111116 4.7519128689978762 0.75000000000000011 3.6588604684190029 7.2143109430455565 1.9209063368055557 4.4327485380116967 106.05193127314816 2.5000000000000004
decision_type=2 10 10 2 8 10 2 10 2 2 10 10 8 2
left_child=2 9 -1 13 5 6 7 -5 -7 10 -2 -3 -13 -4
right_child=1 11 3 4 -6 8 -8 -9 -10 -11 -12 12 -14 -15
leaf_value=0.022773644204600936 0.022773644204600936 -0.039588797100925929 -0.059654111205800157 -0.23490637064249437 -0.039588797100925929 -0.13705263026862144 -0.084555314609375321 -0.75981693140467244 -0.048191764916004284 0.14054215552245139 0.12494478049507474 0.18155650154958869 -0.039588797100925929 -0.049766490483227198
leaf_weight=0.48846640413033426 2.2583126738351456 16.254180384083369 9.1223103848352576 0.26927878969581653 1.4708624315906185 1.4531786923548731 0.085033461102284491 0.063883631723001599 2.0979244646116464 0.25076626248297085 0.54959290663579219 0.21588032646104593 0.38818264857400209 76.583719360786674
leaf_count=67 73 15161 8988 257 1217 1211 47 28 1255 3 17 203 365 74169
internal_value=0 -0.0300117 -0.0520627 -0.0525819 -0.0803564 -0.103895 -0.268119 -0.335558 -0.0845553 0.0227736 0.0227736 -0.0395888 0.0227736 -0.0508189
internal_weight=0 19.9169 91.6347 91.1462 5.44016 3.9693 0.418196 0.333162 3.5511 3.05867 2.80791 16.8582 0.604063 85.706
internal_count=103061 15822 87239 87172 4015 2798 332 285 2466 93 90 15729 568 83157
is_linear=0
shrinkage=0.05


Tree=10
num_leaves=15
num_cat=0
split_feature=2 13 11 13 27 29 11 10 10 11 21 11 10 11
split_gain=3.2032 3.73066 3.09082 1.46603 2.49666 14.528 21.1171 145.259 8.03485 172.043 2.507 1.16375 1.08876 6.03558
threshold=5.3416289125912204 51.074107725694454 4.6339758333333343 1.0000000180025095e-35 1.5000000000000002 5.5000000000000009 72.146510694444459 3.4111951446759261 0.56338720486111116 13.289440833333336 0.41666666666666669 22.732870277777781 0.86273513888888897 20.92070152777778
decision_type=2 8 10 10 2 2 10 10 8 10 10 10 8 8
left_child=3 2 -2 -1 5 10 8 -8 9 -7 -5 -12 -3 -14
right_child=1 12 -4 4 -6 6 7 -9 -10 -11 11 -13 13 -15
leaf_value=0.0017565876962176445 0.14938201147813482 -0.050265430388802428 0.0017565876962176445 -0.057358166809236145 -0.050764776084090781 -0.050764776084090781 -9.0145107623189258 -0.050764776084090781 -0.050764776084090781 -9.3468258731097151 -0.057358166809236145 -0.32194676817287216 0.14938201147813482 -0.030626636439816991
leaf_weight=0.49670271468863703 0.44785239409719446 8.3822591203782899 1.702105358728238 3.4327185647700942 82.777056541570559 0.071626791240972418 0.0055490876547992221 0.024341768468730152 0.12857686516382477 0.0053479194757528594 0.055435192640288566 0.13607998694975537 0.067156892560883974 8.8422915421078123
leaf_count=67 7 7952 62 3408 83345 83 4 26 133 4 116 53 64 7737
internal_value=0 -0.0296074 0.0325081 -0.052053 -0.0525976 -0.0919054 -0.4725 -1.71425 -0.291927 -0.69595 -0.0671807 -0.243239 -0.0373305 -0.025161
internal_weight=0 19.4417 2.14996 87.1334 86.6367 3.85968 0.235442 0.0298909 0.205552 0.0769747 3.62423 0.191515 17.2917 8.90945
internal_count=103061 15822 69 87239 87172 3827 250 30 220 87 3577 169 15753 7801
is_linear=0
shrinkage=0.05


Tree=11
num_leaves=15
num_cat=0
split_feature=29 13 11 9 0 10 11 29 2 10 28 0 11 11
split_gain=3.56938 4.85985 3.37491 55.239 469.934 3.17511 3.67624 2.86538 1.94969 5.79104 2.71936 1.81286 1.34907 1.20072
threshold=5.5000000000000009 80.962925057870379 4.6339758333333343 91.076859270833353 0.56029647551041173 0.42711984375000006 10.467914027777779 4.5000000000000009 6.7846311364580467 1.6372936574074075 0.08623443888946726 2.2538736072280443 50.858644583333337 48.019952638888896
decision_type=2 10 10 2 8 10 8 2 2 10 10 10 10 8
left_child=7 2 3 4 -2 -4 -7 -1 9 -8 -10 -5 -11 -3
right_child=1 13 5 11 -6 6 8 -9 10 12 -12 -13 -14 -15
leaf_value=-0.048533608470745115 0.048123977173252695 -0.052118195796924449 -0.067337419543820484 -0.052118195796924449 26.457083513635009 0.24328742813199891 -0.067337419543820484 -0.12319606825490159 0.052422282205808517 0.052422282205808517 0.18457775214776509 0.099836179330929434 -0.020470950131547379 -0.12797998963426094
leaf_weight=92.443736769291419 0.014738105994185124 2.2199435240036309 0.28933697259551205 0.2975360358832404 0.0018862849101424209 0.16401746706105791 1.5301195490783108 1.3031563992065418 0.34555132672916311 0.95026786759263049 0.40886402130126953 0.57676249568576854 0.63474771319494339 0.63656428592562964
leaf_count=98398 13 2419 106 143 6 3 395 617 11 96 6 20 173 655
internal_value=0 -0.0149175 0.0138019 0.102413 2.95757 -0.00446041 0.0114347 -0.0495715 0.00160719 -0.0158587 0.0737273 0.048124 0.0524223 -0.0673374
internal_weight=0 8.07034 5.21383 0.890923 0.0166244 4.3229 4.03357 93.7469 3.86955 3.11514 0.754415 0.874299 1.58502 2.85651
internal_count=103061 4046 972 182 19 790 684 99015 681 664 17 163 269 3074
is_linear=0
shrinkage=0.05


Tree=12
num_leaves=15
num_cat=0
split_feature=13 29 29 10 28 11 0 9 11 10 24 10 11 28
split_gain=2.60816 3.35137 2.25875 1.23956 4.46542 3.7736 1.54509 3.58755 0.842179 48.0495 171.67 0.60719 3.96807 0.729088
threshold=71.91574287037038 5.5000000000000009 4.5000000000000009 1.6372936574074075 0.08623443888946726 39.808184583333343 0.56029647551041173 104.19573052083335 48.019952638888896 2.0166764004629636 2880.6855183333341 1.9209063368055557 46.495723472222231 0.054259841737135307
decision_type=10 2 2 8 10 8 8 2 10 10 8 8 8 10
left_child=1 -1 -2 4 -3 -5 7 -6 -4 10 -10 -7 -13 -14
right_child=2 3 8 5 6 11 -8 -9 9 -11 -12 12 13 -15
leaf_value=-0.049702785339581106 -0.049702785339581106 -0.088941907760779648 -0.088941907760779648 0.28422863229128525 0.023760105822284439 -0.055607140564599769 0.023760105822284439 -0.088941907760779648 -0.088941907760779648 -0.088845513311645252 -11.221200400602669 0.28653555528986313 -0.028139918161209178 0.050557463481501475
leaf_weight=0.70074238264987698 87.893087580611791 0.88419355514561715 2.5347706809947375 0.14496873319148881 0.28729514608858098 0.2441321385558699 1.731595323550301 0.31982676323968917 0.015148119651712366 1.1131293201058996 0.0044494138564914456 0.14440706570167069 0.80637021525339869 0.46345765128843852
leaf_count=181 98282 168 3051 1 98 33 152 104 20 800 3 4 142 22
internal_value=0 -0.0149213 -0.0497028 0.00548187 -0.0130917 0.0386764 0.0237601 -0.0560042 -0.0889419 -0.132055 -2.58633 0.0237601 0.0297813 0.0237601
internal_weight=0 5.72699 91.5606 5.02625 3.22291 1.80334 2.33872 0.607122 3.6675 1.13273 0.0195975 1.65837 1.41423 1.26983
internal_count=103061 905 102156 724 522 202 354 202 3874 823 23 201 168 164
is_linear=0
shrinkage=0.05


Tree=13
num_leaves=15
num_cat=0
split_feature=2 13 28 10 2 28 21 27 17 2 10 10 13 28
split_gain=3.30217 3.10471 2.01641 4.04605 2.07789 1.45567 0.974062 1.2585 0.958434 1.02846 0.897249 0.661641 0.538051 0.365274
threshold=5.3416289125912204 51.074107725694454 0.08623443888946726 1.9209063368055557 7.2143109430455565 0.1397221832438437 0.41666666666666669 1.5000000000000002 102.50000000000001 4.7199587180815668 0.46460685185185191 0.088287355324074099 71.91574287037038 0.69886261614114498
decision_type=2 10 10 10 2 8 10 2 8 2 8 10 10 8
left_child=6 2 3 -2 5 -4 12 -8 -9 10 -10 -7 -1 -13
right_child=1 -3 4 -5 -6 11 7 8 9 -11 -12 13 -14 -15
leaf_value=-0.037323861849219479 -0.037323861849219479 -0.037323861849219479 -0.05729831837397218 0.055561703203918747 0.23041337205042992 -0.037323861849219479 -0.19872549686153748 -0.05049947698136642 -0.19872549686153748 -0.065231336491215319 -0.065231336491215319 0.058333352732539125 -0.05049947698136642 0.12886494751812921
leaf_weight=1.9115608871119025 0.88544702418451393 14.201264467364116 0.32867977894767741 0.64508860683782021 0.16991172738232951 0.10961557891653706 0.21614488738571447 1.4393739425625276 0.15621219706291478 0.30960992525557995 0.10254815034848019 0.80883430667512946 71.262317201579194 0.2374566944224118
leaf_count=719 32 15729 9 16 2 5 169 1880 102 25 197 24 84147 5
internal_value=0 -0.0273176 0.0172977 -0.0240655 0.0555617 0.0555617 -0.0514902 -0.0840893 -0.0717481 -0.126727 -0.198725 0.061951 -0.0504995 0.0743406
internal_weight=0 17.3863 3.18503 1.53054 1.6545 1.48459 75.3978 2.22389 2.00774 0.56837 0.25876 1.15591 73.1739 1.04629
internal_count=103061 15822 93 48 45 43 87239 2373 2204 324 299 34 84866 29
is_linear=0
shrinkage=0.05


Tree=14
num_leaves=15
num_cat=0
split_feature=2 13 10 28 11 2 24 11 21 27 17 11 28 11
split_gain=3.31912 2.82719 1.30467 3.52705 2.63629 1.48216 1.98505 0.788011 0.720472 1.01116 0.997479 1.12386 0.645877 0.805275
threshold=4.9103174311290507 51.074107725694454 1.5279781307870373 0.08623443888946726 39.808184583333343 5.3416289125912204 2638.4188954166671 173.66829861111114 0.41666666666666669 1.5000000000000002 102.50000000000001 10.922714305555557 0.026685134593005724 46.495723472222231
decision_type=2 10 10 8 8 2 10 10 10 2 8 10 8 8
left_child=7 2 3 -2 -4 6 -5 8 -1 -10 -11 -12 -6 -14
right_child=1 -3 4 5 12 -7 -8 -9 9 10 11 -13 13 -15
leaf_value=-0.051341308991540616 -0.039254976288141112 -0.039254976288141112 0.2329826022953721 0.033179657053777352 -0.039254976288141112 0.033179657053777352 -0.039254976288141112 -0.098915476136854849 -0.18330045932860786 -0.051341308991540616 -0.051341308991540616 -0.18330045932860786 0.1183840304804525 0.033179657053777352
leaf_weight=60.046943834981782 0.97309605361278051 21.433946575718558 0.16855170336648895 0.24725696646191683 0.25122393636960422 1.5671786401002581 0.21633391906530033 0.91952687417877044 0.22143604363758629 1.304132767229307 0.096863412682534455 0.22061164868206834 0.2783167285379019 0.78132834558993103
leaf_count=74666 32 25410 2 8 14 43 7 608 154 1791 102 204 3 17
internal_value=0 -0.0317023 0.00440593 -0.0145231 0.04284 0.0331797 -0.039255 -0.0529691 -0.0522864 -0.083079 -0.0693934 -0.148908 0.0331797 0.0358101
internal_weight=0 25.9172 4.48329 3.00387 1.47942 2.03077 0.463591 62.8095 61.89 1.84304 1.62161 0.317475 1.31087 1.05965
internal_count=103061 25536 126 90 36 58 15 77525 76917 2251 2097 306 34 20
is_linear=0
shrinkage=0.05


Tree=15
num_leaves=15
num_cat=0
split_feature=2 17 11 11 11 27 21 2 11 11 11 11 11 21
split_gain=3.35236 1.8522 2.06454 2.4901 23.4735 276.387 2.35599 1.99206 2.45929 9.25245 4.91403 4.38524 2.06102 1.35621
threshold=5.3416289125912204 1.0000000180025095e-35 50.858644583333337 20.705643333333338 20.92070152777778 10.500000000000002 1.0000000180025095e-35 7.2143109430455565 27.010381250000005 25.88956416666667 40.265619027777781 40.761520694444449 46.101752083333338 0.0042826748835332537
decision_type=2 10 10 8 8 2 10 2 8 10 8 8 10 10
left_child=-1 2 3 6 5 -5 -2 8 9 -6 -10 -12 -13 -14
right_child=1 -3 -4 4 7 -7 -8 -9 10 -11 11 12 13 -15
leaf_value=-0.051399471704498989 0.021226743410758371 -0.050091662017619776 -0.050091662017619776 -0.050051272040005992 -0.050091662017619776 15.081912376108775 -0.050040710178665584 0.16041420410626772 -0.050091662017619776 0.16041420410626772 0.16041420410626772 -0.050091662017619776 0.11192956295084254 -0.050042076526903623
leaf_weight=68.458789268292193 1.7510936415498228 5.4484492079354814 2.1236199069233352 0.034787485317795686 0.59818112448715655 0.0033042628783732644 3.4334626022488619 0.2209215682794391 1.3863898074086649 0.1201869718497619 0.030232928227632849 0.54405710470905533 0.5775494917179459 0.16649388620456729
leaf_count=87239 280 6564 1990 34 497 3 4249 33 1374 141 36 412 9 200
internal_value=0 -0.0262549 -0.0144378 -0.0036399 0.0278018 1.26257 -0.02597 0.0148945 0.00550284 0.0877373 -0.0163384 0.0578713 0.0215873 0.0756853
internal_weight=0 16.4387 10.9903 8.86666 3.6821 0.0380917 5.18456 3.64401 3.42309 0.718368 2.70472 1.31833 1.2881 0.744043
internal_count=103061 15822 9258 7268 2739 37 4529 2702 2669 638 2031 657 621 209
is_linear=0
shrinkage=0.05


Tree=16
num_leaves=15
num_cat=0
split_feature=13 29 11 10 2 7 11 10 21 11 11 9 29 2
split_gain=2.9231 2.91449 1.04332 1.01566 2.51409 3.29533 2.14082 0.461886 0.42067 0.901877 28.7096 11.3438 18.6808 17.6248
threshold=71.91574287037038 5.5000000000000009 173.66829861111114 1.6372936574074075 6.7846311364580467 0.041520274295862122 39.808184583333343 1.9209063368055557 inf 14.939430694444447 14.716526666666669 98.482357858796306 4.5000000000000009 5.5456074880557242
decision_type=10 2 8 8 2 10 8 8 8 10 8 2 2 2
left_child=1 -1 8 4 5 -3 -5 -8 -2 10 -10 -12 13 -13
right_child=2 3 -4 6 -6 -7 7 -9 9 -11 11 12 -14 -15
leaf_value=-0.050802792231125493 -0.050802792231125493 -0.050802792231125493 -0.096277150898958497 0.20259842493174479 0.032916254278325924 0.032916254278325924 -0.055304079267492173 0.032916254278325924 -0.067757330088386802 -0.050802792231125493 -0.050802792231125493 -3.9203254245864971 -0.050802792231125493 -0.050802792231125493
leaf_weight=0.76730981882928961 66.042369860133235 1.6662593709333493 1.26131634657382 0.18588653206825223 0.70179230315485241 0.74740268742739413 0.22276631614659162 1.4953905836167438 2.8227993048877438 5.086274236593348 0.0092755489749832831 0.01291887025035976 0.0076030925847589961 0.0038088057190179816
leaf_count=181 90209 377 807 1 15 130 33 168 3943 7149 13 19 11 5
internal_value=0 -0.0139253 -0.0508028 0.00414645 -0.0134365 -0.0404139 0.0329163 0.0329163 -0.0508028 -0.0625504 -0.0850533 -1.53784 -2.10504 -3.03908
internal_weight=0 5.78681 75.2464 5.0195 3.11545 2.41366 1.90404 1.71816 73.985 7.94268 2.85641 0.0336063 0.0243308 0.0167277
internal_count=103061 905 102156 724 522 507 202 201 101349 11140 3991 48 35 24
is_linear=0
shrinkage=0.05


Tree=17
num_leaves=15
num_cat=0
split_feature=29 2 10 11 27 0 29 11 10 11 10 10 2 11
split_gain=2.60069 2.63346 2.37121 86.41 59.1362 35.6966 1.48587 0.906462 2.41686 3.30318 1.16154 1.13627 3.34081 1.7117
threshold=5.5000000000000009 4.9103174311290507 0.16056614583333337 3.7112223611111115 8.5000000000000018 0.6877292086183977 4.5000000000000009 4.4911247222222235 0.42711984375000006 10.467914027777779 0.088287355324074099 1.6372936574074075 6.8265344882899663 39.808184583333343
decision_type=2 2 10 10 2 8 2 10 8 10 10 10 2 8
left_child=6 2 3 -2 5 -5 -1 10 -9 -10 -3 12 -11 -13
right_child=1 7 -4 4 -6 -7 -8 8 9 11 -12 13 -14 -15
leaf_value=-0.049981099932288151 -0.050037829784254785 -0.050037829784254785 -0.038958237243237992 -9.2315341300529141 -0.050040485738864098 -0.050040485738864098 -0.10503438793377358 -0.050037829784254785 0.22282755979119251 -0.038958237243237992 0.086435666685728732 0.17300276657737515 0.028814108001584227 0.028814108001584227
leaf_weight=68.85563019761895 0.4076546421378836 0.19416657369583745 2.0709517569570197 0.0054457333858133339 0.0045018278760835528 0.0013140647206455469 1.2478285625436161 0.29212818921324485 0.1743082467583007 1.1094700456694497 0.59318005078239366 0.20582789392210518 0.6251844326616266 1.4897085107905645
leaf_count=98398 580 36 2737 9 6 2 617 135 4 260 49 3 35 190
internal_value=0 -0.0193532 -0.0609037 -0.169393 -4.48989 -7.4467 -0.050961 0.00273384 -0.00715342 0.0104965 0.0516665 -0.000293342 -0.0287444 0.0288141
internal_weight=0 7.17384 2.48987 0.418916 0.0112616 0.0067598 70.1035 4.68397 3.89663 3.6045 0.787347 3.43019 1.73465 1.69554
internal_count=103061 4046 3334 597 17 11 99015 712 627 492 85 488 295 193
is_linear=0
shrinkage=0.05


Tree=18
num_leaves=15
num_cat=0
split_feature=13 29 29 10 11 27 10 28 2 24 11 10 11 24
split_gain=2.86547 2.6492 0.864431 1.91439 173.43 394.841 0.840514 3.40007 1.95538 2.33656 1.40451 0.425893 0.301893 0.211108
threshold=71.91574287037038 5.5000000000000009 4.5000000000000009 0.16056614583333337 3.7112223611111115 7.5000000000000009 1.6372936574074075 0.08623443888946726 5.3416289125912204 2610.1914838888893 39.808184583333343 1.9209063368055557 204.20192666666671 2944.7500190277783
decision_type=10 2 2 10 8 2 10 10 2 10 8 8 10 10
left_child=1 -1 12 4 -4 -6 7 -3 9 -9 -8 -12 -2 -14
right_child=2 6 3 -5 5 -7 10 8 -10 -11 11 -13 13 -15
leaf_value=-0.050764042952039373 -0.050764042952039373 -0.062317631731861271 -0.062317631731861271 -0.062317631731861271 -28.601373405939622 -0.062317631731861271 0.15481622911759521 0.028094741846902357 0.028094741846902357 -0.062317631731861271 -0.055213251901059017 0.028094741846902357 -0.050764042952039373 -0.11958721817396184
leaf_weight=0.77630745287726455 64.820615919652226 0.70796126012267846 0.36750836145978105 2.4148095160083636 0.0017510639928843821 0.0039254391449503601 0.21865810453891724 0.42417599809437029 1.624672489244692 0.29258944637093381 0.21619268163340369 1.5459897979662047 0.1748230917728496 0.29024690919322893
leaf_count=181 97893 172 638 3219 11 6 1 193 53 108 33 164 285 104
internal_value=0 -0.0141722 -0.050764 -0.0786053 -0.184 -8.85743 0.00273584 -0.0137369 0.0195604 -0.0559177 0.0280947 0.0280947 -0.050764 -0.0934405
internal_weight=0 5.80655 68.0737 2.78799 0.373185 0.0056765 5.03024 3.0494 2.34144 0.716765 1.98084 1.76218 65.2857 0.46507
internal_count=103061 905 102156 3874 655 17 724 526 354 301 198 197 98282 389
is_linear=0
shrinkage=0.05


Tree=19
num_leaves=15
num_cat=0
split_feature=29 13 29 10 11 2 28 12 21 2 11 11 11 2
split_gain=3.7247 1.51103 1.14726 0.824033 4.69483 19.2288 53.6714 114.151 194.386 113.215 217.041 80.9189 91.3185 1.4112
threshold=5.5000000000000009 71.91574287037038 4.5000000000000009 1.0500420949074076 27.010381250000005 4.9397186914338578 0.090908387470189297 1.0000000180025095e-35 0.02409988385598142 5.4635185843601484 26.688289166666671 26.149279305555556 25.88956416666667 6.5961849397276051
decision_type=2 10 2 8 10 2 10 2 10 2 8 10 10 2
left_child=2 -2 3 -1 5 -5 -7 -8 -9 -10 11 12 -11 -6
right_child=1 -3 -4 4 13 6 7 8 9 10 -12 -13 -14 -15
leaf_value=-0.055071980968979098 0.0020964449024215119 -0.049669879128590805 -0.098766830733664879 -0.050031170826794161 -0.050758346232997055 -0.050031170826794161 -0.050031170826794161 14.674320027896403 -0.050031170826794161 -0.050031170826794161 14.674320027896403 -0.050031170826794161 11.524370565390047 0.021027069323136513
leaf_weight=34.496525498085184 5.0336424240027995 1.9580140575125273 1.2251177708940932 1.3772763672644028 25.37507291058839 0.25380815350217734 0.068479690176900476 0.0033957345876842729 0.023947271867655218 0.0028143366798758498 0.0026044473052024833 0.0097431731410324574 0.0043198732892051339 0.70361551235767805
leaf_count=54736 724 3322 617 2214 39907 354 98 5 35 4 3 11 5 1026
internal_value=0 -0.0124007 -0.0508503 -0.0499084 -0.0435067 0.0358592 0.356343 1.25087 3.15339 2.25256 5.08295 2.9125 6.95844 -0.0488215
internal_weight=0 6.99166 63.5467 62.3216 27.8251 1.74639 0.369113 0.115305 0.0468248 0.0434291 0.0194818 0.0168774 0.00713421 26.0787
internal_count=103061 4046 99015 98398 43662 2729 515 161 63 58 23 20 9 40933
is_linear=0
shrinkage=0.05


Tree=20
num_leaves=15
num_cat=0
split_feature=29 0 11 10 15 13 10 2 21 28 10 11 2 10
split_gain=6.06888 3.60032 8.81002 214.044 185.907 1.45018 1.19765 1.42923 4.86581 10.4983 34.4542 277.503 0.788946 1.57313
threshold=5.5000000000000009 -1.8067565031872193 26.688289166666671 1.138428246527778 34.500000000000007 71.91574287037038 1.1254325520833335 6.5961849397276051 0.028991596638655467 0.048941043319194535 1.6777341261574075 42.813547361111112 7.2143109430455565 1.6372936574074075
decision_type=2 8 10 10 2 10 10 2 8 8 10 10 2 8
left_child=1 2 -1 4 -4 12 -3 -8 9 -9 -11 -12 13 -2
right_child=5 6 3 -5 -6 -7 7 8 -10 10 11 -13 -14 -15
leaf_value=-0.060647012459386397 -0.027074881924628976 -0.060647012459386397 -20.710189630018935 -0.060647012459386397 -0.060647012459386397 -0.049627066647307344 -0.051808808272089391 -0.050034828825312044 -0.05003500036424588 -0.050034828825312044 16.385948784992824 -0.050034828825312044 0.074203327005609207 0.032047677978601107
leaf_weight=0.17007117639695934 2.8132974227505616 34.791330695354816 0.0024177601153496644 0.073295630048960447 0.0019810165395028889 1.8640877185036719 24.68941333971787 0.099971728690433581 0.55528766622229819 0.040130798530299217 0.003042105119675397 0.016482613864354789 0.35181590099818993 1.8749739187406
leaf_count=282 520 57563 4 119 3 3322 40019 144 799 55 4 23 3 201
internal_value=0 -0.0614299 -0.251638 -0.692951 -11.4058 -0.011947 -0.060647 -0.0497907 0.0199033 0.263194 0.788109 2.51082 0.00198901 -0.00343008
internal_weight=0 60.4434 0.247766 0.0776944 0.00439878 6.90417 60.1957 25.4043 0.714915 0.159627 0.0596555 0.0195247 5.04009 4.68827
internal_count=103061 99015 408 126 7 4046 98607 41044 1025 226 82 27 724 721
is_linear=0
shrinkage=0.05


Tree=21
num_leaves=15
num_cat=0
split_feature=29 7 10 6 17 0 24 27 27 0 0 2 2 0
split_gain=6.85674 2.00279 3.8705 17.0146 27.476 24.6423 34.3788 51.0841 15.7194 14.2986 14.1422 8.25968 1.06367 3.73343
threshold=5.5000000000000009 1.0000000180025095e-35 1.1254325520833335 1.0000000180025095e-35 172.50000000000003 0.18150841455696873 3157.3636033333337 4.5000000000000009 5.5000000000000009 -1.3337255754175714 -0.51024540208794777 5.6317813199103082 5.3416289125912204 2.9589234698599536
decision_type=2 10 10 2 8 10 10 2 2 10 10 2 2 10
left_child=1 2 3 4 -1 6 8 11 10 -10 -6 -8 13 -2
right_child=12 -3 -4 -5 5 -7 7 -9 9 -11 -12 -13 -14 -15
leaf_value=-0.065015515010059297 -0.073202854528261876 -0.050027942536464115 -0.057944606688008972 -0.065015515010059297 -0.63068476563895159 -0.065015515010059297 -3.1242768238634619 -0.63068476563895159 -0.63068476563895159 -0.14219139270339706 -0.14219139270339706 -0.63068476563895159 0.007652870214359034 0.007652870214359034
leaf_weight=1.5633894262136825 2.217944861758272 16.6799690232899 24.232024833205418 13.252110673716333 0.20695302379317582 0.46346573796472523 0.032114530855324119 0.085987080063205212 0.027711096809980185 0.5417476663077806 0.10888438879646811 0.0024450877681374541 3.5049767947208084 1.0869540571012941
leaf_count=2803 3279 30007 41168 22554 278 817 37 150 50 955 192 4 491 276
internal_value=0 -0.0646101 -0.0706133 -0.0894645 -0.1963 -0.351939 -0.491051 -1.28322 -0.383185 -0.225418 -0.630685 -2.90677 -0.0115356 -0.0318858
internal_weight=0 57.1968 40.5168 16.2848 3.0327 1.46931 1.00584 0.120547 0.885296 0.569459 0.315837 0.0345596 6.80988 3.3049
internal_count=103061 99015 69008 27840 5286 2483 1666 191 1475 1005 470 41 4046 3555
is_linear=0
shrinkage=0.05


Tree=22
num_leaves=15
num_cat=0
split_feature=1 11 10 9 0 9 10 29 2 1 11 8 1 11
split_gain=10.6733 9.76415 184.281 330.725 164.912 361.134 13.1754 4.87917 0.973124 3.98259 1.0919 0.805453 0.690518 1.319
threshold=0.054484357384708686 20.705643333333338 0.87169589699074079 132.66200490740744 -1.0621524452790452 107.12051669560186 1.7189578993055556 5.5000000000000009 5.3416289125912204 1.3558538341364026 4.4911247222222235 0.99675343567434438 0.4721465777781208 45.676156111111119
decision_type=8 10 10 2 10 2 8 2 2 8 10 10 8 8
left_child=1 -1 3 4 5 -3 -4 -2 9 12 11 -10 -9 -12
right_child=7 2 6 -5 -6 -7 -8 8 10 -11 13 -13 -14 -15
leaf_value=-0.053577107022260963 -0.053577107022260963 -0.16574780664885003 -0.30252057188446246 -23.645097036252917 -0.16574780664885003 -23.645097036252917 -0.053577107022260963 -0.10779189738425077 0.0072445416277016356 0.0072445416277016356 -0.031730847715147094 0.10308844014509 -0.051125162775432581 0.039516892326769588
leaf_weight=1.6667021105394355 50.378372243282492 0.0029173353686928723 0.95420763535771991 0.0021174736612010739 0.013781890680548138 0.0016278434486594051 1.1277981952589469 0.8665945959032515 0.1237151443492629 0.86814061826295397 1.8916658381175582 0.51636788010364398 1.4160728966421556 0.98933291094820419
leaf_count=3135 92091 6 1675 4 24 3 2089 1521 33 104 329 29 1919 99
internal_value=0 -0.140451 -0.212135 -4.93602 -2.77441 -11.0353 -0.165748 -0.0535771 -0.010819 -0.0310053 0.00724454 0.0725491 -0.0726382 0.00724454
internal_weight=0 3.76915 2.10245 0.0204445 0.0183271 0.00454518 2.08201 57.0503 6.67189 3.15081 3.52108 0.640083 2.28267 2.881
internal_count=103061 6936 3801 37 33 9 3764 96125 4034 3544 490 62 3440 428
is_linear=0
shrinkage=0.05


Tree=23
num_leaves=15
num_cat=0
split_feature=1 27 11 10 11 0 10 29 13 2 10 11 9 11
split_gain=7.52294 12.8714 21.0689 56.2608 1639.56 2009.08 31.8561 4.91283 1.2889 0.668643 1.41655 2.48261 3.72798 1.09001
threshold=0.045892578735200341 5.5000000000000009 25.88956416666667 1.7189578993055556 40.761520694444449 -0.72565886973416305 1.0895533043981482 5.5000000000000009 71.91574287037038 7.2143109430455565 1.6372936574074075 13.521292916666669 111.68859796875002 46.495723472222231
decision_type=10 2 10 10 8 10 10 2 10 2 10 10 2 10
left_child=1 2 -1 4 6 -6 -4 -2 9 10 11 12 -9 -12
right_child=7 -3 3 -5 5 -7 -8 8 -10 -11 13 -13 -14 -15
leaf_value=-0.05365002461193278 -0.05365002461193278 -0.05365002461193278 -1.2334967469052058 -0.05365002461193278 -92.924459933587727 -0.05365002461193278 -0.05365002461193278 0.030336756970235926 -0.049538353066053205 0.067304413389989562 0.067304413389989562 -0.049538353066053205 -0.049538353066053205 0.0017442137523132374
leaf_weight=0.52245543234437775 48.628494331036315 1.5876613877568115 0.11679352071951143 0.30371007134090178 0.0010763942264020443 0.0012685426336247465 0.11034118918178137 1.5138565574618106 1.5779319735599271 0.36706008319742967 0.65289915201720061 0.92808295752980385 0.23408395159335871 1.2339198445486543
leaf_count=1101 93716 3334 7 587 4 3 272 181 3317 3 38 265 74 159
internal_value=0 -0.139999 -0.275353 -0.496484 -1.08736 -42.6821 -0.657936 -0.05365 -0.0102072 0.00238161 -0.00284114 -0.0262343 0.0166598 0.0303368
internal_weight=0 2.64331 1.05565 0.53319 0.22948 0.00234494 0.227135 55.1363 6.50783 4.9299 4.56284 2.67602 1.74794 1.88682
internal_count=103061 5308 1974 873 286 7 279 97753 4037 720 717 520 255 197
is_linear=0
shrinkage=0.05


Tree=24
num_leaves=15
num_cat=0
split_feature=29 11 10 0 11 0 13 27 21 28 10 11 11 10
split_gain=6.01475 1.5863 34.5143 66.8903 219.35 15.6553 1.21095 1.15999 0.807955 1.71351 13.0095 617.479 0.610997 2.3234
threshold=5.5000000000000009 25.403254444444446 1.1254325520833335 -1.3337255754175714 26.688289166666671 0.044679168397430961 71.91574287037038 1.5000000000000002 0.41666666666666669 0.05150172179020953 0.62247627893518531 14.716526666666669 4.6339758333333343 0.42711984375000006
decision_type=2 10 10 8 8 8 10 2 8 10 10 8 8 8
left_child=1 8 3 4 -3 -5 12 -7 -1 10 11 -10 -2 -14
right_child=6 2 -4 5 -6 7 -8 -9 9 -11 -12 -13 13 -15
leaf_value=-0.05001397507405643 0.041116251938312837 -0.26666115235906379 -0.054185962643790823 -0.40878561725523738 -14.851160753573915 -0.19121311781171207 -0.04948351555082961 -0.054185962643790823 -0.062013431471805949 -0.062013431471805949 -0.062013431471805949 -31.708124867063606 -0.04948351555082961 0.0095923342136100508
leaf_weight=23.199999427141371 0.82169952661389389 0.0097562241790001298 20.565406089732406 0.86776713488230206 0.0033708134703829265 0.20647752653894702 1.5047606893693126 0.49738748105301056 0.063057105561706128 3.1042227747834517 0.40973235141681469 0.0015788298260304137 0.23237754301498503 3.8829097582125214
leaf_count=48983 135 33 41168 1204 9 55 3322 1047 148 5896 467 5 77 512
internal_value=0 -0.0616129 -0.0715118 -0.296349 -3.85071 -0.266661 -0.0102164 -0.0914416 -0.053425 -0.0755385 -0.164045 -0.823319 0.00175199 -0.00610787
internal_weight=0 48.9288 22.1502 1.58476 0.013127 1.57163 6.44175 0.703865 26.7786 3.57859 0.474368 0.0646359 4.93699 4.11529
internal_count=103061 99015 43516 2348 42 2306 4046 1102 55499 6516 620 153 724 589
is_linear=0
shrinkage=0.05


Tree=25
num_leaves=15
num_cat=0
split_feature=13 11 10 13 0 27 10 11 18 0 10 7 11 13
split_gain=4.32546 1.64589 23.5182 25.4286 35.6034 19.9654 29.9103 104.146 94.9138 4.24185 1.48697 2.04611 1.11058 1.02735
threshold=71.91574287037038 25.403254444444446 1.1254325520833335 134.50480762731485 0.056329373375524197 7.5000000000000009 1.0998127546296299 26.149279305555556 0.11378293825925798 -0.31361511445054591 1.6372936574074075 0.041520274295862122 39.808184583333343 134.1861411226852
decision_type=10 10 10 8 10 2 10 8 10 8 8 10 10 10
left_child=10 -2 3 9 5 6 7 -5 -9 -3 11 -1 -12 -11
right_child=1 2 -4 4 -6 -7 -8 8 -10 13 12 -13 -14 -15
leaf_value=-0.050013556857776378 -0.050013556857776378 -0.20288359102215425 -0.054152426598927883 -1.6562679005408265 -0.20288359102215425 -0.20288359102215425 -1.6562679005408265 -15.12991351912595 -1.6562679005408265 -0.054152426598927883 0.12915865406055166 0.020981841758721458 0.020981841758721458 -0.18226062824385791
leaf_weight=2.8532210830689047 25.571348880973776 0.70991424641509748 20.02555153532353 0.0057147038314723725 0.04819945665076375 0.010847735080852856 0.029506577307984116 0.0033008680375132817 0.0015640120545867831 0.56051640949044945 0.23725828580891217 0.82903947492487073 1.8500307413598629 0.20002735976595432
leaf_count=473 57366 856 42365 25 106 49 20 7 5 1351 7 160 265 6
internal_value=0 -0.0585969 -0.0687606 -0.255138 -1.03023 -1.95782 -2.47409 -4.755 -10.2819 -0.202884 -0.0127327 -0.0318437 0.0209818 -0.0848011
internal_weight=0 47.1665 21.5951 1.56959 0.0991334 0.0509339 0.0400862 0.0105796 0.00486488 1.47046 5.76955 3.68226 2.08729 0.760544
internal_count=103061 102156 44790 2425 212 106 57 37 12 2213 905 633 272 1357
is_linear=0
shrinkage=0.05


Tree=26
num_leaves=15
num_cat=0
split_feature=29 11 10 0 10 17 14 9 0 27 2 10 11 29
split_gain=5.21436 0.997937 13.5875 6.68761 13.5651 15.9617 25.5693 44.2007 30.1748 2.50794 0.827673 2.08659 9.28431 420.775
threshold=5.5000000000000009 25.403254444444446 1.1254325520833335 0.044679168397430961 1.0690208159722225 71.500000000000014 2.5000000000000004 104.41339458333336 -0.31361511445054591 5.5000000000000009 6.8265344882899663 1.6372936574074075 34.040487777777784 6.5000000000000009
decision_type=2 8 10 8 8 8 2 2 10 2 2 10 8 2
left_child=1 -1 3 4 5 -3 7 -7 -9 -6 11 12 -2 -14
right_child=10 2 -4 -5 9 6 -8 8 -10 -11 -12 -13 13 -15
leaf_value=-0.051514133117652121 -0.027146157465731059 -0.24842272834810708 -0.05443500431867563 -0.085301678686559301 -0.24842272834810708 -0.24842272834810708 -0.24842272834810708 -6.9716825952562891 -0.24842272834810708 -0.085301678686559301 0.030569670228397558 0.019809539810527341 -0.051469947463814961 -21.524099990519908
leaf_weight=24.283818382012075 2.9488503881617691 0.019984218975860946 18.529198298456699 0.67423145320935884 0.73232635315278627 0.0064348176383646196 0.010679297629394569 0.0071994290080965575 0.0020180579958832831 0.16447146353427078 1.0616045295555734 2.1574423304090726 0.1132881944358809 0.0023283835453185011
leaf_count=55499 2695 81 41168 1102 358 29 49 31 9 689 81 1119 143 8
internal_value=0 -0.0583395 -0.0665664 -0.205551 -0.291517 -1.12593 -1.94249 -3.2337 -5.45627 -0.248423 -0.00967714 -0.0178592 -0.0443788 -0.483904
internal_weight=0 44.4304 20.1465 1.61735 0.943114 0.0463158 0.0263316 0.0156523 0.00921749 0.896798 6.28351 5.22191 3.06447 0.115617
internal_count=103061 99015 43516 2348 1246 199 118 69 40 1047 4046 3965 2846 151
is_linear=0
shrinkage=0.05


Tree=27
num_leaves=15
num_cat=0
split_feature=13 2 0 10 11 13 27 18 11 10 11 7 18 2
split_gain=5.68183 2.36677 3.30094 0.834332 1.06911 0.54789 1.57801 3.56042 16.5439 547.323 0.546838 0.563448 0.394121 0.0769826
threshold=71.91574287037038 5.3416289125912204 5.931948581469654 1.6372936574074075 39.808184583333343 133.15578995949076 4.5000000000000009 0.58304809211147457 40.761520694444449 1.7405706539351853 4.6339758333333343 0.041520274295862122 0.5789539754054589 7.2143109430455565
decision_type=10 2 8 10 10 8 2 8 10 10 10 10 10 2
left_child=1 2 3 -1 -5 -2 7 8 -7 -10 11 -3 -9 -12
right_child=5 10 -4 4 -6 6 -8 12 9 -11 13 -13 -14 -15
leaf_value=-0.056302380577965584 -0.054277132054088809 0.024236826058178985 0.024236826058178985 0.024236826058178985 -0.053520280886752973 -0.085777334084075146 -0.056302380577965584 -0.1030358438576115 -28.521826668964124 -0.085777334084075146 0.024236826058178985 0.098307977176535791 -0.056302380577965584 0.060533479098462475
leaf_weight=1.3024137382139249 38.181098093762074 0.10673542675092906 0.38578702336400139 0.24407127548288121 0.49728422387117455 0.14279139020619935 3.1099348024611881 1.0997653064983408 0.0017556048260303206 0.043833381438162178 2.307898932485148 0.50591405752058194 0.53081395578556123 0.38239106545347068
leaf_count=504 90761 8 32 3 215 359 7754 1851 5 108 133 7 1318 3
internal_value=0 -0.00331747 -0.0407771 -0.0563024 0.00301491 -0.0563024 -0.0719907 -0.109554 -0.315362 -1.14645 0.0242368 0.071475 -0.0857773 0.0242368
internal_weight=0 5.7325 2.42956 2.04377 0.741355 43.11 4.92889 1.81896 0.18838 0.045589 3.30294 0.612649 1.63058 2.69029
internal_count=103061 905 754 722 218 102156 11395 3641 472 113 151 15 3169 136
is_linear=0
shrinkage=0.05


Tree=28
num_leaves=15
num_cat=0
split_feature=13 21 1 2 10 11 11 1 10 1 27 21 10 2
split_gain=5.3373 2.31173 1.70312 3.79548 1.43498 0.864596 0.92723 1.21923 0.669784 0.577365 0.74363 0.69556 0.558366 0.617557
threshold=71.91574287037038 0.41666666666666669 0.81305270639611271 5.7965788290515023 0.55372670138888902 57.303561250000008 58.340485555555567 1.8113373733227773 6.6597849942129637 0.045892578735200341 5.5000000000000009 0.060661764705882359 0.088287355324074099 5.1322213001133017
decision_type=10 10 8 2 10 10 10 10 8 10 2 10 10 2
left_child=1 2 3 -1 -5 -6 7 12 -8 10 11 -2 -4 -14
right_child=9 -3 6 4 5 -7 8 -9 -10 -11 -12 -13 13 -15
leaf_value=-0.055225560459201517 -0.088152656134443882 -0.055225560459201517 -0.055225560459201517 -0.055225560459201517 0.048495111813831829 -0.055225560459201517 -0.055225560459201517 0.18441463558454366 0.065072890651234935 -0.055225560459201517 -0.055225560459201517 -0.18289581276338704 -0.051513010338176984 0.075299722990166268
leaf_weight=0.97396954258556823 1.1433985612674464 0.75658670051454535 0.11252101341960608 0.41153790124380996 1.6156773865863903 0.17810346090633133 0.30230511423588941 0.19856520991060778 0.18220597115578124 38.335615225462455 1.2086056445671751 0.23323895337835643 0.10746112295772348 0.90049594694945967
leaf_count=633 1789 41 18 21 41 12 27 15 2 96852 3332 183 75 20
internal_value=0 -0.00373854 0.00968416 -0.0123326 0.028171 0.0474904 0.0484951 0.0702232 -0.0106579 -0.0552256 -0.0788545 -0.104205 0.0499868 0.0617799
internal_weight=0 5.73943 4.98284 3.17929 2.20532 1.79378 1.80355 1.31904 0.484511 40.9209 2.58524 1.37664 1.12048 1.00796
internal_count=103061 905 864 707 74 53 157 128 29 102156 5304 1972 113 95
is_linear=0
shrinkage=0.05


Tree=29
num_leaves=15
num_cat=0
split_feature=29 0 2 13 24 10 10 7 0 10 2 17 6 10
split_gain=6.17041 1.5625 4.60797 6.69848 60.2181 270.187 1.0403 0.485604 0.795272 0.488103 0.749627 0.367576 0.632158 4.88113
threshold=5.5000000000000009 2.2538736072280443 5.7965788290515023 138.79077063078708 2910.8978712500007 0.84360071180555563 0.55372670138888902 0.04103912214335962 5.931948581469654 1.6372936574074075 5.1322213001133017 inf 1.0000000180025095e-35 1.1254325520833335
decision_type=2 10 2 8 10 10 8 8 8 8 2 8 2 10
left_child=11 2 3 -2 -5 -6 -4 8 9 -3 -11 -1 13 -13
right_child=1 7 6 4 5 -7 -8 -9 -10 10 -12 12 -14 -15
leaf_value=-0.05089818899706066 -0.051293181834198842 -0.051293181834198842 -0.051293181834198842 -0.052548391383940553 -16.984084590952968 -0.052548391383940553 0.033132319384293958 0.080538748390761167 0.06267751149335582 -0.051293181834198842 0.06267751149335582 -0.13999828745424234 -0.0514289728754923 -0.053034526906659767
leaf_weight=18.040337492786477 1.7001935166345084 0.41374399290899555 0.34113650908693682 0.1233035960974348 0.002944053558167071 0.011782779591158032 1.8330973022827051 0.54019205385306146 0.58269526295104701 0.21006904332898557 0.33953017616295256 1.9776218309788571 9.6855008212267535 8.764897920386101
leaf_count=49319 3206 190 111 46 3 9 155 84 91 122 29 2483 25192 22021
internal_value=0 -0.00196592 -0.0202148 -0.0784887 -0.41347 -3.43536 0.0290533 0.0331323 0.0331323 -0.0113216 0.0331323 -0.0560991 -0.0606922 -0.0690439
internal_weight=0 6.09869 4.01246 1.83822 0.13803 0.0147268 2.17423 2.08623 1.54604 0.963343 0.549599 38.4684 20.428 10.7425
internal_count=103061 4046 3530 3264 58 12 266 516 432 341 151 99015 49696 24504
is_linear=0
shrinkage=0.05


Tree=30
num_leaves=15
num_cat=0
split_feature=29 13 28 10 0 2 10 10 1 27 6 10 28 13
split_gain=7.96732 1.85872 1.41848 2.04505 2.03308 1.00232 0.505116 0.468827 0.369464 0.46339 0.340435 0.53069 0.12377 0.545139
threshold=5.5000000000000009 1.0000000180025095e-35 0.054259841737135307 1.3219617071759262 5.931948581469654 5.3416289125912204 6.6597849942129637 1.7619715682870372 0.045892578735200341 5.5000000000000009 1.0000000180025095e-35 1.0895533043981482 0.21805478827342281 51.074107725694454
decision_type=2 10 10 10 10 2 8 8 10 2 2 8 10 8
left_child=8 2 -2 4 -4 6 -3 -5 9 10 11 -1 -10 -14
right_child=1 5 3 7 -6 -7 -8 -9 12 -11 -12 -13 13 -15
leaf_value=-0.12966414080785879 -0.0018132372573075655 -0.05060346442477423 -0.0018132372573075655 0.13172442194638445 0.15955904323836698 -0.0018132372573075655 -0.0018132372573075655 0.2416953592319272 -0.054601194428289639 -0.054601194428289639 -0.054601194428289639 -0.054601194428289639 0.057970360819044477 -0.050017378551191705
leaf_weight=0.76783020753131215 0.73297630557623261 1.7450535641630116 0.34322914541751859 0.23677392778424977 0.21516686691793452 2.398596741415322 0.18088084732880849 0.16407597071769542 26.042937727937165 1.0835217414510165 0.33393525209363906 0.27346843652611263 0.11858670056971855 8.0670252118634096
leaf_count=72 39 3455 36 7 6 467 33 3 70398 3330 1032 865 24 23294
internal_value=0 0.0061297 0.0505556 0.0905716 0.0287163 -0.0112545 -0.0405591 0.176738 -0.055946 -0.0746673 -0.0941267 -0.108272 -0.0546012 -0.0484529
internal_weight=0 6.01675 1.69222 0.959246 0.558396 4.32453 1.92593 0.40085 36.6873 2.45876 1.37523 1.0413 34.2285 8.18561
internal_count=103061 4046 91 52 42 3955 3488 10 99015 5299 1969 937 93716 23318
is_linear=0
shrinkage=0.05


Tree=31
num_leaves=15
num_cat=0
split_feature=13 21 13 11 10 1 10 11 1 11 10 1 21 27
split_gain=6.86091 2.49378 0.863866 1.66706 1.32322 1.46755 0.702677 0.697253 0.556094 0.325793 0.548989 0.276614 0.342505 0.264879
threshold=71.91574287037038 0.41666666666666669 1.0000000180025095e-35 56.308494583333342 2.0341295891203708 1.2453453225773672 1.3219617071759262 33.066128472222225 0.38069650561820384 46.495723472222231 6.6597849942129637 0.045892578735200341 0.060661764705882359 5.5000000000000009
decision_type=10 10 10 10 8 8 10 10 10 8 8 10 10 2
left_child=1 2 3 4 5 6 -1 -8 -4 -10 -11 12 -2 -14
right_child=11 -3 8 -5 -6 -7 7 -9 9 10 -12 -13 13 -15
leaf_value=0.0023886389106889394 -0.063982147224336358 -0.055071059535312473 -0.05439579059657005 0.0023886389106889394 0.20053749889135572 0.12427931841526177 0.12354212825270827 0.0023886389106889394 0.0023886389106889394 -0.05439579059657005 0.0023886389106889394 -0.055071059535312473 -0.14413179709076626 -0.063982147224336358
leaf_weight=0.3467376772679171 2.0476879420368976 0.7612038743529651 0.43115118284927767 0.39380455843151518 0.18716451525688182 0.47752905866816608 0.24092176556587219 0.087214512169444036 1.952279418169145 0.62972331724529051 0.1709322612483869 32.840588548897323 0.26046757991066682 0.10966658713261201
leaf_count=42 4765 41 249 21 5 12 1 10 401 119 4 96852 183 356
internal_value=0 0.00414844 0.017851 0.0462544 0.0772289 0.057202 0.00973927 0.0763121 0.00238864 0.00238864 -0.033517 -0.0550711 -0.071983 -0.116246
internal_weight=0 5.67866 4.91746 1.73337 1.33957 1.1524 0.674874 0.328136 3.18409 2.75293 0.800656 35.2584 2.41782 0.370134
internal_count=103061 905 864 91 70 65 53 11 773 524 123 102156 5304 539
is_linear=0
shrinkage=0.05


Tree=32
num_leaves=15
num_cat=0
split_feature=29 13 1 10 6 10 1 17 6 10 13 0 21 9
split_gain=7.6639 1.55059 0.772756 0.90556 0.544966 0.533925 0.385806 0.283894 0.498486 3.2921 2.33697 11.805 30.9205 2.67553
threshold=5.5000000000000009 71.91574287037038 0.81305270639611271 0.55372670138888902 1.0000000180025095e-35 0.088287355324074099 1.3558538341364026 inf 1.0000000180025095e-35 1.1254325520833335 117.12871776620371 -0.51024540208794777 0.044466403162055343 115.13327504050928
decision_type=2 10 8 10 2 10 8 8 2 10 10 10 10 2
left_child=7 2 3 -2 6 -6 -4 -1 9 10 -9 12 -12 -14
right_child=1 -3 4 -5 5 -7 -8 8 -10 -11 11 -13 13 -15
leaf_value=-0.050903930872989549 -0.049013587363194611 -0.049013587363194611 -0.053002810562103535 0.015843859370373258 0.015843859370373258 0.087264047189095986 0.015843859370373258 -0.088486750089191463 -0.051236997364908249 -0.052909127880155865 -0.13408599173990718 -0.13408599173990718 -0.13408599173990718 -2.5660719996465131
leaf_weight=15.422312604193401 0.5784292297418786 1.0550393370430802 0.20353355724399111 2.5229470173019006 0.10312091943342239 0.80908310844950182 0.63639402736549489 1.3541639286414102 8.3296478193532604 7.5296824361050341 0.039826986359235324 0.56369855026980542 0.0011177783162565893 0.019727458275815561
leaf_count=49319 208 3322 47 378 14 56 21 1437 25192 22021 275 643 6 122
internal_value=0 0.0059243 0.0178665 0.00287072 0.04441 0.0711695 0.0158439 -0.0558719 -0.0601672 -0.0679905 -0.125385 -0.205413 -0.868102 -2.43115
internal_weight=0 5.90855 4.85351 3.10138 1.75213 0.912204 0.839928 33.2602 17.8379 9.50822 1.97853 0.624371 0.0606722 0.0208452
internal_count=103061 4046 724 586 138 70 68 99015 49696 24504 2483 1046 403 128
is_linear=0
shrinkage=0.05


Tree=33
num_leaves=15
num_cat=0
split_feature=29 13 1 2 10 11 11 28 10 10 13 28 11 10
split_gain=7.43386 1.44738 0.706298 1.36132 1.0197 0.732903 0.711037 0.658202 0.613404 0.592485 0.465854 1.08492 0.298727 1.60866
threshold=5.5000000000000009 71.91574287037038 0.81305270639611271 5.7965788290515023 0.55372670138888902 50.858644583333337 50.858644583333337 0.026685134593005724 0.083538611111111119 6.6597849942129637 1.0000000180025095e-35 0.34491303608304019 22.732870277777781 1.1254325520833335
decision_type=2 10 10 2 10 8 10 10 8 8 10 8 10 10
left_child=12 2 3 -2 -5 7 8 -6 -4 -8 -10 -12 -1 -14
right_child=1 -3 6 4 5 -7 9 -9 10 -11 11 -13 13 -15
leaf_value=-0.050466885086496098 -0.048907652120595245 -0.048907652120595245 -0.048907652120595245 -0.048907652120595245 -0.048907652120595245 -0.048907652120595245 -0.048907652120595245 0.056382239783410108 0.1099909567063059 0.062853620929987378 -0.048907652120595245 0.084146866337575954 -0.088060098997378919 -0.051605564233075052
leaf_weight=14.950296397390998 0.82293821612777529 1.0057046736844535 0.10446172149386197 0.35801475110929493 0.14693970687221702 0.176038645557128 0.28234199476798139 1.5985758872702716 0.49814434334123003 0.16852578416001052 0.20620534045406363 0.49091073783347378 3.9569410102296123 12.865973711186717
leaf_count=49677 531 3322 14 18 7 9 25 25 19 2 65 9 8170 41168
internal_value=0 0.00568471 0.0169979 0.0026697 0.0226013 0.0370745 0.0423911 0.0423911 0.0611593 -0.0117123 0.0713276 0.0563822 -0.0556097 -0.0601801
internal_weight=0 5.8588 4.8531 3.10251 2.27957 1.92155 1.75059 1.74552 1.29972 0.450868 1.19526 0.697116 31.7732 16.8229
internal_count=103061 4046 724 590 59 41 134 32 107 27 93 74 99015 49338
is_linear=0
shrinkage=0.05


Tree=34
num_leaves=15
num_cat=0
split_feature=29 13 1 2 10 11 11 28 10 10 28 10 13 11
split_gain=7.16554 1.34866 0.655658 1.2649 0.928769 0.671739 0.645512 0.58429 0.561094 0.559906 0.470909 1.65559 0.681384 1.81308
threshold=5.5000000000000009 71.91574287037038 0.81305270639611271 5.7965788290515023 0.55372670138888902 50.858644583333337 50.858644583333337 0.026685134593005724 0.088287355324074099 6.6597849942129637 0.14673623304533623 1.3219617071759262 1.0000000180025095e-35 46.495723472222231
decision_type=2 10 10 2 10 8 10 10 10 8 10 10 10 10
left_child=-1 2 3 -2 -5 7 8 -6 -4 -8 11 -9 -13 -14
right_child=1 -3 6 4 5 -7 9 10 -10 -11 -12 12 13 -15
leaf_value=-0.0554712808311437 -0.048791685010628999 -0.048791685010628999 -0.048791685010628999 -0.048791685010628999 -0.048791685010628999 -0.048791685010628999 -0.048791685010628999 -0.048791685010628999 0.068351355547108486 0.06196616088650421 0.068351355547108486 0.068351355547108486 0.068351355547108486 -0.048791685010628999
leaf_weight=30.296566854113792 0.78741182213694871 0.95887357598999123 0.10036506346659657 0.34392613806994665 0.14099438709672507 0.17072205559816223 0.2716826158599851 0.38694445381406639 1.1842158286945523 0.16254412173293531 0.20720370108028885 0.45924811065196969 0.23358803859446198 0.35622213990427554
leaf_count=99015 531 3322 14 18 7 9 25 13 93 2 3 2 4 3
internal_value=0 0.00534975 0.0161539 0.00237053 0.0211349 0.0345012 0.0409032 0.0409032 0.0587182 -0.0117993 0.05207 0.0348378 0.0674796 0.0145973
internal_weight=0 5.76394 4.80507 3.08626 2.29885 1.95492 1.71881 1.7842 1.28458 0.434227 1.64321 1.436 1.04906 0.58981
internal_count=103061 4046 724 590 59 41 134 32 107 27 25 22 9 7
is_linear=0
shrinkage=0.05


Tree=35
num_leaves=15
num_cat=0
split_feature=29 29 11 10 1 28 9 10 11 1 11 10 11 10
split_gain=7.02984 1.07031 1.75242 0.934428 1.57367 0.740093 0.762143 0.556583 1.04003 0.552187 0.409456 0.401161 0.266634 1.34817
threshold=5.5000000000000009 6.5000000000000009 56.308494583333342 1.2538157928240743 1.5103641729596473 0.14673623304533623 111.68859796875002 0.55372670138888902 13.521292916666669 0.81305270639611271 4.6339758333333343 2.0341295891203708 22.732870277777781 1.1254325520833335
decision_type=2 2 10 8 8 10 2 10 10 10 10 8 10 10
left_child=12 5 3 4 -3 -2 7 9 -9 -7 -11 -5 -1 -14
right_child=1 2 -4 11 -6 6 -8 8 -10 10 -12 -13 13 -15
leaf_value=-0.050313735456900335 -0.02699146866917464 -0.053127760145752746 -0.058438978114889656 0.077355650936328971 0.099027745754038471 -0.02699146866917464 -0.02699146866917464 0.16147297745720324 0.017256820684262944 0.074660632927506229 -0.02699146866917464 0.15702872645256871 -0.08611652289700307 -0.051550600394798321
leaf_weight=13.499590671245045 2.3191679869865487 0.34574996736804947 0.37227767020294722 0.58082672226110932 0.24658007994392278 0.33206975467245825 0.34368014159820992 0.21505546239495743 0.097057621707790531 0.49298742014902075 0.077380506962072104 0.21702618896961212 3.7262942343813323 11.609829294602415
leaf_count=49677 2542 44 21 14 13 497 710 6 80 57 57 5 8170 41168
internal_value=0 0.00559947 0.0379067 0.0637072 0.0161313 -0.00908571 0.017564 0.0371624 0.0947169 0.0172568 0.0172568 0.0990277 -0.0554383 -0.0599493
internal_weight=0 5.63986 1.76246 1.39018 0.59233 3.8774 1.55823 1.21455 0.312113 0.902438 0.570368 0.797853 28.8357 15.3361
internal_count=103061 4046 97 76 57 3949 1407 697 86 611 114 19 99015 49338
is_linear=0
shrinkage=0.05


Tree=36
num_leaves=15
num_cat=0
split_feature=29 29 2 28 28 9 24 10 28 1 10 1 6 10
split_gain=6.7669 0.990641 0.94417 0.968459 0.794031 1.28659 0.739531 0.608173 0.74515 0.561653 0.549268 0.303803 0.200339 1.5234
threshold=5.5000000000000009 6.5000000000000009 5.3416289125912204 0.14673623304533623 0.054259841737135307 95.138516747685202 2680.4235076388891 1.3219617071759262 0.1603607148841564 0.38069650561820384 0.55372670138888902 2.1762995266665839 1.0000000180025095e-35 1.1254325520833335
decision_type=2 2 2 10 10 2 8 10 8 10 10 10 2 8
left_child=12 2 11 -4 5 -3 9 8 -6 -5 -11 -2 13 -1
right_child=1 4 3 6 7 -7 -8 -9 -10 10 -12 -13 -14 -15
leaf_value=-0.094312366285294214 -0.050824345975766572 0.063612582234642681 -0.019301759579279404 -0.019301759579279404 -0.052361983189820438 -0.057197128394954527 -0.019301759579279404 0.11978904048223392 0.063612582234642681 0.053704979510600596 0.14578688790270769 -0.019301759579279404 -0.051043176158593995 -0.05152203299831877
leaf_weight=2.5623317945824144 1.371998919259976 0.24798487530001273 1.194657442159951 0.095433723239693458 0.23334621734203267 0.44574128835334542 0.17314470632118184 0.48179086257420967 0.34089309710380078 0.56763593983487226 0.22659690838190727 0.194318667348513 13.90053913899934 11.049582592769005
leaf_count=5286 3474 9 282 32 23 31 88 10 24 56 7 10 52561 41168
internal_value=0 0.00515135 -0.00910816 0.0115874 0.036313 -0.00524399 0.0463085 0.0636126 0.0636126 0.0656723 0.0799762 -0.0389358 -0.0552653 -0.059577
internal_weight=0 5.57354 3.82379 2.25747 1.74976 0.693726 1.06281 1.05603 0.574239 0.889667 0.794233 1.56632 27.5125 13.6119
internal_count=103061 4046 3949 465 97 40 183 57 47 95 63 3484 99015 46454
is_linear=0
shrinkage=0.05


Tree=37
num_leaves=15
num_cat=0
split_feature=29 13 1 2 10 11 11 10 28 10 11 10 2 28
split_gain=6.54648 1.16318 0.530609 1.12277 0.82593 0.551438 0.442194 0.521927 0.493311 0.47958 0.337378 0.343562 1.45893 0.336523
threshold=5.5000000000000009 71.91574287037038 0.81305270639611271 5.7965788290515023 0.55372670138888902 50.858644583333337 50.858644583333337 6.6597849942129637 0.026685134593005724 0.088287355324074099 46.495723472222231 1.3219617071759262 6.8265344882899663 0.1603607148841564
decision_type=2 10 8 2 10 8 10 8 10 10 10 10 2 8
left_child=-1 2 3 -2 -5 8 9 -8 -6 -4 11 12 -10 -11
right_child=1 -3 6 4 5 -7 7 -9 10 13 -12 -13 -14 -15
leaf_value=-0.055054351537375437 -0.048501755382370185 -0.048501755382370185 -0.048501755382370185 -0.048501755382370185 -0.048501755382370185 -0.048501755382370185 -0.048501755382370185 0.061774676484647011 -0.048501755382370185 0.026139399232880695 0.016471036643624589 0.061106460811539337 0.061106460811539337 0.081836222827702601
leaf_weight=26.267382260004315 0.71866248372954089 0.85627364086251478 0.097065277746877343 0.32281340131885405 0.12994617962976884 0.15372704277979221 0.23995004789068342 0.16102228674571961 0.34620009188074552 0.43198188288551342 0.57374928251374524 0.4846668703830801 0.23489457328105345 0.72866910328950885
leaf_count=99015 527 3322 18 18 7 9 25 2 13 62 4 5 3 31
internal_value=0 0.00502727 0.0149412 0.00227126 0.0197076 0.0321648 0.0375868 -0.00813552 0.0375868 0.0521635 0.0475874 0.0611065 0.0224122 0.0611065
internal_weight=0 5.47962 4.62335 2.96466 2.246 1.92318 1.65869 0.400972 1.76946 1.25772 1.63951 1.06576 0.581095 1.16065
internal_count=103061 4046 724 586 59 41 138 27 32 111 25 21 16 93
is_linear=0
shrinkage=0.05


Tree=38
num_leaves=15
num_cat=0
split_feature=29 13 1 28 9 28 13 28 13 21 27 1 13 16
split_gain=6.38135 1.10409 0.467599 0.481588 0.379001 0.301347 0.225802 0.180683 0.703168 0.247459 0.336525 1.00597 1.71511 1.80704
threshold=5.5000000000000009 71.91574287037038 0.81305270639611271 0.16367822394537249 95.138516747685202 0.026685134593005724 1.0000000180025095e-35 0.21805478827342281 51.074107725694454 0.044466403162055343 3.5000000000000004 0.25457791145955982 117.12871776620371 1.0000000180025095e-35
decision_type=2 10 10 10 2 10 10 8 10 10 2 8 10 8
left_child=7 2 5 4 6 -2 -4 9 -9 -1 11 12 -11 -14
right_child=1 -3 3 -5 -6 -7 -8 8 -10 10 -12 -13 13 -15
leaf_value=-0.053221071444376745 -0.04834767176114424 -0.04834767176114424 0.063481633174306148 0.063481633174306148 0.0027591251015794144 0.0027591251015794144 0.0027591251015794144 0.060874457702348506 -0.050011426770308509 -0.063506996716002309 -0.057869924482697781 -0.063506996716002309 -0.35175986749797505 -0.063506996716002309
leaf_weight=12.737801187565131 0.24351246205893673 0.81704448868338531 0.2438645018412634 0.81256305090065373 0.5223402628875915 2.6630904483376598 0.054984881513519213 0.14672613664778911 5.5856946464007029 0.20449445139138411 4.6289473710752365 1.5005954954880261 0.14481689211384463 0.075824539189236262
leaf_count=50578 101 3322 4 47 64 489 19 24 24560 909 18106 4090 384 364
internal_value=0 0.0051602 0.014789 0.0361914 0.00918779 0.00275913 0.0600659 -0.0549673 -0.0471732 -0.0572832 -0.0651773 -0.0827422 -0.150636 -0.248062
internal_weight=0 5.3574 4.54036 1.63375 0.82119 2.9066 0.298849 25.0249 5.73242 19.2925 6.55468 1.92573 0.425136 0.220641
internal_count=103061 4046 724 134 87 590 23 99015 24584 74431 23853 5747 1657 748
is_linear=0
shrinkage=0.05


Tree=39
num_leaves=15
num_cat=0
split_feature=29 13 11 10 9 10 11 2 28 10 10 11 10 9
split_gain=6.21082 1.03273 0.445377 1.09932 0.930641 0.696588 0.923063 0.649462 0.934347 0.643306 0.579 0.629707 0.431192 0.29818
threshold=5.5000000000000009 71.91574287037038 46.495723472222231 1.9209063368055557 100.18004585069446 2.0936338425925931 50.858644583333337 7.2143109430455565 0.14673623304533623 1.6372936574074075 0.088287355324074099 40.265619027777781 6.6597849942129637 108.77414811921298
decision_type=2 10 8 10 2 10 10 2 10 10 10 8 10 2
left_child=-1 2 3 7 5 -4 -7 8 9 -2 -10 -11 -8 -12
right_child=1 -3 4 -5 -6 6 12 -9 10 11 13 -13 -14 -15
leaf_value=-0.05483069580659742 -0.048179364156680712 -0.048179364156680712 -0.048179364156680712 0.12674014886740489 -0.048179364156680712 0.12960279754967838 -0.048179364156680712 0.092990416830617928 -0.048179364156680712 0.044834962401139294 0.074412341741435226 -0.048179364156680712 0.060640178131513706 0.044834962401139294
leaf_weight=23.858200526832228 0.75170795719235362 0.77984478717087657 0.1679381639405636 0.241470050823409 0.58181514110709076 0.23695701360702515 0.17208221218136477 0.24967513442970801 0.16953761293520142 0.24030846357345725 0.85211571634805361 0.17764746522880159 0.15530597337055951 0.53243059425309569
leaf_count=99015 268 3322 11 4 112 1 36 2 89 2 103 31 4 61
internal_value=0 0.0049653 0.0141163 0.0241408 -0.0104084 0.0275659 0.0544388 0.0158087 0.0087338 -0.0250219 0.0341397 0.0249554 3.65813e-05 0.044835
internal_weight=0 5.30884 4.52899 3.21489 1.3141 0.732283 0.564345 2.97342 2.72375 1.16966 1.55408 0.417956 0.327388 1.38455
internal_count=103061 4046 724 560 164 52 41 556 554 301 253 33 40 164
is_linear=0
shrinkage=0.05


Tree=40
num_leaves=15
num_cat=0
split_feature=29 13 13 11 10 1 1 11 10 10 11 10 11 13
split_gain=5.9427 0.95644 0.429946 0.847679 0.643489 0.800396 0.397398 0.275789 0.43099 0.190905 0.181888 0.738181 3.75276 2.02569
threshold=5.5000000000000009 71.91574287037038 1.0000000180025095e-35 50.858644583333337 1.3219617071759262 1.5103641729596473 0.38069650561820384 46.495723472222231 6.6597849942129637 2.0341295891203708 22.732870277777781 1.1254325520833335 26.688289166666671 117.12871776620371
decision_type=2 10 10 8 10 8 10 8 10 8 10 8 8 10
left_child=10 2 3 4 5 -2 -4 -8 -9 -6 -1 12 -12 -14
right_child=1 -3 6 -5 9 -7 7 8 -10 -11 11 -13 13 -15
leaf_value=-0.049867993387970731 0.0011994754200939418 -0.047995664549779743 -0.047995664549779743 0.0011994754200939418 0.066887501066425131 0.082911459282056982 0.0011994754200939418 -0.047995664549779743 0.0011994754200939418 0.11992662266322998 -0.067716408181435261 -0.051392879538150853 -0.051392879538150853 -0.44639382411658546
leaf_weight=10.473177505434792 0.30449663916145953 0.74458045310236265 0.33552734987461041 0.31851396301688994 0.56155359197991928 0.24864745158033341 1.7664868188554179 0.54215823239418615 0.1496530317235738 0.2430979758501054 3.1624614959627775 8.965896030027368 0.039395923259019111 0.1033755338938934
leaf_count=49677 43 3322 192 25 13 9 349 89 3 1 7778 41168 236 156
internal_value=0 0.00447155 0.0132109 0.0332298 0.0543725 0.0128572 0.00119948 0.00119948 -0.0333639 0.0829115 -0.0547079 -0.0588387 -0.0790366 -0.329784
internal_weight=0 5.21472 4.47014 1.67631 1.3578 0.553144 2.79383 2.4583 0.691811 0.804652 22.7443 12.2711 3.30523 0.142771
internal_count=103061 4046 724 91 66 52 633 441 92 14 99015 49338 8170 392
is_linear=0
shrinkage=0.05


Tree=41
num_leaves=15
num_cat=0
split_feature=29 13 11 11 1 2 9 11 11 11 11 11 2 11
split_gain=5.74669 0.898699 0.393187 0.965484 1.04057 1.91987 0.831485 0.727634 0.598801 0.688868 0.460894 0.404484 0.264358 0.16583
threshold=5.5000000000000009 71.91574287037038 46.495723472222231 46.101752083333338 0.80457473237755739 6.8265344882899663 100.18004585069446 13.289440833333336 50.247212222222224 50.858644583333337 2.004926666666667 159.83483986111113 4.9103174311290507 10.922714305555557
decision_type=2 10 10 8 8 2 2 10 10 10 8 10 2 10
left_child=13 2 3 4 5 -2 8 -7 -4 -10 -6 -11 -12 -1
right_child=1 -3 6 -5 10 7 -8 -9 9 11 12 -13 -14 -15
leaf_value=-0.047135706019437798 -0.047795344645489263 -0.047795344645489263 -0.047795344645489263 0.11673883186573462 -0.047795344645489263 -0.047795344645489263 -0.047795344645489263 0.051326300089728584 0.11202390747431129 -0.047795344645489263 -0.047795344645489263 0.05986873481039108 0.066553438149413419 -0.056981655795063903
leaf_weight=5.8464714421095687 1.0609668868132542 0.711162028418303 0.15835709901875794 0.24863824649946753 0.0945214026432942 0.1632973587838934 0.54998665307021632 0.55626774107804522 0.24711988866329193 0.16265797438829999 0.051091809162825186 0.14947739653871395 0.99792356390276526 15.925459052080733
leaf_count=29324 441 3322 7 8 14 6 112 7 1 36 69 4 19 69691
internal_value=0 0.00438822 0.012746 0.0221505 0.0141075 -0.009796 -0.010793 0.0513263 0.0251103 0.0496575 0.0513263 0.000281564 0.0608729 -0.0543377
internal_weight=0 5.15147 4.44031 3.17271 2.92407 1.78053 1.2676 0.719565 0.717612 0.559255 1.14354 0.312135 1.04902 21.7719
internal_count=103061 4046 724 564 556 454 160 13 48 41 102 40 88 99015
is_linear=0
shrinkage=0.05


Tree=42
num_leaves=15
num_cat=0
split_feature=29 13 11 10 1 2 9 10 10 11 10 0 2 11
split_gain=5.52618 0.845045 0.374033 0.837299 0.942008 1.83208 0.781539 0.671499 0.5589 0.604682 0.425023 0.390431 0.241488 0.160943
threshold=5.5000000000000009 71.91574287037038 46.495723472222231 1.9209063368055557 0.80457473237755739 6.8265344882899663 100.18004585069446 0.55372670138888902 2.0936338425925931 50.858644583333337 0.088287355324074099 8.9521299757946675 4.9103174311290507 10.922714305555557
decision_type=2 10 10 10 8 2 2 10 10 10 10 10 2 10
left_child=13 2 3 4 5 -2 8 -7 -4 -10 -6 -11 -12 -1
right_child=1 -3 6 -5 10 7 -8 -9 9 11 12 -13 -14 -15
leaf_value=-0.0468980029294171 -0.047577119700092929 -0.047577119700092929 -0.047577119700092929 0.10870234419986038 -0.047577119700092929 -0.047577119700092929 -0.047577119700092929 0.049505287959806833 0.10545078769086667 -0.047577119700092929 -0.047577119700092929 0.060374499989152453 0.06399319612217666 -0.056821760135343104
leaf_weight=5.5888247286834156 1.016484968766689 0.67950445150838668 0.15364100623992283 0.25353137578349549 0.090819803765043283 0.15688566857716058 0.53058173451364887 0.55974987323861569 0.24933202564716339 0.15787359938258308 0.048714975268400074 0.14230827994676118 0.98625480234162255 15.19034809250955
leaf_count=29324 441 3322 7 4 18 6 112 7 1 38 69 2 19 69691
internal_value=0 0.00427542 0.0123823 0.0216172 0.0138944 -0.0092375 -0.0109152 0.0495053 0.0240957 0.0479005 0.0495053 9.90446e-05 0.0586241 -0.0541526
internal_weight=0 5.02568 4.34618 3.11244 2.85891 1.73312 1.23374 0.716636 0.703155 0.549514 1.12579 0.300182 1.03497 20.7792
internal_count=103061 4046 724 564 560 454 160 13 48 41 106 40 88 99015
is_linear=0
shrinkage=0.05


Tree=43
num_leaves=15
num_cat=0
split_feature=29 13 11 9 10 1 28 10 10 11 10 1 0 11
split_gain=5.30974 0.79472 0.35593 0.735278 0.732636 0.852802 0.667038 1.23037 0.522893 0.535401 0.392355 0.387929 0.369746 0.156134
threshold=5.5000000000000009 71.91574287037038 46.495723472222231 100.18004585069446 1.9209063368055557 0.80457473237755739 0.08623443888946726 0.55372670138888902 2.0936338425925931 50.858644583333337 0.088287355324074099 0.38069650561820384 8.9521299757946675 10.922714305555557
decision_type=2 10 10 2 10 8 8 10 10 10 10 10 10 8
left_child=13 2 4 8 5 6 -2 -8 -4 -10 -7 -9 -11 -1
right_child=1 -3 3 -5 -6 10 7 11 9 12 -12 -13 -14 -15
leaf_value=-0.046644142044819058 -0.047339655559668695 -0.047339655559668695 -0.047339655559668695 -0.047339655559668695 0.10194618775750403 -0.047339655559668695 -0.047339655559668695 -0.047339655559668695 0.099901205207066343 -0.047339655559668695 0.056490139258024534 0.056490139258024534 0.059766677343508302 -0.056642425568030022
leaf_weight=5.3444709639253469 0.57129904715973368 0.64952678663136421 0.148987486376427 0.51173146629035615 0.25672555528581131 0.087250675511312381 0.43297315833549788 0.081238830665824935 0.2499997615814209 0.15161191407241859 1.0205485402299674 0.6017316147335805 0.1367095113504968 14.494129658206127
leaf_count=29324 162 3322 7 112 4 18 196 35 1 38 88 61 2 69691
internal_value=0 0.00417152 0.0120425 -0.0110396 0.0211114 0.0136867 -0.00869232 0.0139188 0.0231817 0.0463514 0.0477713 0.0477713 -8.08723e-05 -0.0539489
internal_weight=0 4.90033 4.25081 1.19904 3.05177 2.79504 1.68724 1.11594 0.687309 0.538321 1.1078 0.68297 0.288321 19.8386
internal_count=103061 4046 724 160 564 560 454 292 48 41 106 96 40 99015
is_linear=0
shrinkage=0.05


Tree=44
num_leaves=15
num_cat=0
split_feature=13 21 28 28 24 11 11 1 13 27 17 11 11 0
split_gain=4.84668 0.932918 0.712837 0.30323 0.359726 0.485924 0.214387 0.367634 0.109603 0.272146 0.439076 0.513231 1.60554 1.13666
threshold=71.91574287037038 0.41666666666666669 0.21805478827342281 0.14673623304533623 2610.1914838888893 4.3390787500000005 13.289440833333336 0.81305270639611271 117.12871776620371 4.5000000000000009 inf 26.395506111111114 27.010381250000005 -0.47437438000332893
decision_type=10 10 8 10 10 10 10 10 8 2 8 10 10 10
left_child=1 3 -3 -1 5 -5 7 -7 -2 10 -10 -12 13 -13
right_child=8 2 -4 4 -6 6 -8 -9 9 -11 11 12 -14 -15
leaf_value=0.0012618025979677433 -0.050432423273703654 -0.053667391099118777 0.011130194369524185 0.011130194369524185 0.011130194369524185 0.011130194369524185 0.10542611281328827 0.074004923236985987 -0.053667391099118777 -0.053667391099118777 -0.058996340758183732 -0.30739159868571708 -0.053667391099118777 -0.12666046000443901
leaf_weight=2.7265380383276354 10.942250953417039 0.57449355445744732 0.16517534565840553 0.14763773295243532 0.51560054412487721 0.10309182368876124 0.25932158471554545 0.44417146776502292 1.3769800817886773 4.9486381909920167 0.73164330187179116 0.13628937927910201 0.42186188778919131 0.24054041239506319
leaf_count=571 58201 29 12 89 103 60 26 15 8605 29519 3165 16 2623 27
internal_value=0 0.0020041 -0.049771 0.0111302 0.0294362 0.0493223 0.0679786 0.0502341 -0.0536674 -0.0581733 -0.0706638 -0.0892497 -0.116963 -0.192026
internal_weight=0 4.93603 0.739669 4.19636 1.46982 0.954223 0.806585 0.547263 18.7982 7.85595 2.90732 1.53033 0.798692 0.37683
internal_count=103061 905 41 864 293 190 101 75 102156 43955 14436 5831 2666 43
is_linear=0
shrinkage=0.05


Tree=45
num_leaves=15
num_cat=0
split_feature=29 13 29 28 9 28 2 9 2 1 0 28 13 21
split_gain=4.87824 0.685319 0.313488 0.428212 0.852259 0.410614 0.484055 0.460692 0.373132 0.558851 0.238471 0.129032 0.799904 0.192852
threshold=5.5000000000000009 71.91574287037038 6.5000000000000009 0.054259841737135307 95.138516747685202 0.14673623304533623 5.3416289125912204 111.68859796875002 6.8265344882899663 0.81305270639611271 0.37802262930934727 0.21805478827342281 51.074107725694454 0.044466403162055343
decision_type=2 10 2 10 2 10 2 2 2 10 10 8 10 10
left_child=11 2 5 4 -4 10 -7 8 9 -8 -2 13 -13 -1
right_child=1 -3 3 -5 -6 6 7 -9 -10 -11 -12 12 -14 -15
leaf_value=-0.051312783807462049 -0.046777391434119714 -0.046777391434119714 0.048273501317691397 0.048273501317691397 -0.046777391434119714 -0.017639367706623207 -0.017639367706623207 -0.017639367706623207 0.10533765542742679 0.066216277661140605 -0.017639367706623207 0.062933082190886655 -0.050008055878393902 -0.063613128317213649
leaf_weight=9.1584262634462963 0.42783715821860857 0.59186109359250227 0.22323866940210879 0.99292125933411268 0.35866311590420419 0.21592262161451692 0.15614305608323775 0.13100531391683035 0.25184734887443483 0.38654779433272779 1.0214004307531837 0.1632729085711605 3.9384827863586862 4.8870066184631797
leaf_count=50578 178 3322 9 54 30 193 16 15 2 5 222 24 24560 23853
internal_value=0 0.00356769 0.010721 0.0283139 -0.0057438 2.6685e-05 0.022456 0.0397207 0.0550396 0.0316977 -0.0176394 -0.0533142 -0.0455124 -0.0555926
internal_weight=0 4.75739 4.16553 1.57482 0.581902 2.5907 1.14147 0.925544 0.794538 0.542691 1.44924 18.1472 4.10176 14.0454
internal_count=103061 4046 724 93 39 631 231 38 23 21 400 99015 24584 74431
is_linear=0
shrinkage=0.05


Tree=46
num_leaves=15
num_cat=0
split_feature=29 13 1 11 11 13 10 13 11 1 13 0 11 13
split_gain=4.70841 0.641582 0.295645 0.302143 0.246505 0.311489 0.211015 0.283177 0.645227 0.324832 0.147355 0.131395 0.121068 0.764144
threshold=5.5000000000000009 71.91574287037038 1.3558538341364026 50.858644583333337 59.358032222222228 1.0000000180025095e-35 0.088287355324074099 1.0000000180025095e-35 46.495723472222231 0.38069650561820384 51.074107725694454 8.9521299757946675 10.922714305555557 51.074107725694454
decision_type=2 10 8 10 10 10 8 10 8 8 8 10 10 10
left_child=12 2 3 6 5 -4 -2 -8 9 -9 -11 -6 13 -1
right_child=1 -3 4 -5 11 -7 7 8 -10 10 -12 -13 -14 -15
leaf_value=0.062144248033207651 -0.04647183470302186 -0.04647183470302186 0.075478623284782484 -0.04647183470302186 0.0076413086731930147 0.0076413086731930147 0.037086089136735695 -0.04647183470302186 -0.04647183470302186 0.029149873796645766 -0.04647183470302186 0.058616137315240915 -0.055642811491473612 -0.050007655892601116
leaf_weight=0.15723121816401597 0.14558791606011959 0.56660582551291305 0.45443741350024786 0.21170697375803005 0.14652203063510827 0.074223464319631283 0.75306234119670978 0.24880859375116426 0.40200278483098362 1.480378618232393 0.061317552656440566 0.13363926112964963 12.702896224156165 4.4630684579513487
leaf_count=27 88 3322 17 120 4 13 50 123 27 132 145 5 69691 29297
internal_value=0 0.00340764 0.0102812 0.00364643 0.0373747 0.0574689 0.00764131 0.00764131 0.00154771 0.00764131 0.00764131 -0.00054291 -0.0531219 -0.0461911
internal_weight=0 4.67829 4.11169 3.30286 0.808822 0.528661 3.09116 2.94557 2.19251 1.7905 1.5417 0.280161 17.3232 4.6203
internal_count=103061 4046 724 685 39 30 565 477 427 400 277 9 99015 29324
is_linear=0
shrinkage=0.05


Tree=47
num_leaves=15
num_cat=0
split_feature=13 2 11 13 28 10 11 10 13 27 17 11 10 0
split_gain=4.30971 1.09423 0.602113 0.590883 0.686535 0.409263 1.01587 0.363839 0.111022 0.219906 0.315818 0.340329 0.866098 0.476547
threshold=71.91574287037038 4.842499511551134 53.766350138888896 1.0000000180025095e-35 0.14206249009234267 1.9031731712962967 46.495723472222231 1.3219617071759262 117.12871776620371 4.5000000000000009 inf 26.395506111111114 1.1254325520833335 -0.47437438000332893
decision_type=10 2 10 10 10 8 10 10 8 2 8 10 10 10
left_child=1 -1 3 7 5 -5 -7 -3 -2 10 -10 -12 13 -13
right_child=8 2 -4 4 -6 6 -8 -9 9 -11 11 12 -14 -15
leaf_value=-0.050705377814338731 -0.049453387256456177 0.030248115853541875 -0.050705377814338731 -0.050705377814338731 0.030248115853541875 0.030248115853541875 -0.050705377814338731 0.070224515743469593 -0.050772334853316482 -0.050772334853316482 -0.058094198633392616 -0.21816244416138281 -0.050772334853316482 -0.11081349247143601
leaf_weight=0.84487011888536434 9.5278571384282333 0.48751888523351528 0.30945380147032819 0.58647110238381905 1.187363260132227 0.24999359250068709 0.37922010311022791 0.75428974977694452 1.1716593373779676 4.2288722907158318 0.6432246666782413 0.17674255453308874 0.3583207647202471 0.24907839848984281
leaf_count=688 58201 16 39 78 70 1 8 5 8605 29519 3165 16 2623 27
internal_value=0 0.000945976 0.0119817 0.017678 0.00320611 -0.0232059 0.00485686 0.045683 -0.0529407 -0.0578069 -0.0692529 -0.085051 -0.107163 -0.15537
internal_weight=0 4.79918 3.95431 3.64486 2.40305 1.21568 0.629214 1.24181 16.3558 6.8279 2.59903 1.42737 0.784142 0.425821
internal_count=103061 905 217 178 157 87 9 21 102156 43955 14436 5831 2666 43
is_linear=0
shrinkage=0.05


Tree=48
num_leaves=15
num_cat=0
split_feature=29 13 1 2 11 10 2 7 11 13 13 27 11 10
split_gain=4.35633 0.557195 0.260546 0.66584 0.237173 0.23723 0.63197 1.05865 0.203743 0.170256 0.106897 0.186166 0.236556 0.646315
threshold=5.5000000000000009 71.91574287037038 1.3558538341364026 5.3416289125912204 54.562485555555561 1.9031731712962967 6.8265344882899663 0.041520274295862122 59.358032222222228 1.0000000180025095e-35 117.12871776620371 4.5000000000000009 25.88956416666667 1.1254325520833335
decision_type=2 10 10 2 10 8 2 10 10 10 10 2 10 8
left_child=10 2 3 -2 5 6 7 -5 9 -4 -1 12 -12 -14
right_child=1 -3 8 4 -6 -7 -8 -9 -10 -11 11 -13 13 -15
leaf_value=-0.049124276857916593 -0.045754726750673283 -0.045754726750673283 0.072368957752659557 -0.045754726750673283 -0.045754726750673283 0.035153971288257445 0.035153971288257445 0.035153971288257445 0.00038303677205406435 0.035153971288257445 -0.050764211808945893 -0.050764211808945893 -0.11716533645646249 -0.050764211808945893
leaf_weight=9.4300568782588776 0.48946167749935776 0.518280807440611 0.43569622294823651 0.74714281266773264 0.12145230203168456 0.76744379813317198 0.68823192187119264 0.42124585996498354 0.27425316278426237 0.075814459846243798 1.0337100467602878 3.9588277052678489 0.67202112554982718 0.76461801181878886
leaf_count=55852 587 3322 13 57 15 5 13 12 9 13 8036 29054 182 5891
internal_value=0 0.00303888 0.00932846 0.00305554 0.0126702 0.0158685 0.00608326 -0.0167607 0.035154 0.0537969 -0.0525137 -0.0574853 -0.068256 -0.0813871
internal_weight=0 4.53902 4.02074 3.23498 2.74552 2.62406 1.85662 1.16839 0.785764 0.511511 15.8592 6.42918 2.47035 1.43664
internal_count=103061 4046 724 689 102 87 82 69 35 26 99015 43163 14109 6073
is_linear=0
shrinkage=0.05


Tree=49
num_leaves=15
num_cat=0
split_feature=29 13 1 2 11 11 11 11 11 13 13 27 17 11
split_gain=4.17063 0.521727 0.237012 0.713363 0.57845 0.221396 0.59774 0.607663 0.497383 0.619783 0.106335 0.159841 0.227401 0.221814
threshold=5.5000000000000009 71.91574287037038 0.81305270639611271 5.7965788290515023 13.289440833333336 2.004926666666667 13.521292916666669 31.289583888888892 46.495723472222231 1.0000000180025095e-35 117.12871776620371 4.5000000000000009 inf 26.395506111111114
decision_type=2 10 10 2 10 8 8 8 8 10 10 2 8 10
left_child=10 2 3 -2 -5 -4 -6 -8 -9 -10 -1 12 -12 -14
right_child=1 -3 5 4 6 -7 7 8 9 -11 11 -13 13 -15
leaf_value=-0.048632918088343614 -0.045367662211797694 -0.045367662211797694 -0.045367662211797694 -0.045367662211797694 0.095544058588203626 0.030759816069146569 -0.045367662211797694 0.061339424032778589 0.030759816069146569 -0.045367662211797694 -0.05074331252696973 -0.05074331252696973 -0.057267688068493743 -0.098692733004948296
leaf_weight=9.0585158282312292 0.53740854562496476 0.49710583644229211 0.082778202398912759 0.27877522481139783 0.25194244971498791 1.2994546840225534 0.29286969290114928 0.58282891692942929 0.35282264696434151 0.28249884775141254 1.0580771066687926 3.7672656536431131 0.56125039771738217 0.76172095959581121
leaf_count=55852 531 3322 14 18 2 120 18 8 4 9 8605 29054 2987 2517
internal_value=0 0.0029156 0.00897457 2.12351e-05 0.013589 0.0256808 0.0242441 0.0123558 0.0279821 -0.00261914 -0.0520775 -0.0571526 -0.0672932 -0.0811188
internal_weight=0 4.45849 3.96138 2.57915 2.04174 1.38223 1.76296 1.51102 1.21815 0.635321 15.2068 6.14831 2.38105 1.32297
internal_count=103061 4046 724 590 59 134 41 39 21 13 99015 43163 14109 5504
is_linear=0
shrinkage=0.05


Tree=50
num_leaves=15
num_cat=0
split_feature=29 13 1 2 28 11 10 28 9 1 10 28 10 13
split_gain=3.98445 0.486457 0.221986 0.605789 0.315696 0.251681 0.269708 0.719119 0.382028 0.193739 0.178601 0.147437 0.265281 0.109371
threshold=5.5000000000000009 71.91574287037038 1.8113373733227773 5.1322213001133017 0.02101166364739512 50.858644583333337 1.2860860763888893 0.1397221832438437 111.68859796875002 0.38069650561820384 0.088287355324074099 0.087355123934522952 2.5202052372685189 117.12871776620371
decision_type=2 10 8 2 10 8 8 8 2 10 10 8 8 10
left_child=13 2 3 -2 -5 6 7 -6 9 -9 -11 12 -4 -1
right_child=1 -3 11 4 5 -7 -8 8 -10 10 -12 -13 -14 -15
leaf_value=-0.048121033267174373 -0.044951364775634051 -0.044951364775634051 -0.044951364775634051 -0.044951364775634051 -0.044951364775634051 -0.044951364775634051 0.035011990277569613 -0.044951364775634051 -0.044951364775634051 -0.044951364775634051 0.035011990277569613 0.070405744102881224 0.058210721560088469 -0.056953162079371004
leaf_weight=8.7060987041321845 0.436660737445702 0.47713224537575039 0.087627300259944266 0.17526311255642246 0.40558050402614809 0.11661618575453747 1.3754235362575853 0.066595335229067354 0.1306840432498706 0.074367206689203158 0.68045625541146493 0.22388393350439664 0.13014578780548597 5.867490780511095
leaf_count=55852 577 3322 8 13 33 10 19 9 18 4 15 15 3 43163
internal_value=0 0.00270606 0.00853161 0.00427251 0.0122623 0.0162996 0.0194068 0.00359767 0.0275007 0.035012 0.035012 0.0419139 0.0126225 -0.0516769
internal_weight=0 4.38044 3.9033 3.46165 3.02499 2.84972 2.73311 1.35768 0.952103 0.821419 0.754823 0.441657 0.217773 14.5736
internal_count=103061 4046 724 698 121 108 98 79 46 28 19 26 11 99015
is_linear=0
shrinkage=0.05


Tree=51
num_leaves=15
num_cat=0
split_feature=29 13 11 10 9 10 2 0 2 9 11 0 9 13
split_gain=3.82867 0.456672 0.217507 0.603566 0.580153 0.426894 0.4063 0.656129 0.660933 0.555949 0.344206 0.312825 0.249563 0.117305
threshold=5.5000000000000009 71.91574287037038 46.495723472222231 1.9209063368055557 100.18004585069446 2.0936338425925931 7.2143109430455565 2.2538736072280443 6.8265344882899663 105.38951306134261 50.858644583333337 8.9521299757946675 111.68859796875002 117.12871776620371
decision_type=2 10 10 8 2 10 2 8 2 2 10 10 2 10
left_child=13 2 3 6 5 -4 7 8 -2 -10 -7 -12 -9 -1
right_child=1 -3 4 -5 -6 10 -8 12 9 -11 11 -13 -14 -15
leaf_value=-0.047588997868540539 -0.044504604944143156 -0.044504604944143156 -0.044504604944143156 0.088852435704501367 -0.044504604944143156 0.084896000744544176 0.073300189309745231 0.03765071781957488 0.030543343585811702 -0.044504604944143156 -0.044504604944143156 0.058485196662019401 -0.044504604944143156 -0.056946760401671959
leaf_weight=8.371769980945734 0.76446844487436216 0.45830519855913854 0.13554388994816668 0.25592125154798839 0.43789058198950381 0.24208685755729675 0.2190756847267038 0.98755431420104156 0.25439842272317037 0.19945570651907474 0.12852111089159735 0.12403379387054714 0.085133854466069248 5.5819452165492338
leaf_count=55852 476 3322 7 8 112 1 2 48 6 5 38 2 19 43163
internal_value=0 0.00266648 0.00830505 0.0157054 -0.0108596 0.0204575 0.00824749 0.00202689 -0.0230808 0.0253005 0.0422944 0.00145857 0.0305433 -0.0513324
internal_weight=0 4.29239 3.83408 2.76601 1.06808 0.630186 2.51009 2.29101 1.21832 0.453854 0.494642 0.252555 1.07269 13.9537
internal_count=103061 4046 724 564 160 48 556 554 487 11 41 40 67 99015
is_linear=0
shrinkage=0.05


Tree=52
num_leaves=15
num_cat=0
split_feature=13 2 11 13 11 11 28 11 11 13 27 11 10 0
split_gain=3.61332 0.842507 0.503007 0.436066 0.615332 0.401241 0.920622 0.27664 0.140485 0.108092 0.12435 0.147676 0.34921 0.274688
threshold=71.91574287037038 4.842499511551134 52.21911027777778 1.0000000180025095e-35 46.495723472222231 46.101752083333338 0.1397221832438437 31.727080972222225 15.652159722222224 117.12871776620371 4.5000000000000009 25.88956416666667 1.1254325520833335 -0.50098104766801677
decision_type=10 2 8 10 10 10 8 10 10 10 2 10 10 10
left_child=1 -1 3 7 5 6 -5 -3 -8 -2 11 -11 13 -13
right_child=9 2 -4 4 -6 -7 8 -9 -10 10 -12 12 -14 -15
leaf_value=-0.047039355637302625 -0.047590516967227214 0.028554463316701986 -0.047039355637302625 -0.047039355637302625 -0.047039355637302625 0.041237528913191476 0.028554463316701986 0.063982431897794664 -0.047039355637302625 -0.050664086039102933 -0.050664086039102933 -0.14692722163825925 -0.050664086039102933 -0.079095584741775804
leaf_weight=0.76139351390747556 7.7142412046619802 0.44459563234891353 0.27649961323643069 0.50447336501412632 0.35705338858704561 0.2464199662208556 1.0913859603034712 0.69736898003611714 0.053372054691547155 0.85213567843901783 3.2616265981032062 0.2251185541507541 0.62290260916909024 0.44285755832473217
leaf_count=688 58201 16 39 78 8 1 64 5 6 8214 29519 49 6039 134
internal_value=0 0.000826615 0.0107539 0.0160681 0.00330899 0.0147986 0.0036651 0.0412375 0.0285545 -0.0513894 -0.0568117 -0.0661682 -0.0768376 -0.101956
internal_weight=0 4.43256 3.67117 3.39467 2.2527 1.89565 1.64923 1.14196 1.14476 13.1189 5.40464 2.14301 1.29088 0.667976
internal_count=103061 905 217 178 157 149 148 21 70 102156 43955 14436 6222 183
is_linear=0
shrinkage=0.05


Tree=53
num_leaves=15
num_cat=0
split_feature=29 13 1 2 28 1 2 10 1 10 2 28 10 13
split_gain=3.50753 0.398279 0.210068 0.531615 0.274957 0.157544 0.247211 0.151002 0.241229 0.487411 0.334821 0.219805 0.583506 0.143227
threshold=5.5000000000000009 71.91574287037038 1.8113373733227773 5.1322213001133017 0.02101166364739512 1.3558538341364026 5.3416289125912204 0.088287355324074099 0.81305270639611271 0.55372670138888902 5.7965788290515023 0.14673623304533623 1.1526994849537038 1.0000000180025095e-35
decision_type=2 10 10 2 10 8 2 10 10 8 2 10 8 10
left_child=-1 2 3 -2 -5 6 -6 -8 9 -9 -11 12 -12 -14
right_child=1 -3 -4 4 5 -7 7 8 -10 10 11 -13 13 -15
leaf_value=-0.050534236418445358 -0.043468038510233065 -0.043468038510233065 0.041281547640824694 -0.043468038510233065 -0.043468038510233065 0.041281547640824694 -0.043468038510233065 -0.043468038510233065 0.041281547640824694 -0.043468038510233065 -0.043468038510233065 0.041281547640824694 0.041281547640824694 0.011717414100210183
leaf_weight=12.826807198105529 0.39925264205954247 0.42229154359892751 0.41554156736634418 0.16087859947583671 0.14772991416794035 0.18660245581022028 0.077830316615291273 0.26514747059263766 0.33344784404410877 0.14689053874462854 0.25803093597642113 0.24873770333942946 0.54117517068516463 0.50921722120256163
leaf_count=99015 581 3322 22 13 16 3 6 27 7 17 14 3 5 10
internal_value=0 0.00252919 0.00779252 0.00354326 0.0111128 0.0149169 0.0112452 0.0151744 0.0175165 0.0101903 0.020111 0.0269675 0.0155168 0.0321803
internal_weight=0 4.11277 3.69048 3.27494 2.87569 2.71481 2.52821 2.38048 2.30265 1.9692 1.70405 1.55716 1.30842 1.05039
internal_count=103061 4046 724 702 121 108 105 89 83 76 49 32 29 15
is_linear=0
shrinkage=0.05


Tree=54
num_leaves=15
num_cat=0
split_feature=29 13 11 10 9 1 2 10 10 11 0 10 2 13
split_gain=3.37439 0.375428 0.197554 0.52033 0.510049 0.500543 1.16172 0.386451 0.378271 0.276574 0.292018 0.269094 0.160756 0.131092
threshold=5.5000000000000009 71.91574287037038 46.495723472222231 1.9209063368055557 100.18004585069446 0.80457473237755739 6.8265344882899663 0.55372670138888902 2.0936338425925931 50.858644583333337 8.9521299757946675 0.088287355324074099 4.9103174311290507 117.12871776620371
decision_type=2 10 10 8 2 8 2 10 10 10 10 10 2 10
left_child=13 2 3 5 8 6 -2 -8 -4 -10 -11 -7 -13 -1
right_child=1 -3 4 -5 -6 11 7 -9 9 10 -12 12 -14 -15
leaf_value=-0.045950800181223557 -0.042920817571631811 -0.042920817571631811 -0.042920817571631811 0.083280846951305443 -0.042920817571631811 -0.042920817571631811 -0.042920817571631811 0.03616820680401054 0.078852950696699078 -0.042920817571631811 0.058049384697040352 -0.042920817571631811 0.04928588696598396 -0.056508157475063762
leaf_weight=7.4329054587525496 0.78977053036552403 0.40669007972979754 0.12806699190696214 0.25203532626619551 0.40445346707101326 0.077224666398251207 0.12354085478000343 0.51373850856907666 0.23201942443847656 0.11974281878792682 0.11943661428095829 0.043091007844675566 0.81317662526365286 4.8649352089223425
leaf_count=55852 441 3322 7 8 112 14 6 7 1 38 2 69 19 43163
internal_value=0 0.00262615 0.00774838 0.0149919 -0.0111059 0.00770073 -0.010921 0.0361682 0.0189107 0.0399598 0.00223085 0.0361682 0.0442851 -0.0501272
internal_weight=0 4.02299 3.6163 2.61258 1.00372 2.36054 1.42705 0.637279 0.599266 0.471199 0.239179 0.933492 0.856268 12.2978
internal_count=103061 4046 724 564 160 556 454 13 48 41 40 102 88 99015
is_linear=0
shrinkage=0.05


Tree=55
num_leaves=15
num_cat=0
split_feature=13 2 11 13 11 10 28 10 11 13 27 17 11 10
split_gain=3.23961 0.719421 0.457996 0.342036 0.568661 0.329041 0.824079 0.226456 0.121793 0.113708 0.090734 0.11051 0.106913 0.181215
threshold=71.91574287037038 4.842499511551134 53.766350138888896 1.0000000180025095e-35 46.495723472222231 1.9031731712962967 0.14206249009234267 1.2538157928240743 13.521292916666669 117.12871776620371 4.5000000000000009 inf 26.395506111111114 1.1254325520833335
decision_type=10 2 10 10 8 8 10 8 8 10 2 8 8 10
left_child=1 -1 3 7 5 6 -5 -3 -8 -2 11 -11 -13 -14
right_child=9 2 -4 4 -6 -7 8 -9 -10 10 -12 12 13 -15
leaf_value=-0.044894054049317435 -0.046244586849634603 0.027947267254629971 -0.044894054049317435 -0.044894054049317435 -0.044894054049317435 0.03846550046899342 0.027947267254629971 0.06021656392583679 -0.044894054049317435 -0.050600718453978823 -0.050600718453978823 -0.055356696049967805 -0.10402016204457919 -0.050600718453978823
leaf_weight=0.70974516730973869 6.8124022889877427 0.4222890254153458 0.25879585578651765 0.45439427888127104 0.33271176627946841 0.24133570492267598 1.0608269904736545 0.65851066657342006 0.047568439875565915 0.76639108897999708 2.7957058940178539 0.44586353321562744 0.4797143942808112 0.22558315838591625
leaf_count=688 58201 16 39 78 8 1 64 5 6 8605 29519 3165 43 2623
internal_value=0 0.000980123 0.0103458 0.0155436 0.00394987 0.01522 0.00455141 0.0384655 0.0279473 -0.0503755 -0.0563461 -0.0647227 -0.0745214 -0.0866367
internal_weight=0 4.18618 3.47643 3.21764 2.13684 1.80413 1.56279 1.0808 1.1084 11.5257 4.71326 1.91755 1.15116 0.705298
internal_count=103061 905 217 178 157 149 148 21 70 102156 43955 14436 5831 2666
is_linear=0
shrinkage=0.05


Tree=56
num_leaves=15
num_cat=0
split_feature=13 2 1 28 11 0 29 13 2 27 17 11 11 0
split_gain=3.10166 0.658373 0.429609 0.191686 0.159602 0.226025 0.198157 0.112276 0.0999384 0.0769065 0.0923041 0.0865535 0.144912 0.0713843
threshold=71.91574287037038 4.842499511551134 2.1762995266665839 0.14206249009234267 13.289440833333336 5.4480066163567473 5.5000000000000009 117.12871776620371 5.4635185843601484 4.5000000000000009 inf 26.395506111111114 27.010381250000005 -0.47437438000332893
decision_type=10 2 8 10 10 8 2 8 2 2 8 10 10 10
left_child=1 2 -1 -3 5 6 -5 8 -2 10 -9 -12 13 -13
right_child=7 3 -4 4 -6 -7 -8 9 -10 -11 11 12 -14 -15
leaf_value=-0.04995030849430452 -0.04995030849430452 0.0098940955822255979 0.0098940955822255979 0.063739065343507428 0.061367113977035696 0.068266863710842812 0.0098940955822255979 -0.050580863404288051 -0.035806374179831686 -0.050580863404288051 -0.055142364239770897 -0.11801572461920767 -0.050580863404288051 -0.079377048332583869
leaf_weight=0.57967657747431611 4.7247735971973386 2.0515809350207084 0.11830727431492716 0.17115628531340366 0.29217643152451578 0.19638799991662348 0.71238509493919777 0.72858245339456951 1.8210920377413273 2.6603754645401843 0.42572553821376791 0.2442355366305673 0.21453063128251415 0.23412175532889989
leaf_count=675 50702 139 13 15 12 2 49 8605 7499 29519 3165 16 2623 27
internal_value=0 0.000871216 -0.043387 0.0098941 0.0285824 0.0197125 0.0098941 -0.0499503 -0.0457686 -0.0560229 -0.0638608 -0.0728858 -0.0837878 -0.0991049
internal_weight=0 4.12167 0.697984 3.42369 1.37211 1.07993 0.883541 11.0534 6.54587 4.50757 1.8472 1.11861 0.692888 0.478357
internal_count=103061 905 688 217 78 66 64 102156 58201 43955 14436 5831 2666 43
is_linear=0
shrinkage=0.05


Tree=57
num_leaves=15
num_cat=0
split_feature=13 2 11 13 11 10 28 10 11 13 2 27 0 21
split_gain=2.94568 0.599752 0.417312 0.302671 0.521279 0.312429 0.742705 0.230729 0.114852 0.109894 0.0685864 0.0645708 0.0707299 0.105727
threshold=71.91574287037038 4.842499511551134 52.21911027777778 1.0000000180025095e-35 46.495723472222231 1.9209063368055557 0.1397221832438437 1.3219617071759262 15.652159722222224 117.12871776620371 5.4635185843601484 4.5000000000000009 -0.51024540208794777 0.044466403162055343
decision_type=10 2 8 10 8 10 8 10 10 10 2 2 8 10
left_child=1 -1 3 7 5 6 -5 -3 -8 10 -2 12 13 -11
right_child=9 2 -4 4 -6 -7 8 -9 -10 11 -12 -13 -14 -15
leaf_value=-0.042520907622325847 -0.049528009639914002 0.025299931246471327 -0.042520907622325847 -0.042520907622325847 -0.042520907622325847 0.035605260504740111 0.025299931246471327 0.058032413461465537 -0.042520907622325847 -0.056548725989632759 -0.042520907622325847 -0.050561275077414758 -0.056548725989632759 -0.096553280966750352
leaf_weight=0.68002784712329356 4.4999062292741501 0.42119769079744107 0.25123768357014586 0.44020768571963637 0.32400663985556177 0.23903822898864735 1.0524575484498582 0.64395420404616743 0.048284858140746345 0.20252364828532288 1.7844700063638912 2.5315832641937863 1.2556503567103838 0.32178736319710344
leaf_count=688 50702 16 39 78 8 1 64 5 6 2570 7499 29519 10822 1044
internal_value=0 0.000365149 0.00889159 0.0138882 0.00289393 0.0137825 0.003094 0.0356053 0.0252999 -0.0495445 -0.0453268 -0.055692 -0.0629893 -0.0784136
internal_weight=0 4.10041 3.42038 3.16915 2.10399 1.77999 1.54095 1.06515 1.10074 10.5959 6.28438 4.31154 1.77996 0.524311
internal_count=103061 905 217 178 157 149 148 21 70 102156 58201 43955 14436 3614
is_linear=0
shrinkage=0.05


Tree=58
num_leaves=15
num_cat=0
split_feature=13 2 1 28 10 0 29 13 2 11 10 0 1 7
split_gain=2.81931 0.547572 0.420892 0.165901 0.152861 0.216015 0.187769 0.111053 0.126963 0.0430032 0.185215 0.0760422 0.035861 0.015633
threshold=71.91574287037038 4.842499511551134 2.1762995266665839 0.1397221832438437 0.55372670138888902 5.4480066163567473 5.5000000000000009 117.12871776620371 5.4635185843601484 25.88956416666667 1.1254325520833335 -0.51024540208794777 1.3558538341364026 0.041520274295862122
decision_type=10 2 10 8 10 8 2 8 2 10 10 10 8 10
left_child=1 2 -1 12 5 6 -5 8 -2 -9 11 -11 -3 -8
right_child=7 3 -4 4 -6 -7 13 9 -10 10 -12 -13 -14 -15
leaf_value=-0.049139473009498037 -0.049441657158009439 -0.0061590235358517636 0.0084535258390708006 0.058176581372522268 0.058176581372522268 0.058176581372522268 0.0084535258390708006 -0.050003924434144378 -0.033433352134807304 -0.10394130874252504 -0.050787324895205925 -0.068967923466722397 0.0084535258390708006 0.029894784455309832
leaf_weight=0.54819861287265359 4.2877345920073138 1.7306111771154968 0.12112693322952195 0.1626255748327512 0.28922681266003936 0.18774890002532618 0.30848656571541444 1.9194089131721757 1.7417029942675943 0.25387690344994007 1.5417168951877631 0.40078951829777121 0.28192796901856798 0.40999019384616986
leaf_count=679 50702 131 9 15 12 2 31 24922 7499 221 18333 479 8 18
internal_value=0 0.000250635 -0.0410578 0.00845353 0.0259291 0.0172031 0.00845353 -0.0491395 -0.0448174 -0.0554711 -0.0602489 -0.0825305 0.00845353 0.00845353
internal_weight=0 4.03994 0.669326 3.37062 1.35808 1.06885 0.881102 10.1452 6.02944 4.11579 2.19638 0.654666 2.01254 0.718477
internal_count=103061 905 688 217 78 66 64 102156 58201 43955 19033 700 139 49
is_linear=0
shrinkage=0.05


Tree=59
num_leaves=15
num_cat=0
split_feature=29 13 1 2 28 11 13 10 11 10 7 1 13 2
split_gain=2.70503 0.247674 0.181507 0.418217 0.233525 0.184934 0.485027 0.448559 0.489603 0.280913 0.471903 0.245957 0.131426 0.2503
threshold=5.5000000000000009 71.91574287037038 1.8113373733227773 5.1322213001133017 0.02101166364739512 46.495723472222231 1.0000000180025095e-35 1.3219617071759262 13.756118055555557 0.55372670138888902 0.041520274295862122 0.81305270639611271 116.70261164351852 4.842499511551134
decision_type=2 10 8 2 10 10 10 10 10 8 10 10 10 2
left_child=12 2 3 -2 -5 7 -7 8 9 10 -6 -12 13 -1
right_child=1 -3 -4 4 5 6 -8 -9 -10 -11 11 -13 -14 -15
leaf_value=-0.052177123941713269 -0.039286034192106217 -0.039286034192106217 0.038263929744597108 -0.039286034192106217 -0.039286034192106217 0.034726261279597798 -0.039286034192106217 0.038263929744597108 -0.039286034192106217 0.038263929744597108 -0.039286034192106217 0.038263929744597108 -0.055145348013950518 -0.031588888581101066
leaf_weight=3.4729547333166297 0.34860888756048458 0.33401218423268364 0.38289234863760446 0.15227569339913305 0.26225233154446692 0.31175014923792321 0.3158001521078404 0.67811646628251754 0.33652836042165291 0.23984889546409249 0.074817855405854061 0.29839586850721389 3.9605030026065045 2.5677363527763366
leaf_count=39695 577 3322 26 13 34 5 11 13 29 3 8 5 44365 14955
internal_value=0 0.00179943 0.00583409 0.00172027 0.00859614 0.012321 -0.0111967 0.0201299 0.000340042 0.0204826 -0.000987311 0.0359374 -0.0480667 -0.0434256
internal_weight=0 3.7353 3.40129 3.01839 2.66979 2.51751 0.62755 1.88996 1.21184 0.875315 0.635466 0.373214 10.0012 6.04069
internal_count=103061 4046 724 698 121 108 16 92 79 50 47 13 99015 54650
is_linear=0
shrinkage=0.05


Tree=60
num_leaves=15
num_cat=0
split_feature=13 2 1 11 10 1 10 13 27 17 11 10 1 11
split_gain=2.60892 0.481771 0.392513 0.150907 0.271404 0.37582 0.17955 0.112966 0.0433627 0.0483179 0.0423172 0.0669679 0.0269753 0.00367344
threshold=71.91574287037038 4.842499511551134 2.1762995266665839 10.467914027777779 0.40943510416666667 0.81305270639611271 0.088287355324074099 116.70261164351852 4.5000000000000009 inf 26.395506111111114 1.1254325520833335 0.25457791145955982 25.88956416666667
decision_type=10 2 8 8 10 10 10 8 2 8 10 10 10 10
left_child=1 2 -1 4 5 -3 -7 -2 9 -9 13 12 -12 -11
right_child=7 3 -4 -5 -6 6 -8 8 -10 10 11 -13 -14 -15
leaf_value=-0.048387470278655823 -0.043784778033538911 -0.048387470278655823 0.0078727472339046572 0.0078727472339046572 0.063703585034616886 0.0078727472339046572 0.058221827487792525 -0.050486375017518154 -0.050486375017518154 -0.050486375017518154 -0.096810035990309101 -0.050486375017518154 -0.072664673771401317 -0.060373616450874634
leaf_weight=0.51703330717678264 5.4874564936436618 0.18047852348184651 0.11710075712232815 2.4128491922661564 0.33870681439293548 0.07144451070780633 0.29048903814238919 0.59649361992732064 2.2440451189949604 0.21264632245289974 0.2498014614978743 0.1766472905972023 0.21543681946388915 0.14399879807048419
leaf_count=675 56980 46 13 156 4 3 8 8721 30515 3192 19 2669 24 36
internal_value=0 0.000189766 -0.039719 0.00787275 0.028565 0.00787275 0.036058 -0.0483875 -0.0549664 -0.0612694 -0.0679994 -0.0756719 -0.0856291 -0.0541905
internal_weight=0 3.9281 0.634134 3.29397 0.881119 0.542412 0.361934 9.32653 3.83907 1.59502 0.998531 0.641886 0.465238 0.356645
internal_count=103061 905 688 217 61 57 11 102156 45176 14661 5940 2712 43 3228
is_linear=0
shrinkage=0.05


Tree=61
num_leaves=15
num_cat=0
split_feature=13 2 1 11 10 1 10 13 11 10 0 13 11 11
split_gain=2.47637 0.440479 0.380728 0.144978 0.259524 0.348913 0.17668 0.114148 0.0276014 0.112802 0.04057 0.00511882 0.00278088 0.00180282
threshold=71.91574287037038 4.842499511551134 2.1762995266665839 10.467914027777779 0.40943510416666667 0.81305270639611271 0.062119612268518525 116.70261164351852 25.88956416666667 1.1254325520833335 -0.51024540208794777 134.50480762731485 204.20192666666671 26.688289166666671
decision_type=10 2 8 10 10 10 8 8 10 10 10 10 10 10
left_child=1 2 -1 4 5 -3 -7 -2 -9 10 13 -12 -11 -10
right_child=7 3 -4 -5 -6 6 -8 8 9 12 11 -13 -14 -15
leaf_value=-0.047917686299152454 -0.043215302599741351 -0.047917686299152454 0.0071827546064559718 0.0071827546064559718 0.062832114395905567 0.0071827546064559718 0.057431938226490821 -0.050003365750120092 -0.070807436593200379 -0.049919290917992472 -0.058814952182609362 -0.070807436593200379 -0.057576684506719836 -0.092411715366288963
leaf_weight=0.50130793390797235 5.2868927855373613 0.17269370475443169 0.11642965863898835 2.4192365925204151 0.32654272091167513 0.071923902207345222 0.2800259600797933 1.6908522091014273 0.0033589731556465099 1.2291036032722904 0.15327830748316262 0.21211482023296213 0.13122481603568315 0.24889125011685317
leaf_count=675 56980 46 13 156 4 3 8 25600 188 18666 394 104 180 44
internal_value=0 -0.000131336 -0.0388536 0.00718275 0.0278179 0.00718275 0.0346413 -0.0479177 -0.054694 -0.0587037 -0.076424 -0.0657767 -0.050658 -0.091847
internal_weight=0 3.88816 0.617738 3.27042 0.851186 0.524644 0.35195 8.95572 3.66882 1.97797 0.617643 0.365393 1.36033 0.25225
internal_count=103061 905 688 217 61 57 11 102156 45176 19576 730 498 18846 232
is_linear=0
shrinkage=0.05


Tree=62
num_leaves=15
num_cat=0
split_feature=29 1 2 1 2 13 2 13 27 10 1 10 2 21
split_gain=2.3665 0.202577 0.567028 0.149442 0.169939 0.135292 0.286509 0.2774 0.229993 0.114993 0.215618 0.349107 0.348633 0.10024
threshold=5.5000000000000009 1.8113373733227773 5.1322213001133017 1.3558538341364026 5.3416289125912204 116.70261164351852 4.842499511551134 51.074107725694454 4.5000000000000009 0.088287355324074099 0.81305270639611271 0.55372670138888902 5.7965788290515023 0.042572463768115944
decision_type=2 8 2 8 2 10 2 8 2 10 8 8 2 8
left_child=5 2 -2 4 -4 6 -1 8 -8 -6 11 -11 -13 -9
right_child=1 -3 3 -5 9 -7 7 13 -10 10 -12 12 -14 -15
leaf_value=-0.051989548877857727 -0.050489431094603111 0.034170250141446819 -0.050489431094603111 0.034170250141446819 -0.050489431094603111 -0.054511105699219381 -0.034213002770531374 -0.034213002770531374 0.060976147825083038 -0.050489431094603111 0.034170250141446819 -0.050489431094603111 0.017966230640046509 -0.051989548877857727
leaf_weight=3.0465024924242479 0.52316549850759297 0.41633383753770381 0.13397198851271319 0.16256136616209804 0.077329954307061022 3.4465572673935636 0.067330651132848807 1.399921104787391 0.14761114674142872 0.25191796979925163 0.27958984766372252 0.19800266965467028 1.5406323884089941 0.75982151622653038
leaf_count=39695 3427 52 84 20 25 44365 26 8931 22 141 72 76 149 5976
internal_value=0 0.00138145 -0.00292873 0.00648203 0.00306687 -0.0467655 -0.0418412 -0.0288219 0.0253484 0.00619349 0.00823906 0.00195726 0.00993568 -0.034213
internal_weight=0 3.58351 3.16717 2.64401 2.48144 8.86774 5.42119 2.37468 0.214942 2.34747 2.27014 1.99055 1.73864 2.15974
internal_count=103061 4046 3994 567 547 99015 54650 14955 48 463 438 366 225 14907
is_linear=0
shrinkage=0.05


Tree=63
num_leaves=15
num_cat=0
split_feature=29 13 13 2 13 28 10 11 13 11 10 0 10 0
split_gain=2.27495 0.182724 0.138296 0.295689 0.25249 0.218412 0.136985 0.173141 0.213108 0.411746 0.218731 0.306631 0.218036 0.160495
threshold=5.5000000000000009 71.91574287037038 116.70261164351852 4.842499511551134 51.074107725694454 0.045182006166407045 0.088287355324074099 4.6339758333333343 1.0000000180025095e-35 50.858644583333337 1.2538157928240743 2.8482106465044823 0.55372670138888902 2.2538736072280443
decision_type=2 10 10 2 10 8 10 10 10 8 8 8 10 10
left_child=2 6 3 -1 5 -5 -2 13 9 10 11 -9 -10 -8
right_child=1 -3 -4 4 -6 -7 7 8 12 -11 -12 -13 -14 -15
leaf_value=-0.051928969716330778 -0.036536632026668334 -0.036536632026668334 -0.054406810081100321 -0.033140884123451883 -0.033140884123451883 0.060326867237504217 -0.036536632026668334 -0.008620775364593828 -0.036536632026668334 -0.008620775364593828 0.054315804784735383 0.054315804784735383 -0.008620775364593828 0.057331083021108481
leaf_weight=2.9012187958978299 0.10814852684114695 0.2907581030337546 3.2845948435194652 0.06529458534590038 2.0996992484820804 0.14188484578912497 0.040277244296600623 0.17462155584637867 0.32047666412836373 0.22271041209438946 0.6143734827061792 0.16307467230976669 1.3253803010226626 0.26120250323887328
leaf_count=39695 93 3322 44365 18 14907 30 39 37 104 21 14 8 401 7
internal_value=0 0.00142864 -0.0463725 -0.0413054 -0.0279448 0.0247156 0.00484592 0.00683993 0.00299046 0.0192577 0.0365478 0.00422241 -0.00862078 0.0428554
internal_weight=0 3.52102 8.49269 5.2081 2.30688 0.207179 3.23027 3.12212 2.82064 1.17478 0.95207 0.337696 1.64586 0.30148
internal_count=103061 4046 99015 54650 14955 48 724 631 585 80 59 45 505 46
is_linear=0
shrinkage=0.05


Tree=64
num_leaves=15
num_cat=0
split_feature=13 11 21 10 10 11 10 11 28 9 10 11 10 24
split_gain=2.14378 0.227903 0.502855 0.273601 0.24818 0.508149 0.447589 0.326014 0.516763 0.424331 0.310029 0.199147 0.270373 0.152688
threshold=71.91574287037038 10.467914027777779 0.41666666666666669 0.088287355324074099 0.55372670138888902 13.521292916666669 1.3219617071759262 46.495723472222231 0.02101166364739512 100.18004585069446 2.0936338425925931 50.858644583333337 6.6597849942129637 3181.5537316666673
decision_type=10 8 10 8 10 10 10 10 10 2 10 10 10 8
left_child=1 3 4 -1 -3 -6 -7 8 -8 10 -9 -12 -13 -10
right_child=-2 2 -4 -5 5 6 7 9 13 -11 11 12 -14 -15
leaf_value=-0.046633194726238281 -0.046633194726238281 -0.046633194726238281 -0.046633194726238281 0.03406077633017722 0.075328298325541276 -0.046633194726238281 -0.046633194726238281 -0.046633194726238281 0.056135827546581488 -0.046633194726238281 0.070890854326732117 -0.046633194726238281 0.056903407836507429 -0.046633194726238281
leaf_weight=0.10517096190104279 7.8953216065103433 0.19426533962283432 0.38129547522732199 0.70709522935254698 0.23640239313546674 0.3745195113749612 0.1480065510986619 0.11533237693220144 0.63278576425473099 0.35345017860952721 0.20784796844573147 0.10947432117739078 0.11431686033029109 0.03463015086890664
leaf_count=100 102156 45 30 160 5 262 12 10 80 135 3 55 4 4
internal_value=0 -0.000572069 -0.00712394 0.0228386 0.00128062 0.005846 -0.00201186 0.00884469 0.0317471 -0.0118957 0.0160239 0.0356501 0.00292001 0.0505344
internal_weight=0 3.71459 2.90233 0.812266 2.52103 2.32677 2.09036 1.71584 0.815422 0.900422 0.546972 0.431639 0.223791 0.667416
internal_count=103061 905 645 260 615 570 565 303 96 207 72 62 59 84
is_linear=0
shrinkage=0.05


Tree=65
num_leaves=15
num_cat=0
split_feature=29 1 2 11 2 1 10 2 9 2 11 29 21 10
split_gain=2.04578 0.1792 0.496863 0.166841 0.157927 0.150868 0.380187 0.514481 0.387713 0.133861 0.260722 0.241033 0.229715 0.368607
threshold=5.5000000000000009 1.8113373733227773 5.1322213001133017 50.858644583333337 7.2143109430455565 0.81305270639611271 1.9209063368055557 6.8265344882899663 104.65259528356482 4.842499511551134 26.149279305555556 4.5000000000000009 0.042572463768115944 1.0787318402777781
decision_type=2 10 2 8 2 10 10 2 2 2 8 2 8 8
left_child=9 2 -2 4 5 6 7 -4 -9 -1 11 12 13 -11
right_child=1 -3 3 -5 -6 -7 -8 8 -10 10 -12 -13 -14 -15
leaf_value=-0.051232451510583976 -0.050322338335484766 0.032552957583456492 -0.050322338335484766 -0.050322338335484766 0.032552957583456492 0.027232926698262216 0.025357523575174942 0.025357523575174942 -0.050322338335484766 -0.046589164299861922 -0.051232451510583976 0.027209221738029338 -0.051232451510583976 0.0073560518980300459
leaf_weight=4.4539981604956944 0.47017785356890396 0.39822005208139843 0.59789172187265782 0.10957044079987088 0.17373256647260849 0.5386871728264061 0.68848577872267924 0.23289412490703398 0.1593583636713447 0.63293965272162189 1.2603976868144111 0.18681788883311146 0.66143499065505662 0.63371350235956936
leaf_count=72285 3431 48 307 106 12 88 11 13 30 8986 11707 81 5905 51
internal_value=0 0.00105645 -0.00316549 0.00570115 0.00847309 0.00420984 -0.00317848 -0.0230207 0.0215146 -0.0455411 -0.0380308 -0.0270179 -0.0322721 -0.0196001
internal_weight=0 3.36902 2.9708 2.50062 2.39105 2.21732 1.67863 0.990144 0.392252 7.8293 3.3753 2.11491 1.92809 1.26665
internal_count=103061 4046 3998 567 461 449 361 350 43 99015 26730 15023 14942 9037
is_linear=0
shrinkage=0.05


Tree=66
num_leaves=15
num_cat=0
split_feature=29 1 2 13 2 13 27 1 2 21 10 1 10 2
split_gain=1.97337 0.161641 0.475586 0.14802 0.322146 0.200717 0.196448 0.12215 0.152002 0.106411 0.101116 0.177649 0.295919 0.302931
threshold=5.5000000000000009 1.8113373733227773 5.1322213001133017 116.70261164351852 4.842499511551134 51.074107725694454 4.5000000000000009 1.3558538341364026 5.3416289125912204 0.042572463768115944 0.088287355324074099 0.81305270639611271 0.55372670138888902 5.7965788290515023
decision_type=2 8 2 10 2 10 2 8 2 8 10 8 8 2
left_child=3 2 -2 4 -1 6 -6 8 -4 -7 -10 12 -12 -14
right_child=1 -3 7 -5 5 9 -8 -9 10 -11 11 -13 13 -15
leaf_value=-0.05175636590782845 -0.050229175967265116 0.03127813731814956 -0.050229175967265116 -0.054099186486451956 -0.030172510322273589 -0.030172510322273589 0.059144467876040108 0.03127813731814956 -0.050229175967265116 -0.050195503156488519 -0.050229175967265116 0.03127813731814956 -0.050229175967265116 0.016530452630892999
leaf_weight=2.5194171211249019 0.44805591031521341 0.39384259095113749 0.1226500336142643 2.8717909244016049 0.061528548664006422 1.2711429804556438 0.13071392760137196 0.14642303485144159 0.070225587238383347 0.66354526351319365 0.22110825017443869 0.25239487607255284 0.17946218990982754 1.4628666398857602
leaf_count=39695 3427 52 84 44365 26 8931 22 20 25 5976 141 72 76 149
internal_value=0 0.00122007 -0.00285757 -0.0451753 -0.0396597 -0.0253307 0.0233958 0.00578765 0.00258588 -0.0301725 0.00562567 0.00758766 0.00168775 0.00900514
internal_weight=0 3.29703 2.90319 7.51814 4.64635 2.12693 0.192242 2.45513 2.30871 1.93469 2.18606 2.11583 1.86344 1.64233
internal_count=103061 4046 3994 99015 54650 14955 48 567 547 14907 463 438 366 225
is_linear=0
shrinkage=0.05


Tree=67
num_leaves=15
num_cat=0
split_feature=29 13 12 11 10 1 13 11 13 11 1 10 10 11
split_gain=1.89351 0.151039 0.210369 0.151218 0.156624 0.146544 0.269707 0.215789 0.128098 0.434374 0.245475 0.148095 0.191958 0.379699
threshold=5.5000000000000009 116.70261164351852 1.0000000180025095e-35 27.010381250000005 1.0787318402777781 1.8113373733227773 51.074107725694454 50.858644583333337 1.0000000180025095e-35 46.869039305555567 0.37388349415871985 1.2538157928240743 1.9209063368055557 13.521292916666669
decision_type=2 10 2 10 8 10 10 8 10 10 8 8 10 10
left_child=1 2 -1 4 -4 6 7 8 11 10 -10 -2 13 -12
right_child=5 -3 3 -5 -6 -7 -8 -9 9 -11 12 -13 -14 -15
leaf_value=-0.050327923460224355 0.017834288225756181 -0.053986232630481634 -0.035873095375097475 -0.050327923460224355 -0.006030127811009544 0.030031786223550311 -0.050011626958575355 -0.050011626958575355 -0.050011626958575355 -0.050011626958575355 0.017834288225756181 0.030031786223550311 0.030031786223550311 -0.050011626958575355
leaf_weight=2.1524941996640345 0.22576645328165235 2.7373048746718247 0.90834672285565954 0.55729198302908756 0.85207795428470623 0.3897843952441743 0.2719725218369996 0.1621104864199906 0.14084276597714018 0.3004539088724415 0.72484819577655646 0.5622408289352171 0.22899481747299433 0.2343888184914249
leaf_count=37916 44 44365 8958 7499 277 48 3625 74 61 15 78 13 2 86
internal_value=0 -0.0447366 -0.0390726 -0.0286197 -0.0214285 0.00127632 -0.00265424 0.00233866 0.00609072 -0.00191293 0.0104329 0.0226415 0.0178343 0.0038672
internal_weight=0 7.20752 4.47021 2.31772 1.76042 3.2414 2.85162 2.57965 2.41754 1.62953 1.32907 0.788007 1.18823 0.959237
internal_count=103061 99015 54650 16734 9235 4046 3998 373 299 242 227 57 166 164
is_linear=0
shrinkage=0.05


Tree=68
num_leaves=15
num_cat=0
split_feature=29 2 13 28 13 10 21 10 1 2 10 11 11 11
split_gain=1.81438 0.162092 0.324682 0.246292 0.287458 0.181257 0.182818 0.140522 0.152146 0.45005 0.335404 0.200438 0.162751 0.249964
threshold=5.5000000000000009 4.842499511551134 116.70261164351852 0.090908387470189297 51.074107725694454 1.0500420949074076 0.042572463768115944 0.088287355324074099 0.81305270639611271 5.7965788290515023 0.55372670138888902 51.507431388888897 10.467914027777779 13.521292916666669
decision_type=2 2 8 8 8 8 8 8 8 2 8 10 10 8
left_child=1 -1 3 -3 -5 -6 -7 -2 9 -9 -11 13 -10 -12
right_child=7 2 -4 4 5 6 -8 8 12 10 11 -13 -14 -15
leaf_value=-0.05112812468174828 -0.052080974056912602 -0.050835836191749653 -0.05112812468174828 0.058934385669409055 -0.049134439255349681 0.0046742984658622927 -0.046769557467936429 -0.05043171277296124 0.051221066026923529 -0.05043171277296124 0.051221066026923529 -0.05043171277296124 0.019401149620103211 0.010492347704124199
leaf_weight=3.8398690527520842 0.11855652444023362 0.58658639957583292 1.0627810866696021 0.12861662105975935 0.36837877932485202 0.71406423119557705 0.22779173799244745 0.42174422099120645 0.40185082922703397 0.20334670387092013 0.22458240317064282 0.094494875716918725 0.59851252147765033 1.1207406155008357
leaf_count=72285 467 8146 11775 19 6319 278 193 2676 137 91 4 45 526 100
internal_value=0 -0.0442694 -0.0357414 -0.0235286 -0.0123961 -0.0193981 -0.00776761 0.00133097 0.0033968 -0.00435664 0.00746925 0.0159639 0.0194011 0.0194011
internal_weight=0 6.92809 3.08822 2.02544 1.43885 1.31023 0.941856 3.18383 3.06527 2.06491 1.64316 1.43982 1.00036 1.34532
internal_count=103061 99015 26730 14955 6809 6790 471 4046 3579 2916 240 149 663 104
is_linear=0
shrinkage=0.05


Tree=69
num_leaves=15
num_cat=0
split_feature=29 10 11 10 28 0 9 10 29 11 0 29 28 11
split_gain=1.72989 0.132277 0.146407 0.403529 0.340963 0.347694 0.330617 0.269624 0.208585 0.203629 0.25865 0.141479 0.121351 0.115429
threshold=5.5000000000000009 0.088287355324074099 46.495723472222231 1.9209063368055557 0.08623443888946726 2.9589234698599536 99.395999988425942 2.0936338425925931 6.5000000000000009 50.858644583333337 8.9521299757946675 6.5000000000000009 0.14673623304533623 26.149279305555556
decision_type=2 10 10 8 8 10 2 8 2 10 10 2 10 10
left_child=13 -2 3 4 5 -3 7 -4 12 -9 -11 -7 -6 -1
right_child=1 2 6 -5 8 11 -8 9 -10 10 -12 -13 -14 -15
leaf_value=-0.038643159075323327 -0.051980515183603193 -0.051837482652398882 -0.049708440687943466 0.072666993053884826 -0.036772464816933047 -0.051353823289245037 -0.049708440687943466 0.067888242586568212 0.05801107434008046 -0.049708440687943466 0.056344430692933205 0.057476511370716681 0.011790484588080538 -0.052140819963838708
leaf_weight=4.0494796949047709 0.11298690691746838 0.44487310819312043 0.11235899405437531 0.23095904755973551 0.15313950419278832 0.038252447996571126 0.37403894800583837 0.19429174027754925 0.31701173335330901 0.1158339194698783 0.099921897161951781 0.13616210711188614 0.80404915405894972 2.6015105354220225
leaf_count=56663 471 1005 29 13 560 79 732 2 34 172 2 2 945 42352
internal_value=0 0.0011353 0.00312193 0.0102722 0.00266155 -0.0277729 -0.0138232 0.0118704 0.0174533 0.0307581 -0.00267824 0.0174533 0.0174533 -0.0439227
internal_weight=0 3.13388 3.02089 2.12445 1.89349 0.619288 0.896445 0.522407 1.2742 0.410048 0.215756 0.174415 0.957189 6.65099
internal_count=103061 4046 3575 2638 2625 1086 937 205 1539 176 174 81 1505 99015
is_linear=0
shrinkage=0.05


Tree=70
num_leaves=15
num_cat=0
split_feature=29 2 11 29 21 11 28 11 11 11 1 2 9 11
split_gain=1.62873 0.185561 0.255665 0.201429 0.243871 0.350622 0.168733 0.125243 0.137051 0.372591 0.349768 0.858571 0.309347 0.254919
threshold=5.5000000000000009 4.842499511551134 26.149279305555556 4.5000000000000009 0.042572463768115944 25.88956416666667 0.25944700984312641 2.1188965277777783 46.495723472222231 46.101752083333338 0.81305270639611271 6.8265344882899663 99.395999988425942 50.247212222222224
decision_type=2 2 10 2 8 8 8 8 10 8 8 2 2 10
left_child=1 -1 3 4 5 -3 -5 -2 9 10 11 -9 13 -10
right_child=7 2 -4 6 -6 -7 -8 8 12 -11 -12 -13 -14 -15
leaf_value=-0.051061284986544622 -0.051884837130063026 -0.045015081969169292 -0.051061284986544622 -0.051061284986544622 -0.051061284986544622 0.010744147979938277 0.058302384780097062 -0.051207273764334697 -0.0491160365268411 0.070576576115000941 0.031664661012011527 0.031664661012011527 -0.0491160365268411 0.030337974779842014
leaf_weight=3.5024655037278007 0.1076696581200703 0.51886508320693647 1.0531841966025655 0.047173583577556577 0.54805279416823482 0.61741425872060074 0.12733405480375398 0.6680662714072616 0.10820167493147914 0.22603507201711126 0.66343357369281508 0.52104239894833881 0.35998088269103301 0.39454687702207947
leaf_count=72285 467 8986 11707 58 5905 51 23 2125 29 17 450 50 732 176
internal_value=0 -0.043307 -0.0339804 -0.0227609 -0.0280588 -0.0147175 0.028374 0.00108064 0.0030195 0.00997287 0.0025784 -0.0136496 -0.0137333 0.0116017
internal_weight=0 6.41449 2.91202 1.85884 1.68433 1.13628 0.174508 3.04898 2.94131 2.07858 1.85254 1.18911 0.862729 0.502749
internal_count=103061 99015 26730 15023 14942 9037 81 4046 3579 2642 2625 2175 937 205
is_linear=0
shrinkage=0.05


Tree=71
num_leaves=15
num_cat=0
split_feature=13 2 11 28 13 11 10 10 11 2 13 1 28 1
split_gain=1.55602 0.251452 0.292498 0.187178 0.192065 0.402791 0.30102 0.321799 0.377898 0.165665 0.245502 0.0676121 0.0510415 0.0357099
threshold=71.91574287037038 4.842499511551134 52.21911027777778 0.02101166364739512 1.0000000180025095e-35 46.495723472222231 1.3219617071759262 1.9209063368055557 13.756118055555557 5.4635185843601484 116.70261164351852 2.1762995266665839 0.1397221832438437 1.5103641729596473
decision_type=10 2 8 10 10 10 10 10 10 2 8 10 8 10
left_child=1 11 3 -3 6 7 13 8 12 -2 -11 -1 -6 -5
right_child=9 2 -4 4 5 -7 -8 -9 -10 10 -12 -13 -14 -15
leaf_value=-0.049521385950331204 -0.049521385950331204 -0.034274114446775521 -0.034274114446775521 0.015517751309541722 -0.05174400137268971 -0.034274114446775521 0.062074472591229814 0.062074472591229814 -0.034274114446775521 -0.018698923538954606 -0.049521385950331204 -0.034274114446775521 0.015517751309541722 0.059342661670991427
leaf_weight=0.37626430047428649 4.0661417075160795 0.12257711612619671 0.2145247490634018 0.19446374438842864 0.034637700318397746 0.2672397779706891 0.46807095385156572 0.21399225294589985 0.25592523674500545 1.3108912272048463 0.56519735337212851 0.09336579804415257 0.82577302258020702 0.13264977936555519
leaf_count=679 88830 7 39 10 12 8 4 1 67 7424 5902 9 64 5
internal_value=0 -0.000479334 0.00533455 0.010373 0.0135908 0.00359655 0.0336697 0.0155178 0.00459678 -0.0437284 -0.0342741 -0.0342741 0.0155178 0.0155178
internal_weight=0 3.19948 2.72985 2.51533 2.39275 1.59757 0.795184 1.33033 1.11634 5.94223 1.87609 0.46963 0.860411 0.327114
internal_count=103061 905 217 178 171 152 19 144 143 102156 13326 688 76 15
is_linear=0
shrinkage=0.05


Tree=72
num_leaves=15
num_cat=0
split_feature=13 2 11 2 13 2 11 10 10 11 13 11 10 0
split_gain=1.46693 0.220827 0.271993 0.17706 0.244676 0.16467 0.170503 0.344947 0.245379 0.232429 0.210736 0.432304 0.185 0.19699
threshold=71.91574287037038 4.842499511551134 53.766350138888896 5.4635185843601484 116.70261164351852 7.2143109430455565 13.756118055555557 1.6372936574074075 0.55372670138888902 10.467914027777779 1.0000000180025095e-35 46.495723472222231 0.40943510416666667 1.9516180126307574
decision_type=10 2 10 2 8 2 10 10 10 10 10 10 8 8
left_child=1 -1 5 -2 -5 6 8 -8 9 12 -9 -12 13 -3
right_child=3 2 -4 4 -6 -7 7 10 -10 -11 11 -13 -14 -15
leaf_value=-0.032755853705661322 -0.049383033067958798 -0.017959735256772951 -0.032755853705661322 -0.017959735256772951 -0.049383033067958798 0.060610906387990028 -0.017959735256772951 0.047342253471339642 0.060610906387990028 -0.017959735256772951 0.047342253471339642 -0.017959735256772951 0.058291915550015699 0.032304172423285427
leaf_weight=0.45852287958585058 3.8784018468335519 0.13991634793882812 0.20826200054437682 1.2969658969582998 0.54574218135666597 0.14936909793682174 0.42552633816903884 0.34461464732885361 0.21800705221084993 0.16388922948527407 0.24890950932153411 0.26001418855066483 0.24804945790674526 0.27037465572533137
leaf_count=688 88830 44 39 7424 5902 3 76 3 4 16 8 8 4 12
internal_value=0 -0.000694371 0.00479733 -0.0432461 -0.0327559 0.00972541 0.00644825 -0.00577755 0.021481 0.00881128 0.0171506 -0.00329351 0.0242034 0.00359456
internal_weight=0 3.13546 2.67693 5.72111 1.84271 2.46867 2.3193 1.27906 1.04024 0.82223 0.853538 0.508924 0.65834 0.410291
internal_count=103061 905 217 102156 13326 178 175 95 80 76 19 16 60 56
is_linear=0
shrinkage=0.05


Tree=73
num_leaves=15
num_cat=0
split_feature=29 2 13 12 11 1 2 11 2 1 10 11 10 10
split_gain=1.37066 0.206683 0.328147 0.208392 0.140117 0.117483 0.370441 0.119118 0.110843 0.109213 0.266146 0.318108 0.413827 0.149262
threshold=5.5000000000000009 4.842499511551134 116.70261164351852 1.0000000180025095e-35 27.010381250000005 1.8113373733227773 5.1322213001133017 50.858644583333337 7.2143109430455565 0.81305270639611271 1.9209063368055557 13.521292916666669 0.55372670138888902 0.042646388888888893
decision_type=2 2 10 2 10 8 2 8 2 10 10 10 10 8
left_child=1 -1 3 -3 -5 6 -2 8 9 10 11 12 -8 -11
right_child=5 2 -4 4 -6 -7 7 -9 -10 13 -12 -13 -14 -15
leaf_value=-0.050973868002710102 -0.050052463883824484 -0.049155810886232269 -0.050973868002710102 -0.0035185431739387547 -0.049155810886232269 0.027137997240193796 -0.050052463883824484 -0.050052463883824484 0.027137997240193796 -0.050052463883824484 0.021510075530701448 -0.050052463883824484 0.021510075530701448 0.027137997240193796
leaf_weight=3.0329686045394415 0.3649391167117394 0.44438407362710708 0.88296852453998198 1.1836022144778326 0.17594660673210483 0.35785735129585106 0.20067538224248094 0.08528101771298624 0.14482663495436998 0.05852189123106652 0.60504663361643907 0.43390854266908718 0.21348701979150064 0.40103148941825484
leaf_count=72285 3427 9452 11775 3034 2469 52 179 106 12 5 11 166 5 83
internal_value=0 -0.042028 -0.03193 -0.019431 -0.00971515 0.000337948 -0.00348648 0.00444422 0.00684853 0.00289521 -0.00382379 -0.021898 0.00947347 0.0241408
internal_weight=0 5.71987 2.6869 1.80393 1.35955 2.86558 2.50772 2.14278 2.0575 1.91267 1.45312 0.848071 0.414162 0.459553
internal_count=103061 99015 26730 14955 5503 4046 3994 567 461 449 361 350 184 88
is_linear=0
shrinkage=0.05


Tree=74
num_leaves=15
num_cat=0
split_feature=29 2 13 12 10 2 13 21 24 10 29 2 1 10
split_gain=1.31988 0.213567 0.324767 0.203747 0.113116 0.146891 0.103173 0.197385 0.103211 0.0863985 0.0778703 0.208468 0.205397 0.191959
threshold=5.5000000000000009 4.842499511551134 116.70261164351852 1.0000000180025095e-35 6.6597849942129637 4.9103174311290507 51.074107725694454 0.042572463768115944 3181.5537316666673 0.088287355324074099 6.5000000000000009 5.3416289125912204 0.81305270639611271 0.55372670138888902
decision_type=2 2 8 2 8 2 8 10 8 8 2 2 10 8
left_child=1 -1 3 -3 5 -2 8 -8 -5 -7 11 -11 13 -13
right_child=4 2 -4 6 -6 9 7 -9 -10 10 -12 12 -14 -15
leaf_value=-0.05093794951607316 -0.038825385412545224 -0.049068506800912966 -0.05093794951607316 0.057697897357422784 0.053044488437047899 -0.038825385412545224 -0.00075895753059582963 -0.044806864268556845 -0.00075895753059582963 -0.038825385412545224 0.015551770007279113 -0.038825385412545224 0.046264464179698317 0.0054321275183211283
leaf_weight=2.8870322739619709 0.23818101425753191 0.42344477998484054 0.84893884026403177 0.11563217057975292 0.099157344680861459 0.074370933474711506 0.82561838850165681 0.36756257385694191 0.041213385760784177 0.20174823303386791 0.90565535773587313 0.18818096815812135 0.24053944215120271 0.85392230707657302
leaf_count=72285 3300 9452 11775 46 42 36 3185 2271 1 199 33 141 89 206
internal_value=0 -0.0415557 -0.0312267 -0.018808 0.000594534 -0.00132984 -0.00931657 -0.014328 0.0288074 0.00229403 0.00399742 -0.00305211 0.00461815 -0.00499469
internal_weight=0 5.50944 2.62241 1.77347 2.80176 2.7026 1.35003 1.19318 0.156846 2.46442 2.39005 1.48439 1.28264 1.0421
internal_count=103061 99015 26730 14955 4046 4004 5503 5456 47 704 668 635 436 347
is_linear=0
shrinkage=0.05


Tree=75
num_leaves=15
num_cat=0
split_feature=29 2 11 12 9 16 21 11 11 11 29 11 11 28
split_gain=1.2582 0.217938 0.229256 0.172649 0.120387 0.188591 0.253706 0.128131 0.1068 0.230097 0.21489 0.302492 0.417087 0.296797
threshold=5.5000000000000009 4.842499511551134 26.149279305555556 1.0000000180025095e-35 127.89592646412039 8.3739130434782627 0.042572463768115944 25.20101027777778 159.83483986111113 50.858644583333337 6.5000000000000009 46.495723472222231 46.101752083333338 0.12675009662621681
decision_type=2 2 8 2 2 8 10 10 8 8 2 10 8 8
left_child=1 -1 3 -3 5 6 7 -5 9 10 11 12 13 -2
right_child=8 2 -4 4 -6 -7 -8 -9 -10 -11 -12 -13 -14 -15
leaf_value=-0.050902851041785206 -0.051236625323321121 -0.048920886037606047 -0.050902851041785206 -0.048920886037606047 -0.048920886037606047 0.056567537984933747 -0.048920886037606047 0.0097460894297402133 0.052451193452149936 -0.046098367795107398 0.024663125496038971 -0.055430800079126347 0.068362353868461442 0.0062774608491082354
leaf_weight=2.7480760887602877 0.30663512632919887 0.38618938063490227 0.89387858962548383 0.10339960799219006 0.14887997338092174 0.11151947824881436 0.23066201780448636 0.68071136705829005 0.095361494037206174 0.25990265318951911 0.79699077808256391 0.2693632622654617 0.20456142951661593 0.83549682823321048
leaf_count=72285 1465 9983 11707 2332 852 44 1749 63 42 720 72 176 12 1559
internal_value=0 -0.041129 -0.0306176 -0.0196319 -0.0107617 -0.00515074 -0.0119333 0.00186716 0.00045665 -0.00139833 0.00341618 -0.00706217 0.00261244 -0.0091637
internal_weight=0 5.30332 2.55524 1.66136 1.27517 1.12629 1.01477 0.784111 2.76831 2.67295 2.41305 1.61606 1.34669 1.14213
internal_count=103061 99015 26730 15023 5040 4188 4144 2395 4046 4004 3284 3212 3036 3024
is_linear=0
shrinkage=0.05


Tree=76
num_leaves=15
num_cat=0
split_feature=13 2 21 2 11 10 11 10 10 11 11 28 1 10
split_gain=1.19098 0.211791 0.293671 0.16936 0.177774 0.230707 0.163198 0.166735 0.13934 0.298585 0.267165 0.27096 0.197873 0.179252
threshold=71.91574287037038 5.4635185843601484 0.042572463768115944 4.842499511551134 13.756118055555557 0.55372670138888902 10.467914027777779 0.40943510416666667 1.0787318402777781 31.289583888888892 46.495723472222231 0.02101166364739512 0.80457473237755739 0.088287355324074099
decision_type=10 2 10 2 10 8 10 8 10 8 10 10 8 10
left_child=3 -2 8 -1 5 6 7 12 -3 -6 11 -11 -5 -14
right_child=1 2 -4 4 9 -7 -8 -9 -10 10 -12 -13 13 -15
leaf_value=-0.030899644737922057 -0.048961455250127871 -0.047918862614447104 -0.048961455250127871 -0.030899644737922057 -0.051613855193596604 0.066936471002670805 -0.0096631469304211803 0.057148124111957854 -0.0067261683523449373 -0.0067261683523449373 -0.0067261683523449373 0.047080930401966453 -0.030899644737922057 0.051774029216233419
leaf_weight=0.40808071908442345 3.2121588910950263 0.21037572031618423 0.70129011756865556 0.12457244798677387 0.29845735958002872 0.21057129398425001 0.1503937082752147 0.22291942863375874 0.78942980629339965 0.11237177973089318 0.60979019263293821 0.51478616933493393 0.055143238198070377 0.20075137264478043
leaf_count=688 88830 4939 4480 46 58 4 16 4 3907 4 48 26 3 8
internal_value=0 -0.041407 -0.0271419 -0.00103437 0.00384108 0.0206659 0.00773999 0.0228105 -0.00966315 -0.00672617 0.00410457 0.0292786 0.00269171 0.0291906
internal_weight=0 4.91325 1.7011 2.90784 2.49976 0.964351 0.75378 0.603386 0.999806 1.53541 1.23695 0.627158 0.380467 0.255895
internal_count=103061 102156 13326 905 217 81 77 61 8846 136 78 30 57 11
is_linear=0
shrinkage=0.05


Tree=77
num_leaves=15
num_cat=0
split_feature=29 13 12 11 10 21 10 10 11 13 11 10 10 11
split_gain=1.12633 0.173496 0.261263 0.157453 0.155864 0.120336 0.107333 0.105571 0.208148 0.20045 0.278006 0.236752 0.252136 0.165108
threshold=5.5000000000000009 116.70261164351852 1.0000000180025095e-35 27.010381250000005 1.0500420949074076 0.042572463768115944 1.1120120486111114 6.6597849942129637 50.858644583333337 1.0000000180025095e-35 46.495723472222231 1.9209063368055557 1.3219617071759262 13.521292916666669
decision_type=2 8 2 10 8 10 10 10 10 10 10 10 10 10
left_child=1 2 -1 4 -4 -6 -7 8 9 12 11 13 -2 -11
right_child=7 -3 3 -5 5 6 -8 -9 -10 10 -12 -13 -14 -15
leaf_value=-0.049992712852864232 -0.009397569776130852 -0.052857049772074574 -0.033822866355444757 -0.049992712852864232 0.009507451878287854 -0.033822866355444757 0.009507451878287854 0.052222108809179303 -0.045281176287256752 -0.009397569776130852 -0.055120396663359633 0.023679504669541114 0.046980780157598406 -0.04382751674056376
leaf_weight=1.3411602430855218 0.30865249363098274 1.7502347369552471 0.58207787683312506 0.35395096070565935 0.68446356256257079 0.15482908254084071 0.04891315862691481 0.093840861878561443 0.2483285474139717 0.75390530507102549 0.25579200963614224 0.19418271329413972 0.4644133060942735 0.3482045565780082
leaf_count=37916 56 44365 8758 7499 272 167 38 38 720 1466 176 12 14 1564
internal_value=0 -0.0402245 -0.0332396 -0.0209229 -0.013713 -0.000534221 -0.0338229 0.000130274 -0.00176923 0.00287789 -0.00748303 0.00191706 0.0236795 -0.00939757
internal_weight=0 4.91563 3.16539 1.82423 1.47028 0.888206 0.203742 2.66732 2.57348 2.32515 1.55208 1.29629 0.773066 1.10211
internal_count=103061 99015 54650 16734 9235 477 205 4046 4008 3288 3218 3042 70 3030
is_linear=0
shrinkage=0.05


Tree=78
num_leaves=15
num_cat=0
split_feature=29 2 13 28 13 10 10 11 0 1 10 11 10 13
split_gain=1.08984 0.237295 0.3108 0.240109 0.176325 0.172644 0.104212 0.11019 0.14142 0.114488 0.263455 0.250906 0.284926 0.253474
threshold=5.5000000000000009 4.842499511551134 116.70261164351852 0.090908387470189297 51.074107725694454 0.86273513888888897 0.088287355324074099 4.4911247222222235 2.2538736072280443 1.8113373733227773 0.55372670138888902 13.521292916666669 1.3219617071759262 1.0000000180025095e-35
decision_type=2 2 8 8 10 8 8 8 10 10 8 8 8 10
left_child=1 -1 3 -3 -5 -6 -2 8 -8 10 -9 -12 -13 -14
right_child=6 2 -4 4 5 -7 7 9 -10 -11 11 12 13 -15
leaf_value=-0.050837502673221048 -0.05178220604722298 -0.05059144873934221 -0.050837502673221048 0.056708876847891922 -0.05000194529069063 -0.001457384401095607 -0.050590845259096275 -0.050831912626034148 0.053162085428156994 0.026110040613515635 0.026110040613515635 -0.050831912626034148 0.026110040613515635 -0.017501528639220908
leaf_weight=2.3809777706769086 0.091988972082278117 0.38734381585740568 0.72624552266299858 0.10430804409853567 0.22916801119051211 0.91211913960002255 0.039659579021912306 0.27577949901544263 0.1911058153282994 0.33473439343802613 0.20662721034821302 0.29224353399155212 0.54624748179313498 0.63941494769634633
leaf_count=72285 467 8146 11775 19 5968 822 229 733 27 44 21 1164 33 1328
internal_value=0 -0.0397017 -0.028463 -0.0162096 -0.00551781 -0.011205 0.000492708 0.00239654 0.035331 -0.000915 -0.00552968 0.00188687 -0.00695392 0.00394579
internal_weight=0 4.74016 2.35918 1.63294 1.2456 1.14129 2.6178 2.52581 0.230765 2.29505 1.96031 1.68453 1.47791 1.18566
internal_count=103061 99015 26730 14955 6809 6790 4046 3579 256 3323 3279 2546 2525 1361
is_linear=0
shrinkage=0.05


Tree=79
num_leaves=15
num_cat=0
split_feature=29 13 12 28 10 28 10 9 28 10 28 10 10 10
split_gain=1.04704 0.174499 0.260753 0.206666 0.0994742 0.0990132 0.291866 0.192952 0.203226 0.0988808 0.146761 0.19624 0.0640195 0.027975
threshold=5.5000000000000009 116.70261164351852 1.0000000180025095e-35 0.090908387470189297 0.088287355324074099 0.14673623304533623 1.238355908564815 108.77414811921298 0.76866852033729238 0.40943510416666667 0.26664288759730681 1.0500420949074076 0.55372670138888902 1.1120120486111114
decision_type=2 10 2 8 10 8 8 2 8 10 10 8 10 10
left_child=1 2 -1 -4 -2 6 -6 12 -9 -5 11 -11 -7 -13
right_child=4 -3 3 9 5 7 -8 8 -10 10 -12 13 -14 -15
leaf_value=-0.049910071873748227 -0.051695593027429203 -0.052628305621307395 -0.049910071873748227 -0.049910071873748227 -0.051121349519332615 0.032039068581106049 0.0049179356465462636 -0.051867748202868574 0.032039068581106049 -0.049910071873748227 0.05072217689357901 -0.0032444354053309116 0.062044332038128314 0.032169805626565559
leaf_weight=1.215655691340473 0.087645523589565566 1.5932634832792736 0.41162677727501551 0.1401650004100069 0.27889102685033751 0.29014782609598544 1.3922394932250894 0.18982953469912905 0.11642359358960075 0.20339168593547041 0.10542417341488386 0.832471935571924 0.20893660854226098 0.059767530567482297
leaf_count=37916 471 44365 9495 4192 1161 341 1445 495 53 2358 166 131 80 392
internal_value=0 -0.03928 -0.0321157 -0.0197747 0.000653362 0.00250606 -0.00443433 0.0169078 0.00491794 -0.0102607 -0.0056229 -0.0110446 0.0395373 -0.000872178
internal_weight=0 4.56177 2.9685 1.75285 2.56411 2.47647 1.67113 0.805338 0.306253 1.34122 1.20106 1.09563 0.499084 0.892239
internal_count=103061 99015 54650 16734 4046 3575 2606 969 548 7239 3047 2881 421 523
is_linear=0
shrinkage=0.05


Tree=80
num_leaves=15
num_cat=0
split_feature=29 2 13 28 13 10 21 10 10 28 13 10 28 10
split_gain=0.997421 0.241365 0.296373 0.225064 0.155656 0.160608 0.118706 0.13283 0.0942463 0.112779 0.121355 0.0821354 0.0983268 0.249285
threshold=5.5000000000000009 4.842499511551134 116.70261164351852 0.090908387470189297 51.074107725694454 0.86273513888888897 0.042572463768115944 1.1120120486111114 6.6597849942129637 0.02101166364739512 51.074107725694454 0.088287355324074099 0.14673623304533623 1.3219617071759262
decision_type=2 2 8 8 10 8 8 10 10 10 10 10 10 8
left_child=1 -1 3 -3 -5 -6 -7 -8 9 -2 11 -11 13 -13
right_child=8 2 -4 4 5 6 7 -9 -10 10 -12 12 -14 -15
leaf_value=-0.050773591212846282 -0.040671387345235351 -0.050538168059775436 -0.050773591212846282 0.056025503504323976 -0.050001763152000236 0.0084997230464153722 -0.050001763152000236 0.0084997230464153722 0.051371288876993972 -0.036530930073717105 -0.036530930073717105 -0.036530930073717105 0.02170906203023101 0.0091433802180372441
leaf_weight=2.1575564170119388 0.16898681155956019 0.35107039759295433 0.66853606358507733 0.095982415033772361 0.20764496864414225 0.70328394655438442 0.15308682066824986 0.051974915280879941 0.088116030030505388 0.065410136247809336 0.19050191099111069 0.22234027675234044 0.72785188708565352 1.0664438527806952
leaf_count=72285 505 8146 11775 19 5968 492 168 162 38 39 3167 127 83 87
internal_value=0 -0.038849 -0.02732 -0.0152859 -0.00507443 -0.0103294 -0.00126045 -0.0347341 0.000569872 -0.00126357 0.0016668 0.00516179 0.00701774 -0.00127931
internal_weight=0 4.38914 2.23158 1.56304 1.21197 1.11599 0.908346 0.205062 2.52965 2.44153 2.27255 2.08205 2.01664 1.28878
internal_count=103061 99015 26730 14955 6809 6790 822 330 4046 4008 3503 336 297 214
is_linear=0
shrinkage=0.05


Tree=81
num_leaves=15
num_cat=0
split_feature=29 2 13 28 13 11 11 11 13 11 2 1 28 28
split_gain=0.951275 0.242283 0.288868 0.21732 0.146089 0.154449 0.0905178 0.252869 0.181521 0.271997 0.277084 0.215918 0.135786 0.120891
threshold=5.5000000000000009 4.842499511551134 116.70261164351852 0.090908387470189297 51.074107725694454 20.705643333333338 100.42957888888891 50.858644583333337 1.0000000180025095e-35 46.495723472222231 5.3416289125912204 0.38069650561820384 0.026685134593005724 0.02101166364739512
decision_type=2 2 10 8 10 10 10 10 10 10 2 10 10 10
left_child=1 -1 3 -3 -5 -6 7 8 13 10 -10 -12 -13 -2
right_child=6 2 -4 4 5 -7 -8 -9 9 -11 11 12 -14 -15
leaf_value=-0.050742632815553218 -0.04112456190807396 -0.050513001729953634 -0.050742632815553218 0.055697198182639011 -0.050001676885268624 -0.0012034948496801483 0.044710699250335544 -0.052921272176461878 -0.04112456190807396 -0.054844632078864079 -0.04112456190807396 -0.04112456190807396 0.024042134711150184 0.029616051290581948
leaf_weight=2.0535518195492419 0.048973070559441223 0.33411068512998832 0.64166896262447526 0.091825832702776666 0.19751833596101087 0.90554142355748413 0.11045019663652045 0.21804109232153823 0.27427480546543992 0.24344634490206396 0.10756906562528457 0.060232923515286529 0.76895973821328878 0.67350058532525536
leaf_count=72285 8 8146 11775 19 5968 822 166 592 2665 176 127 10 240 62
internal_value=0 -0.0384314 -0.0267844 -0.014865 -0.00489722 -0.00994149 0.000455567 -0.00158535 0.00355639 -0.00661933 0.00307507 0.0160163 0.0240421 0.0240421
internal_weight=0 4.22422 2.17067 1.529 1.19489 1.10306 2.50545 2.395 2.17696 1.45448 1.21104 0.936762 0.829193 0.722474
internal_count=103061 99015 26730 14955 6809 6790 4046 3880 3288 3218 3042 377 250 70
is_linear=0
shrinkage=0.05


Tree=82
num_leaves=15
num_cat=0
split_feature=29 2 13 28 13 10 10 11 1 2 28 11 13 10
split_gain=0.90665 0.24379 0.281922 0.209967 0.137089 0.148561 0.0906649 0.0954762 0.0851154 0.248441 0.142086 0.109477 0.309215 0.209564
threshold=5.5000000000000009 4.842499511551134 116.70261164351852 0.090908387470189297 51.074107725694454 0.86273513888888897 0.088287355324074099 2.2262711111111115 1.8113373733227773 5.1322213001133017 0.02101166364739512 46.495723472222231 1.0000000180025095e-35 1.3219617071759262
decision_type=2 2 10 8 10 8 10 10 8 2 8 10 10 8
left_child=1 -1 3 -3 -5 -6 -2 -8 9 -9 -11 13 -13 -12
right_child=6 2 -4 4 5 -7 7 8 -10 10 11 12 -14 -15
leaf_value=-0.050712570870327614 -0.051635249226871516 -0.050488878302664048 -0.050712570870327614 0.055388561225671651 -0.050001595075782772 -0.0011438688906828601 0.053920838014633599 -0.049547237652330295 0.024374273028684029 -0.049547237652330295 -0.0058854398927186543 0.024374273028684029 -0.049547237652330295 0.024374273028684029
leaf_weight=1.9545277698655188 0.080698432337913295 0.31796394075959361 0.61574387320669188 0.08782183082820183 0.18788555260468134 0.90511999926780418 0.08617532638163572 0.25555541929879844 0.31664742203731955 0.10892345848697003 0.67783079794536294 0.22349872885388333 0.23057520540169207 0.47657010798320709
leaf_count=72285 471 8146 11775 19 5968 822 19 2979 46 66 337 5 61 62
internal_value=0 -0.0379829 -0.0262165 -0.0144244 -0.0047133 -0.00954242 0.000484667 0.00225503 0.000310451 -0.00355165 0.00329267 0.00703871 -0.0137601 0.0152197
internal_weight=0 4.06906 2.11454 1.49879 1.18083 1.09301 2.45647 2.37578 2.2896 1.97295 1.7174 1.60847 0.454074 1.1544
internal_count=103061 99015 26730 14955 6809 6790 4046 3575 3556 3510 531 465 66 399
is_linear=0
shrinkage=0.05


Tree=83
num_leaves=15
num_cat=0
split_feature=29 2 13 28 13 10 10 11 10 28 1 9 10 11
split_gain=0.87098 0.24514 0.275025 0.202787 0.128694 0.14283 0.0865742 0.0913682 0.252012 0.247087 0.277097 0.211255 0.177265 0.148529
threshold=5.5000000000000009 4.842499511551134 116.70261164351852 0.090908387470189297 51.074107725694454 0.86273513888888897 0.088287355324074099 46.495723472222231 1.9209063368055557 0.08623443888946726 1.3558538341364026 99.395999988425942 2.0936338425925931 50.858644583333337
decision_type=2 2 8 8 8 8 8 8 10 8 10 2 10 10
left_child=1 -1 3 -3 -5 -6 -2 8 9 10 -8 12 -9 -14
right_child=6 2 -4 4 5 -7 7 11 -10 -11 -12 -13 13 -15
leaf_value=-0.050683402438804093 -0.051555617702858526 -0.050465758441578294 -0.050683402438804093 0.055098209896262663 -0.050001517100489001 -0.0010871666192338605 -0.051454269931221541 -0.046535640137429245 0.062700262693319284 0.015606228176939642 0.015606228176939642 -0.046535640137429245 0.061941430771178474 -0.0053548547218569692
leaf_weight=1.8602474141003882 0.076878294345521667 0.30259173461319527 0.59073709796346374 0.083967786804542602 0.17872253731378415 0.90471946091575051 0.35406827581598033 0.085030955673573549 0.19149915721573041 0.9976966152476836 0.10111103486273909 0.27850133775512764 0.15586761429949547 0.17299112659360838
leaf_count=72285 467 8146 11775 19 5968 822 1057 33 13 1539 29 732 2 174
internal_value=0 -0.0375249 -0.0256467 -0.0139891 -0.0045344 -0.00915599 0.000651953 0.00236955 0.00878512 0.00167873 -0.0288486 -0.0128669 0.00978834 0.0265412
internal_weight=0 3.92099 2.06074 1.47 1.16741 1.08344 2.41364 2.33677 1.64438 1.45288 0.455179 0.692391 0.41389 0.328859
internal_count=103061 99015 26730 14955 6809 6790 4046 3579 2638 2625 1086 941 209 176
is_linear=0
shrinkage=0.05


Tree=84
num_leaves=15
num_cat=0
split_feature=29 2 13 28 13 10 21 10 10 11 13 11 2 1
split_gain=0.829135 0.246328 0.268173 0.195781 0.12086 0.137259 0.109577 0.129664 0.084342 0.235721 0.158682 0.235384 0.242185 0.198288
threshold=5.5000000000000009 4.842499511551134 116.70261164351852 0.090908387470189297 51.074107725694454 0.86273513888888897 0.042572463768115944 1.1120120486111114 4.1845657870370383 50.858644583333337 1.0000000180025095e-35 46.495723472222231 5.3416289125912204 0.38069650561820384
decision_type=2 2 8 8 8 8 8 10 8 8 10 10 2 10
left_child=1 -1 3 -3 -5 -6 -7 -8 9 10 -2 12 -12 -14
right_child=8 2 -4 4 5 6 7 -9 -10 -11 11 -13 13 -15
leaf_value=-0.05065512245784233 0.02340899604074136 -0.050443596060338859 -0.05065512245784233 0.054824903858272815 -0.050001442843803735 0.008229111079579415 -0.050001442843803735 0.008229111079579415 0.044377184672202891 -0.052817712693921853 -0.040299309579962195 -0.054183130332301523 -0.040299309579962195 0.023373491123278984
leaf_weight=1.7704851379487698 0.68292135044596491 0.28795743583181621 0.56662555886150934 0.080260720398519975 0.17000638285182837 0.70474425989265166 0.14780367907951586 0.051790866679766623 0.1055085893603972 0.20260032554737151 0.2543595854449513 0.21459191646589304 0.10283450953284046 0.80409600028405837
leaf_count=72285 66 8146 11775 19 5968 492 168 162 170 592 2665 176 127 250
internal_value=0 -0.0370575 -0.0250753 -0.0135594 -0.00436053 -0.00878207 -0.00103326 -0.0337376 0.00068075 -0.00135796 0.00370603 -0.00607357 0.00281648 0.0149088
internal_weight=0 3.77967 2.00919 1.44256 1.15461 1.07435 0.904339 0.199595 2.36691 2.2614 2.0588 1.37588 1.16129 0.906931
internal_count=103061 99015 26730 14955 6809 6790 822 330 4046 3876 3284 3218 3042 377
is_linear=0
shrinkage=0.05


Tree=85
num_leaves=15
num_cat=0
split_feature=29 2 13 28 13 10 21 10 10 11 10 11 13 11
split_gain=0.787284 0.246675 0.260991 0.188829 0.113582 0.131809 0.100875 0.126092 0.0821481 0.0862479 0.079641 0.221472 0.221785 0.200423
threshold=5.5000000000000009 4.842499511551134 116.70261164351852 0.090908387470189297 51.074107725694454 0.86273513888888897 0.042572463768115944 1.1120120486111114 0.088287355324074099 2.2262711111111115 4.1845657870370383 50.858644583333337 1.0000000180025095e-35 46.495723472222231
decision_type=2 2 10 8 8 8 8 10 10 10 8 8 10 10
left_child=1 -1 3 -3 -5 -6 -7 -8 -2 -10 11 12 -11 -14
right_child=8 2 -4 4 5 6 7 -9 9 10 -12 -13 13 -15
leaf_value=-0.050627720762535612 -0.051541133167591874 -0.05042235136847828 -0.050627720762535612 0.054567502591486253 -0.050001372619763153 0.0077907772212529106 -0.050001372619763153 0.0077907772212529106 0.053303121430190274 0.02758934997042525 0.043489038851737744 -0.051541133167591874 0.00019930340721870706 -0.051541133167591874
leaf_weight=1.6850261661910559 0.073112890080944015 0.27402608745246004 0.54338660309340614 0.076697383156039328 0.16171529460357653 0.70711344576475688 0.14292412395798237 0.051493984300577722 0.079982250241301123 0.63526868578498352 0.10236100927431779 0.19322558992503025 1.0397649685185237 0.20491923012693813
leaf_count=72285 471 8146 11775 19 5968 492 168 162 19 62 166 592 2560 176
internal_value=0 -0.0366037 -0.0245309 -0.0131548 -0.00419627 -0.0084352 -0.000979125 -0.0328759 0.000619699 0.0023105 0.000435786 -0.00168992 0.00355051 -0.00871856
internal_weight=0 3.64238 1.95736 1.41397 1.13994 1.06325 0.901532 0.194418 2.32863 2.25552 2.17554 2.07318 1.87995 1.24468
internal_count=103061 99015 26730 14955 6809 6790 822 330 4046 3575 3556 3390 2798 2736
is_linear=0
shrinkage=0.05


Tree=86
num_leaves=15
num_cat=0
split_feature=29 2 12 24 10 10 2 0 29 27 10 29 0 10
split_gain=0.748661 0.246908 0.11592 0.113703 0.0778047 0.0691436 0.074145 0.0545153 0.0454952 0.109776 0.0539221 0.0257329 0.0299699 0.024915
threshold=5.5000000000000009 4.842499511551134 1.0000000180025095e-35 3067.1519112500005 0.088287355324074099 6.6597849942129637 4.9103174311290507 7.5883408917677038 4.5000000000000009 4.5000000000000009 1.0500420949074076 6.5000000000000009 3.3632391232583734 1.3219617071759262
decision_type=2 2 2 8 10 10 2 10 2 2 10 2 8 10
left_child=1 -1 -3 8 -2 6 7 -6 10 -10 -4 12 -8 -13
right_child=4 2 3 -5 5 -7 11 -9 9 -11 -12 13 -14 -15
leaf_value=-0.050601187658554016 -0.05146597596553433 -0.047876298390619874 -0.047876298390619874 -0.047876298390619874 -0.047572811788115045 0.049279691592968633 -0.0052382244594226333 0.0032423573883943314 -0.047876298390619874 0.053725633279096165 -0.011861419171998809 0.0032423573883943314 0.019526684078383524 0.018475514698825503
leaf_weight=1.6036657999655062 0.069646128911690641 0.40094560184258332 0.10158431930958389 0.19557124673356741 0.13059324070921988 0.075353570766310329 1.0882978853460372 0.036091395130678577 0.036998982263000524 0.073704802671800296 1.098742260464409 0.21349941335151024 0.1376142484041335 0.54565905263296555
leaf_count=72285 471 17518 4044 1567 2824 38 579 45 35 33 3533 19 56 14
internal_value=0 -0.0361405 -0.0239834 -0.0176249 0.000574102 0.0022015 0.00055284 -0.031477 -0.0122606 0.0184095 -0.0150892 0.00324236 0.00324236 0.0124479
internal_weight=0 3.51121 1.90755 1.5066 2.29675 2.22711 2.15176 0.166685 1.31103 0.110704 1.20033 1.98507 1.22591 0.759158
internal_count=103061 99015 26730 9212 4046 3575 3537 2869 7645 68 7577 668 635 33
is_linear=0
shrinkage=0.05


Tree=87
num_leaves=15
num_cat=0
split_feature=29 12 13 28 21 28 11 11 11 0 11 11 11 11
split_gain=0.712367 0.183184 0.229358 0.168482 0.0794899 0.102378 0.130499 0.0737032 0.0823466 0.120049 0.103546 0.0996653 0.166438 0.28449
threshold=5.5000000000000009 1.0000000180025095e-35 116.70261164351852 0.090908387470189297 0.042572463768115944 0.26664288759730681 26.688289166666671 2.1188965277777783 4.4911247222222235 2.2538736072280443 10.250876250000003 10.467914027777779 13.289440833333336 13.521292916666669
decision_type=2 2 10 8 10 8 10 10 8 10 8 10 8 8
left_child=1 -1 3 -3 -5 6 -6 -2 9 -9 -10 -12 -13 -14
right_child=7 2 -4 4 5 -7 -8 8 10 -11 11 12 13 -15
leaf_value=-0.049486632376125717 -0.051394477772398521 -0.049486632376125717 -0.049486632376125717 0.0020181604649792463 -0.049486632376125717 0.0020181604649792463 0.0020181604649792463 -0.050534772427208212 -0.048394683229028942 0.051551958996367067 0.049863974547791276 -0.05237369594823138 0.060354375932872663 -0.0039683958659648081
leaf_weight=1.3967446443203411 0.066339288230382265 0.2800266915758779 0.52708210321772275 0.77753813313985265 0.25843104013741336 0.10221036277380646 0.050272457342833254 0.035135404233470807 0.10860112636392558 0.15965492169360118 0.10207733089373494 0.14458619565149117 0.19466213485565581 1.4701347044450657
leaf_count=70580 471 9495 11701 4081 1493 1494 171 229 497 27 15 228 22 2557
internal_value=0 -0.0355986 -0.025878 -0.0156061 -0.00738231 -0.0251701 -0.0405617 0.000535631 0.00209104 0.033138 -0.000902752 0.00179554 -0.000916267 0.00355277
internal_weight=0 3.39231 1.99556 1.46848 1.18845 0.410914 0.308703 2.28119 2.21485 0.19479 2.02006 1.91146 1.80938 1.6648
internal_count=103061 99015 28435 16734 7239 3158 1664 4046 3575 256 3319 2822 2807 2579
is_linear=0
shrinkage=0.05


Tree=88
num_leaves=15
num_cat=0
split_feature=29 2 13 12 10 1 2 10 10 21 13 10 29 2
split_gain=0.673648 0.253426 0.250751 0.13762 0.069891 0.0689419 0.264451 0.24413 0.0512143 0.0471066 0.0900912 0.0632967 0.0377256 0.0140664
threshold=5.5000000000000009 4.842499511551134 116.70261164351852 1.0000000180025095e-35 0.088287355324074099 0.81305270639611271 5.7965788290515023 0.55372670138888902 4.1845657870370383 0.042572463768115944 51.074107725694454 1.1120120486111114 4.5000000000000009 4.9103174311290507
decision_type=2 2 8 2 8 10 2 8 8 10 10 10 2 2
left_child=1 -1 3 -3 -2 6 -6 -8 13 -5 -11 -12 -13 -7
right_child=4 2 -4 9 5 8 7 -9 -10 10 11 12 -14 -15
leaf_value=-0.050549734064791213 -0.051326461752157104 -0.047516566601312933 -0.050549734064791213 0.0026517678221765744 -0.049566875808281174 -0.0115525610308145 -0.049566875808281174 0.014411169291218377 0.050435110142994621 0.0026517678221765744 -0.047516566601312933 0.0026517678221765744 -0.047516566601312933 0.014411169291218377
leaf_weight=1.4578941379372417 0.063185394799260913 0.22044672306907664 0.48418908484333822 0.76739859634052265 0.26322721924163506 0.072048413253391508 0.15855088669923101 1.0557109472320008 0.088433782239008107 0.092650990150041412 0.15744084760308874 0.068349177221534774 0.033744626295884927 0.54782995856142314
leaf_count=72285 467 9452 11775 3185 2680 492 91 149 33 47 1247 1001 23 134
internal_value=0 -0.0350082 -0.0225876 -0.0114063 0.000515845 0.00201446 -0.00413386 0.00571509 0.0148394 -0.0042962 -0.0194355 -0.0364612 -0.00438111 0.00976123
internal_weight=0 3.28211 1.82422 1.34003 2.24899 2.1858 1.47749 1.21426 0.708312 1.11958 0.352186 0.259535 0.102094 0.619878
internal_count=103061 99015 26730 14955 4046 3579 2920 240 659 5503 2318 2271 1024 626
is_linear=0
shrinkage=0.05


Tree=89
num_leaves=15
num_cat=0
split_feature=29 12 13 28 10 11 21 10 10 11 28 29 10 0
split_gain=0.635687 0.187836 0.223162 0.16365 0.0739462 0.0932962 0.16092 0.13261 0.066185 0.176231 0.133182 0.145539 0.262919 0.258365
threshold=5.5000000000000009 1.0000000180025095e-35 116.70261164351852 0.090908387470189297 0.40943510416666667 10.037814861111114 0.042572463768115944 1.1120120486111114 6.6597849942129637 50.858644583333337 0.02101166364739512 6.5000000000000009 1.3219617071759262 5.4480066163567473
decision_type=2 2 10 8 8 8 10 10 8 8 10 2 10 8
left_child=1 -1 3 -3 -5 -6 -7 -8 9 10 -2 -12 13 -13
right_child=8 2 -4 4 5 6 7 -9 -10 -11 11 12 -14 -15
leaf_value=-0.049337555019836936 -0.051848034093273189 -0.049337555019836936 -0.049337555019836936 -0.049337555019836936 0.052704665570974557 0.0057657370936286924 -0.049337555019836936 0.0057657370936286924 0.048352146355832695 -0.04466161858081362 -0.0032271723380732789 -0.049325327833935888 0.048352146355832695 0.048352146355832695
leaf_weight=1.2667419284129768 0.10258892949760601 0.25840556933991898 0.48397020357243059 0.090019993767819648 0.070680178671864713 0.72357503698559134 0.23222973030268584 0.049992090609513318 0.069852824624831444 0.20957930318444384 1.2292962444719298 0.16683912981136581 0.35310485726271529 0.091381589766388965
leaf_count=70580 170 9495 11701 4192 41 1731 1104 171 42 720 3047 44 12 11
internal_value=0 -0.03441 -0.0245039 -0.0144418 -0.00646337 -0.00282254 -0.00672459 -0.038748 0.000453427 -0.00110077 0.00359736 0.00668766 0.0266251 -0.0121712
internal_weight=0 3.17561 1.90887 1.4249 1.1665 1.07648 1.0058 0.282222 2.22264 2.15279 1.94321 1.84062 0.611326 0.258221
internal_count=103061 99015 28435 16734 7239 3047 3006 1275 4046 4004 3284 3114 67 55
is_linear=0
shrinkage=0.05


Tree=90
num_leaves=15
num_cat=0
split_feature=29 2 13 28 13 10 21 10 10 11 0 10 11 10
split_gain=0.604596 0.256271 0.238807 0.169183 0.0897706 0.116469 0.0738018 0.116896 0.0641945 0.0796209 0.109092 0.0908339 0.0878772 0.150735
threshold=5.5000000000000009 4.842499511551134 116.70261164351852 0.090908387470189297 51.074107725694454 0.86273513888888897 0.042572463768115944 1.1120120486111114 0.088287355324074099 4.4911247222222235 2.2538736072280443 0.42711984375000006 10.467914027777779 0.55372670138888902
decision_type=2 2 8 8 8 8 8 10 10 10 8 8 8 8
left_child=1 -1 3 -3 -5 -6 -7 -8 -2 10 -10 -11 -13 -14
right_child=8 2 -4 4 5 6 7 -9 9 11 -12 12 13 -15
leaf_value=-0.050502662749226414 -0.051185985776179221 -0.050333543118331818 -0.050502662749226414 0.0538701648958268 -0.050001123234423565 0.0076831199108605419 -0.050001123234423565 0.0076831199108605419 -0.050481709609429486 -0.047446137869351958 0.051066524024932614 0.04856895516584149 -0.047446137869351958 0.0031867419288689118
leaf_weight=1.3231111357303702 0.058454051139858687 0.22107870224709367 0.44520790095884466 0.066681202790608712 0.13107021727875165 0.70793369572419951 0.12330728694678328 0.050663245628129516 0.032026771808514015 0.10005652498987341 0.15182305721581454 0.093985356899793343 0.13415329600401391 1.6147949889981517
leaf_count=72285 471 8146 11775 19 5968 492 168 162 229 497 27 15 228 2579
internal_value=0 -0.0339055 -0.0213278 -0.010484 -0.0023241 -0.00602321 0.000512871 -0.0286648 0.000506111 0.00192682 0.0333767 -0.00104904 0.00146995 -0.00106107
internal_weight=0 3.06905 1.74594 1.30073 1.07966 1.01297 0.881904 0.173971 2.18529 2.12684 0.18385 1.94299 1.84293 1.74895
internal_count=103061 99015 26730 14955 6809 6790 822 330 4046 3575 256 3319 2822 2807
is_linear=0
shrinkage=0.05


Tree=91
num_leaves=15
num_cat=0
split_feature=29 2 13 28 13 10 21 10 11 10 2 11 24 10
split_gain=0.573814 0.25537 0.231495 0.162718 0.084535 0.111514 0.0672276 0.113445 0.0638689 0.252556 0.232843 0.191181 0.168244 0.146114
threshold=5.5000000000000009 4.842499511551134 116.70261164351852 0.090908387470189297 51.074107725694454 0.86273513888888897 0.042572463768115944 1.1120120486111114 46.495723472222231 1.9209063368055557 6.8265344882899663 10.467914027777779 2389.8720530555561 2.0936338425925931
decision_type=2 2 10 8 8 8 8 10 10 8 2 10 10 10
left_child=1 -1 3 -3 -5 -6 -7 -8 9 10 11 -2 13 -10
right_child=8 2 -4 4 5 6 7 -9 12 -11 -12 -13 -14 -15
leaf_value=-0.05048026798917369 0.013548242673037844 -0.050316869641362005 -0.05048026798917369 0.05366719913671722 -0.050001068547673368 0.0072759533968322423 -0.050001068547673368 0.0072759533968322423 -0.045623267783638954 0.060988111847945559 0.03105783111395511 -0.031830510941977801 -0.045623267783638954 0.024593145151032211
leaf_weight=1.2591265526673512 0.37534799113782769 0.2103644971188994 0.42659970386806034 0.063662942577914938 0.12467798079328618 0.71011514176034474 0.11885724515195761 0.050385681102852686 0.07514704568166064 0.18307349620954472 0.39204888560838891 0.60817727101468055 0.24188590053746084 0.28719224310272351
leaf_count=72285 1206 8146 11775 19 5968 492 168 162 29 17 66 1820 724 184
internal_value=0 -0.0334031 -0.0207893 -0.010124 -0.00220494 -0.00574762 0.000526761 -0.0277917 0.000468357 0.005818 -0.00152453 -0.0145124 -0.0133315 0.00822548
internal_weight=0 2.96379 1.70466 1.27806 1.0677 1.00404 0.879358 0.169243 2.16287 1.55865 1.37557 0.983525 0.604225 0.362339
internal_count=103061 99015 26730 14955 6809 6790 822 330 4046 3109 3092 3026 937 213
is_linear=0
shrinkage=0.05


Tree=92
num_leaves=15
num_cat=0
split_feature=29 13 17 11 10 10 11 13 11 10 9 0 10 21
split_gain=0.542494 0.169121 0.15486 0.134054 0.142633 0.0629495 0.204291 0.118086 0.206585 0.174412 0.187534 0.203553 0.101094 0.0582905
threshold=5.5000000000000009 116.70261164351852 1.0000000180025095e-35 27.010381250000005 1.0500420949074076 4.1845657870370383 50.858644583333337 1.0000000180025095e-35 46.495723472222231 1.9209063368055557 103.8984629976852 3.3632391232583734 1.3219617071759262 0.042572463768115944
decision_type=2 8 10 10 8 8 8 10 10 10 2 10 10 10
left_child=1 2 3 4 -1 6 7 12 9 10 -9 -12 -2 -6
right_child=5 -3 -4 -5 13 -7 -8 8 -10 -11 11 -13 -14 -15
leaf_value=-0.03446121046009086 0.016118499999399353 -0.051215188956258408 -0.05023811718805915 -0.05023811718805915 0.0074208762028912375 0.0415204254631662 -0.052545146580498525 0.016118499999399353 -0.053647210199424256 0.021385373478688321 -0.051241852674472933 0.016118499999399353 0.0415204254631662 -0.026120653633648235
leaf_weight=0.41833116695031025 0.23944343534011753 0.87459927717030228 0.46083403020783276 0.2550625916870134 0.69525752943482699 0.089305687812156864 0.17798455262050383 0.41424331145894111 0.18796430254161367 0.17300052629798301 0.33252325363792284 0.13671723861453305 0.37876086798546654 0.159188111315539
leaf_count=14756 52 44365 26705 12394 485 170 592 923 176 12 1983 124 14 310
internal_value=0 -0.0328914 -0.0248328 -0.0171699 -0.0105398 0.000431444 -0.00136676 0.00352356 -0.00534965 0.00324321 -0.00839924 -0.0300434 0.0213854 0.0011719
internal_weight=0 2.86327 1.98867 1.52784 1.27278 2.12994 2.04064 1.86265 1.24445 1.05648 0.883484 0.46924 0.618204 0.854446
internal_count=103061 99015 54650 27945 15551 4046 3876 3284 3218 3042 3030 2107 66 795
is_linear=0
shrinkage=0.05


Tree=93
num_leaves=15
num_cat=0
split_feature=12 13 2 0 11 10 0 0 27 0 11 0 11 11
split_gain=0.507637 0.360939 0.152634 0.19251 0.0606581 0.19656 0.113593 0.0418757 0.0412063 0.106322 0.0509071 0.0196188 0.0166725 0.000623466
threshold=1.0000000180025095e-35 116.70261164351852 4.842499511551134 7.5883408917677038 13.521292916666669 0.55372670138888902 5.931948581469654 0.14732589189596401 4.5000000000000009 3.3632391232583734 10.037814861111114 11.797778784718689 4.3390787500000005 4.4911247222222235
decision_type=2 10 2 10 10 10 10 10 2 8 10 8 10 10
left_child=-1 2 3 -2 5 6 7 -4 9 -9 12 -6 -10 -14
right_child=1 -3 4 -5 11 -7 -8 8 10 -11 -12 -13 13 -15
leaf_value=-0.049030325713039336 -0.049030325713039336 -0.049030325713039336 -0.049030325713039336 -2.2022282214139157e-05 -0.005427933978813311 0.059634126249581969 0.053948584730187765 -0.049030325713039336 0.014059481736724944 0.014059481736724944 0.014059481736724944 0.04821369091363413 0.053948584730187765 0.047446850094242959
leaf_weight=1.0489207224997468 0.37136508313938665 0.42635008711559397 0.057646260752412193 0.098532209057589193 2.1410476923661488 0.18068865648300081 0.083325756079830171 0.14725827516574388 0.0074885496669594145 0.10552802954836979 0.041299627442719894 0.017182210432377221 0.071621116647293093 0.066566574260328748
leaf_count=70653 13641 12497 1397 163 4008 27 33 225 137 37 54 24 2 163
internal_value=0 -0.00975586 -0.00427859 -0.0307263 -2.20223e-05 0.0140904 -2.20223e-05 -0.00913086 -2.20223e-05 -2.20223e-05 0.0241282 -2.20223e-05 0.0457416 0.0509346
internal_weight=0 3.8159 3.38955 0.469897 2.91965 0.761423 0.580734 0.497408 0.439762 0.252786 0.186976 2.15823 0.145676 0.138188
internal_count=103061 32408 19911 13804 6107 2075 2048 2015 618 262 356 4032 302 165
is_linear=0
shrinkage=0.05


Tree=94
num_leaves=15
num_cat=0
split_feature=12 13 2 11 2 28 10 28 13 11 11 10 13 1
split_gain=0.491866 0.347052 0.13931 0.170009 0.114067 0.0939487 0.0836262 0.199961 0.187869 0.109703 0.113904 0.0546443 0.0736922 0.052482
threshold=1.0000000180025095e-35 116.70261164351852 4.842499511551134 50.858644583333337 7.2143109430455565 0.02101166364739512 1.6372936574074075 0.090908387470189297 1.0000000180025095e-35 46.495723472222231 46.101752083333338 0.088287355324074099 1.0000000180025095e-35 2.1762995266665839
decision_type=2 10 2 10 2 8 8 8 10 10 10 10 10 10
left_child=-1 2 13 4 5 -4 7 -7 -8 10 -10 -9 -13 -2
right_child=1 -3 3 -5 -6 6 8 11 9 -11 -12 12 -14 -15
leaf_value=-0.048918242072092492 -0.048918242072092492 -0.048918242072092492 -0.029897943674709656 -0.029897943674709656 0.0549942030255966 -0.029897943674709656 0.0549942030255966 -0.029897943674709656 0.0047983348659272583 0.0047983348659272583 0.0549942030255966 0.053363561119080749 0.0041202795810103407 -0.029897943674709656
leaf_weight=0.99999399948207601 0.33597105453908194 0.40822734607087241 0.095116207649880685 0.21963736233633202 0.10371297976561544 0.21612988496972224 0.2168466523289676 0.050753481010376578 0.039213437424748587 0.17563377288051008 0.16971964891854441 0.079957958599168877 1.5249964256948549 0.11718319544723099
leaf_count=70653 13720 12497 230 1345 34 1371 2 325 307 112 14 7 2360 84
internal_value=0 -0.00945546 -0.00412131 -8.19143e-05 0.00358532 0.00150938 0.0035583 -0.00165316 0.0197784 0.00479833 0.0420505 0.00479833 0.00479833 -0.0298979
internal_weight=0 3.7531 3.34487 2.89172 2.67208 2.56837 2.47325 1.87184 0.601414 0.384567 0.208933 1.65571 1.60495 0.453154
internal_count=103061 32408 19911 6107 4762 4728 4498 4063 435 433 321 2692 2367 13804
is_linear=0
shrinkage=0.05


Tree=95
num_leaves=15
num_cat=0
split_feature=29 2 13 11 10 11 21 10 10 11 2 0 2 1
split_gain=0.446375 0.256976 0.205693 0.109792 0.0657382 0.0667886 0.0750895 0.119506 0.0628443 0.183363 0.105846 0.0899564 0.146016 0.0787893
threshold=5.5000000000000009 4.842499511551134 116.70261164351852 27.010381250000005 0.40943510416666667 10.037814861111114 0.042572463768115944 1.1120120486111114 4.1845657870370383 50.858644583333337 7.2143109430455565 5.931948581469654 5.1322213001133017 1.3558538341364026
decision_type=2 2 8 10 8 8 8 8 8 10 2 10 2 10
left_child=1 -1 3 4 -3 -6 -7 -8 9 10 11 12 -2 -14
right_child=8 2 -4 -5 5 6 7 -9 -10 -11 -12 -13 13 -15
leaf_value=-0.050406576395776996 -0.047987367731058765 -0.050000916406672397 -0.050406576395776996 -0.050237983283328735 0.050480298740697961 0.0040450719348207979 -0.050000916406672397 0.0040450719348207979 0.041669277162185714 -0.052344386556753011 0.041669277162185714 0.041669277162185714 -0.0011090188412398656 0.041669277162185714
leaf_weight=1.0390282482490767 0.16337774450400111 0.070195976507209018 0.35985239978145389 0.14020164710554128 0.061620402913831696 0.74886286024826132 0.1543964471262875 0.046478911055146482 0.087346562457241039 0.16353942310902247 0.099329062191827799 0.11737695425193884 1.3037923795690485 0.085984160556762279
leaf_count=72285 2755 3935 11775 6433 99 2720 1742 26 170 592 12 74 426 17
internal_value=0 -0.0310892 -0.0183987 -0.00860764 -0.00321111 3.64598e-05 -0.00323641 -0.0303818 0.000184864 -0.00168931 0.00299135 -8.39757e-05 -0.0032738 0.00198259
internal_weight=0 2.62064 1.58161 1.22176 1.08155 1.01136 0.949738 0.200875 2.02075 1.9334 1.76986 1.67053 1.55315 1.38978
internal_count=103061 99015 26730 14955 8522 4587 4488 1768 4046 3876 3284 3272 3198 443
is_linear=0
shrinkage=0.05


Tree=96
num_leaves=15
num_cat=0
split_feature=12 13 21 28 10 28 28 10 28 10 28 29 28 9
split_gain=0.457739 0.318316 0.0995047 0.0829791 0.0598573 0.0608366 0.0517415 0.0611239 0.0676935 0.0296549 0.158011 0.0599025 0.197823 0.0685136
threshold=1.0000000180025095e-35 116.70261164351852 0.042572463768115944 0.26664288759730681 1.1120120486111114 0.094605528058926316 0.012026750915687912 6.6597849942129637 0.02101166364739512 1.0787318402777781 0.11548514840749484 6.5000000000000009 0.054259841737135307 95.138516747685202
decision_type=2 10 10 8 8 10 8 8 8 10 8 2 10 2
left_child=-1 2 6 4 -4 -6 -2 8 -8 10 -10 -11 13 -13
right_child=1 -3 3 -5 5 -7 7 -9 9 11 -12 12 -14 -15
leaf_value=-0.048701178341335 -0.048701178341335 -0.048701178341335 -0.048701178341335 -0.00062718739637155588 -0.048701178341335 -0.00062718739637155588 -0.037816478403779108 0.049656514850596634 -0.037816478403779108 0.0018578440100569121 0.0018578440100569121 0.049656514850596634 0.049656514850596634 0.0018578440100569121
leaf_weight=0.90966800238729284 0.050846188571531628 0.3739711131931277 0.22166532354828672 0.079827081949257805 0.064737559111995524 0.049211897388864445 0.11830591648634822 0.061355800813544081 0.18767020476760785 1.1460541866088405 0.8296154809221975 0.078314677070649874 0.22788032172526956 0.13271599863407696
leaf_count=70653 830 12497 2481 1494 3134 157 1020 56 2254 3851 4601 2 15 16
internal_value=0 -0.00902861 -0.00397854 -0.0268303 -0.038942 -0.00877933 -0.000627187 0.000287064 -0.000627187 0.00085533 -0.000627187 0.00647097 0.0223041 -0.0127901
internal_weight=0 3.62217 3.2482 0.415442 0.335615 0.113949 2.83276 2.78191 2.72056 2.60225 1.01729 1.58497 0.438911 0.211031
internal_count=103061 32408 19911 7266 5772 3291 12645 11815 11759 10739 6855 3884 33 18
is_linear=0
shrinkage=0.05


Tree=97
num_leaves=15
num_cat=0
split_feature=12 13 2 0 11 10 0 0 11 0 11 0 2 11
split_gain=0.440728 0.304688 0.113505 0.174176 0.0542881 0.18642 0.0994732 0.0380433 0.0283441 0.0671306 0.0841823 0.0192284 0.000760105 2.25368e-05
threshold=1.0000000180025095e-35 116.70261164351852 4.842499511551134 7.5883408917677038 13.521292916666669 0.55372670138888902 5.931948581469654 0.14732589189596401 4.4911247222222235 2.2538736072280443 2.1188965277777783 11.797778784718689 6.4304464911694117 4.3390787500000005
decision_type=2 10 2 10 8 10 10 10 8 10 10 8 2 10
left_child=12 2 3 -2 5 6 7 -4 9 -9 -11 -6 -1 -12
right_child=1 -3 4 -5 11 -7 -8 8 -10 10 13 -13 -14 -15
leaf_value=-0.050084094123508387 -0.048559112899997731 -0.048559112899997731 -0.048559112899997731 -0.00033231047714698251 -0.0055368064858812398 0.058314928351679757 0.053101494349556438 -0.048559112899997731 -0.00033231047714698251 -0.00033231047714698251 0.052174998788691342 0.048124877052362083 -0.048559112899997731 0.053101494349556438
leaf_weight=0.81711740500693619 0.31677327030617453 0.35795998894951653 0.053544350704421206 0.094593399930456123 2.0605477249226474 0.17495866921443071 0.073625779692520155 0.029305376991032972 0.22365198991121704 0.03453399285353953 0.065666322279867018 0.016830098038123853 0.050654659090082488 0.06811223179101944
leaf_count=67983 13641 12497 1397 163 4008 27 33 152 410 24 31 24 2670 1
internal_value=0 -0.00883082 -0.00393441 -0.0284592 -0.00033231 0.0133649 -0.00033231 -0.00935979 -0.00033231 0.0194068 0.0315705 -0.00033231 -0.0485591 0.0530877
internal_weight=0 3.5701 3.21214 0.411367 2.80078 0.723399 0.54844 0.474814 0.42127 0.197618 0.168313 2.07738 0.867772 0.133779
internal_count=103061 32408 19911 13804 6107 2075 2048 2015 618 208 56 4032 70653 32
is_linear=0
shrinkage=0.05


Tree=98
num_leaves=15
num_cat=0
split_feature=12 21 2 0 11 10 0 28 11 11 11 11 10 2
split_gain=0.424385 0.183587 0.120443 0.233262 0.0341675 0.0693895 0.0296457 0.0289859 0.183435 0.20283 0.201809 0.0598228 0.185253 0.099052
threshold=1.0000000180025095e-35 0.042572463768115944 5.1322213001133017 5.931948581469654 4.4911247222222235 0.088287355324074099 2.2538736072280443 0.094605528058926316 13.289440833333336 13.521292916666669 25.88956416666667 46.495723472222231 1.9209063368055557 7.2143109430455565
decision_type=2 10 2 10 10 10 10 8 8 8 8 10 10 2
left_child=-1 2 3 -2 5 -4 -7 -3 -6 -10 -11 12 13 -12
right_child=1 7 4 -5 8 6 -8 -9 9 10 11 -13 -14 -15
leaf_value=-0.048401587921628117 -0.034329939433348632 -0.048401587921628117 0.0019751193392297211 0.0019751193392297211 -0.051595114699297 0.0019751193392297211 0.053049346204176909 -0.034329939433348632 0.057235726186303661 -0.051098065154035366 0.0019751193392297211 0.0019751193392297211 0.062968676931901446 0.055269160743420212
leaf_weight=0.82684606125734283 0.47851635286786609 0.2185709791034737 0.039015625294269607 0.19133164174370543 0.1585023764754836 0.010405128286038234 0.12765835161098948 0.36031184124091964 0.16963688393843751 0.17872396674356122 0.88670181821409644 0.44190031844252931 0.16485683735481871 0.091902686232515407
leaf_count=70653 15201 7195 198 290 940 246 27 5361 21 915 952 1038 13 11
internal_value=0 -0.00859302 -0.00352398 -0.0221538 0.00197512 0.0239382 0.0452783 -0.0343299 0.00197512 0.00435489 0.00197512 0.00494796 0.0139353 0.0056751
internal_weight=0 3.51803 2.93915 0.669848 2.2693 0.177079 0.138063 0.578883 2.09222 1.93372 1.76409 1.58536 1.14346 0.978605
internal_count=103061 32408 19852 15491 4361 471 273 12556 3890 2950 2929 2014 976 963
is_linear=0
shrinkage=0.05


Tree=99
num_leaves=15
num_cat=0
split_feature=12 21 2 0 11 10 0 2 11 11 11 11 10 2
split_gain=0.406896 0.165074 0.107627 0.222484 0.0306442 0.0676503 0.0295094 0.0185994 0.17205 0.191185 0.18895 0.0569982 0.176285 0.0945346
threshold=1.0000000180025095e-35 0.042572463768115944 5.1322213001133017 5.931948581469654 4.4911247222222235 0.088287355324074099 2.2538736072280443 4.842499511551134 13.289440833333336 13.521292916666669 25.88956416666667 46.495723472222231 1.9209063368055557 7.2143109430455565
decision_type=2 10 2 10 8 10 10 2 8 8 8 8 10 2
left_child=-1 2 3 -2 5 -4 -7 -3 -6 -10 -11 12 13 -12
right_child=1 7 4 -5 8 6 -8 -9 9 10 11 -13 -14 -15
leaf_value=-0.04823229236255322 -0.033151011960098106 -0.04823229236255322 0.0016221117700366537 0.0016221117700366537 -0.051516688807532254 0.0016221117700366537 0.052798855055770456 -0.033151011960098106 0.056072098831790707 -0.051043801466972849 0.0016221117700366537 0.0016221117700366537 0.06215353103689969 0.054922914642935999
leaf_weight=0.78921285656375628 0.46501535615749379 0.14504269589709351 0.039088057492336764 0.19113661168131824 0.15099585851737385 0.01042564865656459 0.12199400311692443 0.42026644608752739 0.16462743488591478 0.17018366640216906 0.88744350003657191 0.44222673430354875 0.15882095384495187 0.087957734941937815
leaf_count=70653 15201 8559 198 290 940 246 27 3997 21 915 952 1038 13 11
internal_value=0 -0.00844113 -0.00360752 -0.021411 0.00162211 0.0227571 0.0447004 -0.033151 0.00162211 0.0039237 0.00162211 0.00441183 0.0133033 0.00534917
internal_weight=0 3.45522 2.88992 0.656152 2.23376 0.171508 0.13242 0.565309 2.06226 1.91126 1.74663 1.57645 1.13422 0.975401
internal_count=103061 32408 19852 15491 4361 471 273 12556 3890 2950 2929 2014 976 963
is_linear=0
shrinkage=0.05


Tree=100
num_leaves=15
num_cat=0
split_feature=12 13 2 0 11 11 0 0 27 0 28 0 2 21
split_gain=0.389735 0.275462 0.0875481 0.164256 0.0462244 0.149677 0.0929947 0.0335422 0.0359193 0.0826513 0.0552209 0.0179718 0.00115853 1.93289e-05
threshold=1.0000000180025095e-35 116.70261164351852 4.842499511551134 7.5883408917677038 13.521292916666669 13.289440833333336 5.931948581469654 0.14732589189596401 4.5000000000000009 3.3632391232583734 0.26664288759730681 11.797778784718689 6.4304464911694117 0.41666666666666669
decision_type=2 10 2 10 8 10 10 10 2 8 10 8 2 10
left_child=12 2 3 -2 5 6 7 -4 9 -9 -10 -6 13 -1
right_child=1 -3 4 -5 11 -7 -8 8 10 -11 -12 -13 -14 -15
leaf_value=-0.050000950254123704 -0.048047755007903342 -0.048047755007903342 -0.048047755007903342 -0.00051183977344171361 -0.0052660233808894162 0.054825405146549593 0.052784863857365485 -0.048047755007903342 0.010205444923559279 0.010205444923559279 0.046106361009632252 0.047861952694872423 -0.048047755007903342 -0.051019277629320327
leaf_weight=0.65576294440473037 0.28237364396275894 0.32252805212144986 0.047237838969723001 0.094320031424970641 2.0121994583506448 0.15993439270695342 0.070234077756140323 0.12691433944345404 0.039399032500928605 0.095564489372619965 0.129348556894371 0.016044818288994178 0.047608658211473642 0.050163009202811915
leaf_count=65759 13641 12497 1397 163 4008 27 33 225 128 37 228 24 2670 2224
internal_value=0 -0.00829951 -0.00366565 -0.0262448 -0.00051184 0.0126347 -0.00051184 -0.00918611 -0.00051184 -0.00051184 0.0232381 -0.00051184 -0.0480478 -0.0500733
internal_weight=0 3.3961 3.07357 0.376694 2.69688 0.668633 0.508698 0.438464 0.391226 0.222479 0.168748 2.02824 0.753535 0.705926
internal_count=103061 32408 19911 13804 6107 2075 2048 2015 618 262 356 4032 70653 67983
is_linear=0
shrinkage=0.05


Tree=101
num_leaves=15
num_cat=0
split_feature=12 21 2 0 28 11 10 0 0 2 0 21 10 21
split_gain=0.375137 0.145236 0.0911209 0.205551 0.0325992 0.0249297 0.0648179 0.0288817 0.0138349 0.0077872 0.0829751 0.00168541 2.93794e-05 1.53376e-05
threshold=1.0000000180025095e-35 0.042572463768115944 5.1322213001133017 5.931948581469654 0.094605528058926316 4.4911247222222235 0.088287355324074099 2.2538736072280443 11.797778784718689 7.2143109430455565 0.56029647551041173 0.037749287749287756 0.1807949479166667 0.41666666666666669
decision_type=2 10 2 10 8 8 8 10 8 2 10 8 10 10
left_child=11 2 3 -2 -3 6 -4 -8 9 -7 -11 -1 -9 -13
right_child=1 4 5 -5 -6 8 7 12 -10 10 -12 13 -14 -15
leaf_value=-0.045270245521983034 -0.031807371350616086 -0.047842309124577424 0.0013651033521785215 0.0013651033521785215 -0.031807371350616086 0.0013651033521785215 0.0013651033521785215 0.051624700458863693 0.046894422221397329 0.0013651033521785215 0.046894422221397329 -0.050001270923468871 0.053231955606144056 -0.050951702294534898
leaf_weight=0.33759663045334626 0.43900709166964685 0.19632466637938256 0.039354154782815315 0.18672587832590776 0.34211463569972428 1.8702542462725991 0.010336518484109547 0.056701998308199109 0.015464795085056049 0.048282094204750936 0.084552597558285925 0.33209986054471918 0.057028327137231827 0.048668368695331587
leaf_count=33379 15201 7195 198 290 5361 3821 246 26 22 34 13 34960 1 2314
internal_value=0 -0.00802022 -0.00345851 -0.0202788 -0.0318074 0.0013651 0.0208939 0.043891 0.0013651 -0.000579649 0.0156336 -0.0478423 0.0524306 -0.0501228
internal_weight=0 3.34615 2.80771 0.625733 0.538439 2.18197 0.163421 0.124067 2.01855 2.00309 0.132835 0.718365 0.11373 0.380768
internal_count=103061 32408 19852 15491 12556 4361 471 273 3890 3868 47 70653 27 37274
is_linear=0
shrinkage=0.05


Tree=102
num_leaves=15
num_cat=0
split_feature=13 2 0 28 2 0 10 28 13 0 21 0 10 10
split_gain=0.336047 0.235135 0.190151 0.0223674 0.0838221 0.0667832 0.0135081 0.0346821 0.0891894 0.00852152 0.00810801 0.00508869 0.00442237 0.000775866
threshold=116.70261164351852 4.842499511551134 7.5883408917677038 0.08623443888946726 7.2143109430455565 5.931948581469654 0.55372670138888902 0.14673623304533623 51.074107725694454 -0.28425097839458707 0.042572463768115944 11.797778784718689 0.42711984375000006 1.1254325520833335
decision_type=10 2 10 8 2 10 8 10 10 10 8 8 10 10
left_child=1 2 -1 9 5 6 -5 10 -9 -3 -8 -11 -7 -2
right_child=13 3 -4 4 -6 12 7 8 -10 11 -12 -13 -14 -15
leaf_value=-0.049356173784169462 -0.05166621361124496 -0.049356173784169462 -0.0023705275915301663 -0.0023705275915301663 0.052316861517922947 -0.0023705275915301663 -0.0010698735432001633 0.042589991460595805 -0.0010698735432001633 -0.010937483401898956 -0.0023705275915301663 -0.0023705275915301663 0.050857023663602202 -0.049356173784169462
leaf_weight=0.54286332391048397 0.38761667781723197 0.051976503502141225 0.097156047421705916 0.45340884989274888 0.082987230227917208 0.0014369836308105724 0.6770542959387077 0.17350547814692857 0.052204923823456373 0.9538615367030161 0.25244316136550338 0.014887079157392402 0.068202377866498076 0.19197385987679461
leaf_count=41816 26330 3667 488 4790 87 82 937 8 733 4512 656 39 70 18846
internal_value=0 -0.00865705 -0.0359826 -0.00237053 0.00326413 0.000838551 -0.00123672 0.0031993 0.0207802 -0.00237053 -0.00106987 -0.00237053 0.0487758 -0.0498275
internal_weight=0 3.42199 0.640019 2.78197 1.76124 1.67826 1.60862 1.15521 0.22571 1.02073 0.929497 0.968749 0.0696394 0.579591
internal_count=103061 57885 42304 15581 7363 7276 7124 2334 741 8218 1593 4551 152 45176
is_linear=0
shrinkage=0.05


Tree=103
num_leaves=15
num_cat=0
split_feature=13 2 0 11 10 0 0 0 0 29 2 2 10 13
split_gain=0.323749 0.218182 0.187919 0.0283423 0.154145 0.0929361 0.0399892 0.0129861 0.00971742 0.00507108 0.00335719 0.0015693 0.000785106 0.000711757
threshold=116.70261164351852 4.842499511551134 7.5883408917677038 13.521292916666669 0.55372670138888902 5.931948581469654 0.14732589189596401 11.797778784718689 3.3632391232583734 6.5000000000000009 6.8265344882899663 7.2143109430455565 1.1254325520833335 129.52690513888891
decision_type=10 2 10 10 10 10 10 8 10 2 2 2 10 8
left_child=1 2 -1 4 5 6 -3 11 -8 -7 -6 -5 -2 -14
right_child=12 3 -4 7 10 9 8 -9 -10 -11 -12 -13 13 -15
leaf_value=-0.049232259216683998 -0.051590964301722178 -0.049232259216683998 -0.0023762243870288358 -0.0023762243870288358 0.052378247695741655 0.0072119814497479205 -0.011137592627740445 0.039018370133122815 0.0072119814497479205 0.052378247695741655 0.060078529996232803 0.013506987127118978 -0.043451266755026086 -0.050000417760957011
leaf_weight=0.51765514407200042 0.36923663884356389 0.066338383088351105 0.097304607903520246 1.94725395996398 0.010624047728361674 0.0017807811955208299 0.29828264749446637 0.016115454554969655 0.0951709742907908 0.063406221568584442 0.14154761784357106 0.12581556205863442 0.12017315881553983 0.063358524935396537
leaf_count=41816 26330 3245 488 10009 76 106 1835 63 176 1 6 64 10960 7886
internal_value=0 -0.00836459 -0.0353027 -0.00237622 0.00785306 -0.00237622 -0.0129743 -0.00237622 -0.00237622 0.0508185 0.0523782 -0.00603932 -0.0496391 -0.0492323
internal_weight=0 3.3813 0.61496 2.76634 0.677151 0.524979 0.459792 2.08918 0.393454 0.065187 0.152172 2.07307 0.552768 0.183532
internal_count=103061 57885 42304 15581 5445 5363 5256 10136 2011 107 82 10073 45176 18846
is_linear=0
shrinkage=0.05


Tree=104
num_leaves=15
num_cat=0
split_feature=12 13 11 27 28 29 10 11 10 28 11 10 10 28
split_gain=0.339507 0.236992 0.0765918 0.13297 0.0999206 0.128754 0.225287 0.188877 0.243437 0.149762 0.0882567 0.100922 0.0644993 0.174119
threshold=1.0000000180025095e-35 116.70261164351852 50.858644583333337 8.5000000000000018 0.02101166364739512 6.5000000000000009 1.3219617071759262 46.495723472222231 1.9209063368055557 0.090908387470189297 10.467914027777779 0.18713019675925929 0.55372670138888902 0.26664288759730681
decision_type=2 10 8 2 8 2 10 8 10 8 8 10 8 8
left_child=-1 2 4 -4 -2 7 10 8 9 -6 11 -7 13 -11
right_child=1 -3 3 -5 5 6 -8 -9 -10 12 -12 -13 -14 -15
leaf_value=-0.047291865331602546 -0.047291865331602546 -0.047291865331602546 -0.045570653053535616 0.032935897630198753 -0.047291865331602546 -0.047291865331602546 0.053007760503828362 -0.047291865331602546 0.060529932148254577 -0.047291865331602546 -0.047291865331602546 0.051896040184076876 0.0067217976341517362 0.0067217976341517362
leaf_weight=0.63219909778273242 0.093067021300450081 0.27305898699112896 0.22900546728267479 0.070553220211998502 0.16134827585367006 0.036151030176447357 0.28649683966103889 0.17948961153303944 0.15602806132483227 0.19718077825240166 0.095105913382024079 0.067516665625910702 1.1025065079690137 0.29128349227109762
leaf_count=70653 819 12497 3273 1189 5163 6 12 623 56 1901 37 10 2764 4058
internal_value=0 -0.00723407 -0.00310882 -0.0270805 -0.000415472 0.00143139 0.0246308 -0.0039608 0.000683256 -0.00464555 -0.0162695 0.0157451 2.07585e-05 -0.0151041
internal_weight=0 3.23879 2.96573 0.299559 2.66617 2.57311 0.48527 2.08784 1.90835 1.75232 0.198774 0.103668 1.59097 0.488464
internal_count=103061 32408 19911 4462 15449 14630 65 14565 13942 13886 53 16 8723 5959
is_linear=0
shrinkage=0.05


Tree=105
num_leaves=15
num_cat=0
split_feature=12 13 10 28 10 2 1 28 0 10 27 0 13 9
split_gain=0.323742 0.226684 0.0583572 0.0597607 0.0584516 0.11185 0.0608508 0.0367688 0.0605832 0.047473 0.0143612 0.00869021 0.00700728 0.00894897
threshold=1.0000000180025095e-35 116.70261164351852 0.088287355324074099 0.012026750915687912 6.6597849942129637 4.842499511551134 2.1762995266665839 0.26664288759730681 2.2538736072280443 0.40943510416666667 4.5000000000000009 11.797778784718689 1.0000000180025095e-35 92.264175792824091
decision_type=2 10 10 10 8 2 10 8 8 10 2 10 10 2
left_child=-1 2 -2 -4 5 6 12 11 9 -9 -11 -7 13 -5
right_child=1 -3 3 4 -6 7 -8 8 -10 10 -12 -13 -14 -15
leaf_value=-0.047025539291562952 -0.047025539291562952 -0.047025539291562952 -0.047025539291562952 0.0010790316093181528 0.049057423117292227 0.0010790316093181528 0.0010790316093181528 0.0010790316093181528 0.047309474133865409 0.0010790316093181528 0.047309474133865409 0.047309474133865409 -0.047025539291562952 -0.047025539291562952
leaf_weight=0.60468796392900959 0.062649413397870446 0.26135863623833566 0.062201208284961118 0.0061032590459114853 0.057291280030767555 2.2367964537858742 0.033483328045465555 0.064409217531683244 0.11387501984258513 0.0053535641700364059 0.061411402528692122 0.014834960501715844 0.17720957256190181 0.0099794195945391399
leaf_count=70653 1663 12497 1312 5 79 4544 71 685 91 38 38 19 11327 39
internal_value=0 -0.00710025 -0.00306588 -0.00201049 -0.00092339 -0.0019748 -0.0355959 0.00107903 0.020447 0.00107903 0.0436031 0.00107903 -0.0470255 -0.0139704
internal_weight=0 3.16696 2.9056 2.84295 2.78075 2.72346 0.226776 2.49668 0.245049 0.131174 0.066765 2.25163 0.193292 0.0160827
internal_count=103061 32408 19911 18248 16936 16857 11442 5415 852 761 76 4563 11371 44
is_linear=0
shrinkage=0.05


Tree=106
num_leaves=15
num_cat=0
split_feature=12 13 11 27 2 28 13 11 11 11 11 1 1 27
split_gain=0.308799 0.216495 0.0734151 0.120002 0.107369 0.0908202 0.101219 0.199783 0.161869 0.204062 0.0892909 0.0474901 0.0457559 0.0140332
threshold=1.0000000180025095e-35 116.70261164351852 50.858644583333337 8.5000000000000018 4.842499511551134 0.02101166364739512 1.0000000180025095e-35 30.091579027777779 46.495723472222231 46.101752083333338 27.010381250000005 1.2453453225773672 2.1762995266665839 8.5000000000000018
decision_type=2 10 10 2 2 8 10 8 10 10 10 8 10 2
left_child=-1 2 4 -4 13 -6 7 11 9 10 -8 -7 -5 -2
right_child=1 -3 3 12 5 6 8 -9 -10 -11 -12 -13 -14 -15
leaf_value=-0.046736786739335415 -0.046736786739335415 -0.046736786739335415 -0.045195209384376406 -0.045195209384376406 -0.034573676492084544 -0.0006319186754561683 -0.0006319186754561683 0.054197962928630578 -0.034573676492084544 0.054197962928630578 -0.034573676492084544 0.053285097690601073 0.052632184758388267 -0.034573676492084544
leaf_weight=0.57866278738217403 0.14295313763342429 0.25018679532392196 0.21754657119946008 0.013712178598208613 0.082635300967240366 0.12014350484759441 1.4413243917919729 0.27065759198740119 0.16690792379873287 0.14870143399548386 0.098872952752092069 0.057850450313276666 0.052898940994964505 0.068756694454547823
leaf_count=70653 7580 12497 3270 1174 231 10 3324 4 112 14 1062 5 14 3111
internal_value=0 -0.00698126 -0.00308594 -0.0272156 -0.000447562 0.00257906 0.00452043 0.0258327 -0.000631919 -0.000631919 -0.000860311 -0.000631919 0.0315046 -0.0345737
internal_weight=0 3.13315 2.88296 0.284158 2.5988 2.38709 2.30446 0.448652 1.85581 1.6889 1.5402 0.177994 0.0666111 0.21171
internal_count=103061 32408 19911 4458 15453 4762 4531 19 4512 4400 4386 15 1188 10691
is_linear=0
shrinkage=0.05


Tree=107
num_leaves=15
num_cat=0
split_feature=13 17 11 2 13 28 29 10 11 10 1 28 1 11
split_gain=0.273979 0.176834 0.0758659 0.130407 0.112065 0.0882514 0.0935984 0.217712 0.174717 0.199171 0.154048 0.123984 0.0483668 0.0263957
threshold=116.70261164351852 1.0000000180025095e-35 50.858644583333337 4.842499511551134 71.91574287037038 0.02101166364739512 6.5000000000000009 1.3219617071759262 46.495723472222231 1.9209063368055557 1.5103641729596473 0.090908387470189297 2.1762995266665839 4.4911247222222235
decision_type=10 10 10 2 8 8 2 10 8 8 10 8 10 10
left_child=1 2 3 -1 12 -5 8 10 9 11 -8 -7 -4 -13
right_child=-2 -3 4 5 -6 6 7 -9 -10 -11 -12 13 -14 -15
leaf_value=-0.036275552447967922 -0.048822426520144381 -0.048822426520144381 -0.045017355456571262 -0.036275552447967922 -0.045017355456571262 -0.036275552447967922 -0.036275552447967922 0.053711585358514738 -0.036275552447967922 0.060196853503696107 0.053114632895996418 0.023283578072111122 0.052804349230373394 0.00077930225760775994
leaf_weight=0.24699405847665268 0.46309544564396432 0.2276822958109318 0.014928874663685865 0.081222878103289792 0.22802140715581465 0.12661567431098633 0.12007141057592917 0.25973021937534213 0.16259031150257897 0.1437093769391139 0.0552011958522345 0.14475877107878088 0.050287812948226929 1.3045030339256616
leaf_count=16532 45176 26706 134 370 6865 2669 10 4 184 23 8 1159 1 3220
internal_value=0 -0.00764739 -0.00435694 -0.00168218 -0.0284869 0.00188034 0.00375092 0.0246539 -0.00108012 0.0038474 -0.0184056 -0.00129128 0.0293098 0.00302713
internal_weight=0 3.16632 2.93864 2.6454 0.293238 2.3984 2.31718 0.435003 1.88218 1.71959 0.175273 1.57588 0.0652167 1.44926
internal_count=103061 57885 31179 24179 7000 7647 7277 22 7255 7071 18 7048 135 4379
is_linear=0
shrinkage=0.05


Tree=108
num_leaves=15
num_cat=0
split_feature=12 13 11 0 2 28 29 10 11 10 1 28 0 10
split_gain=0.28034 0.197233 0.0642402 0.189165 0.0882168 0.0806347 0.0840643 0.208212 0.161892 0.184553 0.140895 0.107186 0.028862 0.0425846
threshold=1.0000000180025095e-35 116.70261164351852 50.858644583333337 8.9521299757946675 4.842499511551134 0.02101166364739512 6.5000000000000009 1.2538157928240743 46.495723472222231 1.9209063368055557 1.5103641729596473 0.090908387470189297 3.3632391232583734 0.55372670138888902
decision_type=2 10 8 10 2 8 2 8 10 10 10 8 10 10
left_child=-1 2 4 -4 -2 -6 8 10 9 11 -8 -7 13 -13
right_child=1 -3 3 -5 5 6 7 -9 -10 -11 -12 12 -14 -15
leaf_value=-0.046174670509284393 -0.032443683324260772 -0.046174670509284393 -0.046174670509284393 0.046683755725671433 -0.032443683324260772 -0.032443683324260772 -0.032443683324260772 0.053227650827198762 -0.032443683324260772 0.059635219323995882 0.052953516532049161 -0.014472692252273423 0.037779025573910434 0.0066026003738927953
leaf_weight=0.53088388347696591 0.20053892879174995 0.22884156545649492 0.19640236641394962 0.066532283875629789 0.077301782202540997 0.11322348033970418 0.11600071700483537 0.24925283528864381 0.15681369309626125 0.13803507447209984 0.052664727609646064 0.31060239988649385 0.058090504948899668 1.0498134883524999
leaf_count=70653 10687 12497 4421 41 231 1658 10 4 112 14 8 1758 141 826
internal_value=0 -0.00677065 -0.00307852 -0.0265974 -0.000626846 0.00212125 0.00396642 0.0241961 -0.00066211 0.0042621 -0.0187065 -0.000727968 0.00326459 0.00179081
internal_weight=0 3.01411 2.78527 0.262935 2.52234 2.3218 2.2445 0.417918 1.82658 1.66976 0.168665 1.53173 1.41851 1.36042
internal_count=103061 32408 19911 4462 15449 4762 4531 22 4509 4397 18 4383 2725 2584
is_linear=0
shrinkage=0.05


Tree=109
num_leaves=15
num_cat=0
split_feature=12 13 11 27 28 29 11 11 11 1 28 11 28 11
split_gain=0.265045 0.187786 0.0609712 0.100745 0.0832547 0.094936 0.188683 0.162129 0.190267 0.138959 0.130126 0.056876 0.155968 0.127287
threshold=1.0000000180025095e-35 116.70261164351852 50.858644583333337 8.5000000000000018 0.02101166364739512 6.5000000000000009 31.727080972222225 46.495723472222231 46.101752083333338 1.5103641729596473 0.090908387470189297 13.289440833333336 0.26664288759730681 13.521292916666669
decision_type=2 10 10 2 8 2 10 8 8 10 8 8 8 8
left_child=-1 2 4 -4 -2 7 9 8 10 -7 -6 12 -12 -13
right_child=1 -3 3 -5 5 6 -8 -9 -10 -11 11 13 -14 -15
leaf_value=-0.045817032832950993 -0.045817032832950993 -0.045817032832950993 -0.043897094843101891 0.031133794990822073 -0.045817032832950993 -0.045817032832950993 0.050992872776374966 -0.045817032832950993 0.057944919908345133 0.052801187794944693 -0.045817032832950993 0.049473115273057283 0.0090003470991745962 -0.00035543504591189709
leaf_weight=0.50883655680760842 0.079966742104513516 0.21914919605632821 0.19392379090541245 0.058155422744971652 0.13880314094085858 0.12305676864827328 0.24336042028186258 0.15704157291340948 0.13393842205641693 0.050237112390811411 0.17802504113449419 0.14797580976355551 0.27603884099323672 0.95731402609355332
leaf_count=70653 819 12497 3270 1188 5163 45 12 623 56 12 1901 58 4058 2706
internal_value=0 -0.00674924 -0.00315632 -0.0265872 -0.000780201 0.000897535 0.0225996 -0.00364828 0.000571112 -0.0172737 -0.00395412 0.000195153 -0.0147033 0.00631559
internal_weight=0 2.95699 2.73784 0.252079 2.48576 2.40579 0.416654 1.98914 1.8321 0.173294 1.69816 1.55935 0.454064 1.10529
internal_count=103061 32408 19911 4458 15453 14634 69 14565 13942 57 13886 8723 5959 2764
is_linear=0
shrinkage=0.05


Tree=110
num_leaves=15
num_cat=0
split_feature=13 17 11 0 28 13 11 11 11 11 1 11 11 11
split_gain=0.237305 0.15472 0.0631392 0.180718 0.0794295 0.0979891 0.166927 0.139804 0.18326 0.0705399 0.0528027 0.0252054 0.0992716 0.0261408
threshold=116.70261164351852 1.0000000180025095e-35 50.858644583333337 8.9521299757946675 0.02101166364739512 1.0000000180025095e-35 30.091579027777779 46.495723472222231 46.101752083333338 30.091579027777779 1.5103641729596473 13.289440833333336 10.037814861111114 2.1188965277777783
decision_type=10 10 10 10 8 10 8 8 10 8 10 8 10 8
left_child=1 2 4 -4 -1 6 10 8 9 11 -6 12 13 -7
right_child=-2 -3 3 -5 5 7 -8 -9 -10 -11 -12 -13 -14 -15
leaf_value=-0.048059186307613244 -0.048059186307613244 -0.048059186307613244 -0.048059186307613244 0.046000861324364956 -0.0047024101453493764 -0.048059186307613244 0.050368878885766633 -0.048059186307613244 0.050368878885766633 -0.048059186307613244 0.052657118595844155 -0.0047024101453493764 -0.048059186307613244 -0.0047024101453493764
leaf_weight=0.079456117941940407 0.40682343163631607 0.19789504777517164 0.19850393713614622 0.063388755442758127 0.11835433289774741 0.033488573151087643 0.23428755068778725 0.15315104037960714 0.12910499488043581 0.083986504138455431 0.047914460367790068 1.1882439687053494 0.14555648951983136 0.29936343335302962
leaf_count=1257 45176 26706 6941 59 41 2574 16 985 95 3534 9 8308 1561 5799
internal_value=0 -0.00734246 -0.00429293 -0.027656 -0.00185805 -0.0002487 0.0223547 -0.00470241 -0.00470241 -0.0050582 -0.00470241 -0.00470241 -0.0167371 -0.00470241
internal_weight=0 2.9727 2.7748 0.261893 2.51291 2.43345 0.400556 2.0329 1.87974 1.75064 0.166269 1.66665 0.478408 0.332852
internal_count=103061 57885 31179 7000 24179 22922 66 22856 21871 21776 50 18242 9934 8373
is_linear=0
shrinkage=0.05


Tree=111
num_leaves=15
num_cat=0
split_feature=12 21 28 28 10 28 10 28 11 1 28 28 11 24
split_gain=0.241629 0.0790622 0.078082 0.0417947 0.0468828 0.0656551 0.0224405 0.105058 0.0719305 0.0962338 0.060031 0.0497973 0.0440022 0.0398134
threshold=1.0000000180025095e-35 0.042572463768115944 0.26664288759730681 0.012026750915687912 4.1845657870370383 0.02101166364739512 1.0787318402777781 0.11548514840749484 46.495723472222231 0.43194928055086529 0.054259841737135307 0.090908387470189297 29.720541805555559 3163.1011447222227
decision_type=2 10 8 8 8 8 10 8 10 10 10 8 10 10
left_child=-1 3 -3 -2 5 -5 7 -7 9 11 -10 -8 -11 -14
right_child=1 2 -4 4 -6 6 8 -9 10 12 -12 -13 13 -15
leaf_value=-0.045110116765259334 -0.03764365816019169 -0.03764365816019169 -0.0027967999907360934 -0.03764365816019169 0.040224716311860462 -0.03764365816019169 -0.03764365816019169 -0.0015420398024684296 -0.03764365816019169 0.0060371464525844189 -0.0015420398024684296 0.0060371464525844189 0.040224716311860462 0.0060371464525844189
leaf_weight=0.46844081729158382 0.048479881785190887 0.35291922590179903 0.080543750757941956 0.074241177199562011 0.064553172980594264 0.14435179265755116 0.043665006668203353 0.669825369945521 0.13509519988854091 0.023586656283572593 0.22624359018491513 0.66035338540487054 0.29036629181182905 0.019772411645590182
leaf_count=70653 1326 9979 2577 1316 582 3542 1922 7138 2220 282 431 346 669 78
internal_value=0 -0.00634556 -0.0259987 -0.0027968 -0.00181412 -0.0027968 -0.00138665 -0.0027968 0.00377924 0.0129997 -0.00154204 0.00251653 0.0351146 0.0402247
internal_weight=0 2.834 0.433463 2.40053 2.35205 2.2875 2.21326 0.814177 1.39908 1.03774 0.361339 0.704018 0.333725 0.310139
internal_count=103061 32408 12556 19852 18526 17944 16628 10680 5948 3297 2651 2268 1029 747
is_linear=0
shrinkage=0.05


Tree=112
num_leaves=15
num_cat=0
split_feature=12 13 11 0 28 2 29 10 11 10 0 28 11 0
split_gain=0.229636 0.169192 0.0538368 0.159539 0.0730572 0.0766205 0.0635154 0.179671 0.138115 0.147685 0.118423 0.0929694 0.0275248 0.100031
threshold=1.0000000180025095e-35 116.70261164351852 50.858644583333337 8.9521299757946675 0.02101166364739512 4.842499511551134 6.5000000000000009 1.3219617071759262 46.495723472222231 1.9209063368055557 5.4480066163567473 0.090908387470189297 4.4911247222222235 2.2538736072280443
decision_type=2 10 8 10 8 2 2 10 10 10 8 8 8 10
left_child=-1 2 4 -4 -2 -6 8 10 9 11 -8 -7 13 -13
right_child=1 -3 3 -5 5 6 7 -9 -10 -11 -12 12 -14 -15
leaf_value=-0.044672082336582992 -0.044672082336582992 -0.044672082336582992 -0.044672082336582992 0.045397334121091287 -0.030215917162374539 -0.030215917162374539 -0.030215917162374539 0.051596948823915502 -0.030215917162374539 0.057701113392445248 0.051596948823915502 -0.030215917162374539 0.0012435556269526987 0.050505397150228074
leaf_weight=0.44985551905917098 0.070570372393926661 0.19610058270143094 0.16753466411362694 0.058804330483823719 0.18139002526380776 0.10001508709926063 0.1043608494376691 0.21737712994217873 0.13936531515692152 0.11947087435328274 0.045756671601871024 0.034899254209132757 1.2644023227262853 0.10210799065407627
leaf_count=70653 819 12497 4421 41 10099 1658 13 4 112 14 5 657 2000 68
internal_value=0 -0.00618782 -0.00278186 -0.0260843 -0.000565527 0.000978079 0.00363735 0.0225439 -0.000309818 0.00419768 -0.0195263 -5.96813e-05 0.00355019 0.0248375
internal_weight=0 2.80216 2.60605 0.226339 2.37972 2.30915 2.12776 0.367495 1.76026 1.6209 0.150118 1.50142 1.40141 0.137007
internal_count=103061 32408 19911 4462 15449 14630 4531 22 4509 4397 18 4383 2725 725
is_linear=0
shrinkage=0.05


Tree=113
num_leaves=15
num_cat=0
split_feature=12 13 10 28 10 29 21 0 10 28 28 28 0 10
split_gain=0.215912 0.161011 0.048135 0.0434768 0.16528 0.0950275 0.0687562 0.0330568 0.0470566 0.119437 0.019615 0.0132408 0.0302373 0.0111389
threshold=1.0000000180025095e-35 116.70261164351852 0.088287355324074099 0.08623443888946726 1.6372936574074075 6.5000000000000009 0.01739261947973382 3.3632391232583734 0.55372670138888902 0.26664288759730681 0.14673623304533623 0.76866852033729238 7.5883408917677038 1.0500420949074076
decision_type=2 10 8 10 8 2 10 10 10 8 8 8 8 8
left_child=-1 2 -2 4 -4 7 -6 8 9 -5 -10 12 -9 -14
right_child=1 -3 3 5 6 -7 -8 11 10 -11 -12 -13 13 -15
leaf_value=-0.044202824082620419 -0.044202824082620419 -0.044202824082620419 -0.044202824082620419 -0.051332085015231524 0.0015530070764714688 0.048518133904758412 -0.044202824082620419 -0.050092640904341991 -0.00072001720556108019 0.0024941497153042596 0.01613080178851688 0.051283320280072056 0.0024941497153042596 0.051283320280072056
leaf_weight=0.43234570524049765 0.052320268468264736 0.18798486105419998 0.2043289872001291 0.15624121664881813 0.56996619662105519 0.10887524853797481 0.065681895927290124 0.013361389351080333 0.90539741103454374 0.1902939061889431 0.21340270274262085 0.046285082272255806 0.0044670680144918143 0.03015553453406028
leaf_count=70653 1659 12497 4481 1835 869 34 5487 313 2055 2273 817 22 64 2
internal_value=0 -0.00619142 -0.00287338 -0.00187407 -0.0111514 0.00279648 0.00155301 0.00155301 0.00155301 -0.0185921 0.00249415 0.0322037 0.0137995 0.0384565
internal_weight=0 2.74876 2.56078 2.50846 0.839977 1.66848 0.635648 1.5596 1.46534 0.346535 1.1188 0.0942691 0.047984 0.0346226
internal_count=103061 32408 19911 18252 10837 7415 6356 7381 6980 4108 2872 401 379 66
is_linear=0
shrinkage=0.05


Tree=114
num_leaves=15
num_cat=0
split_feature=12 13 10 28 10 28 2 1 28 27 13 13 24 13
split_gain=0.205469 0.154848 0.0461837 0.0402896 0.0396567 0.0654929 0.0625391 0.0563127 0.0235272 0.0478903 0.0314989 0.00828451 0.00841162 0.00625999
threshold=1.0000000180025095e-35 116.70261164351852 0.088287355324074099 0.012026750915687912 4.1845657870370383 0.02101166364739512 4.842499511551134 2.1762995266665839 0.26664288759730681 4.5000000000000009 51.074107725694454 1.0000000180025095e-35 2207.9990975000005 101.45672474537038
decision_type=2 10 10 8 8 8 2 10 8 2 8 10 8 10
left_child=-1 2 -2 -4 5 -5 7 11 -8 -10 -11 12 -7 -6
right_child=1 -3 3 4 13 6 8 -9 9 10 -12 -13 -14 -15
leaf_value=-0.043701320658900145 -0.043701320658900145 -0.043701320658900145 -0.043701320658900145 -0.043701320658900145 0.043506606962709513 0.001853903174717074 0.001853903174717074 0.001853903174717074 0.001853903174717074 0.039200208415012601 0.001853903174717074 -0.043701320658900145 -0.043701320658900145 0.001853903174717074
leaf_weight=0.41586209792651674 0.050124093887056076 0.18026821431610152 0.04261402727216089 0.067982318451685023 0.057354026809068315 0.0068916583843800514 1.9092319935396211 0.034054192109562786 0.10487076867732097 0.10900208565248655 0.014948111895137117 0.12272746618238804 0.0083039211850156752 0.0027689121325238366
leaf_count=70653 1663 12497 1312 1324 265 5 4004 66 304 8 540 10063 35 322
internal_value=0 -0.00595652 -0.00272443 -0.00175404 -0.000903658 -0.0019176 -0.000479357 -0.0294869 0.0018539 0.0178866 0.0392002 -0.0437013 -0.00635617 0.0392002
internal_weight=0 2.71114 2.53087 2.48075 2.43814 2.37801 2.31003 0.171977 2.13805 0.228821 0.12395 0.137923 0.0151956 0.0601229
internal_count=103061 32408 19911 18248 16936 16349 15025 10169 4856 852 548 10103 40 587
is_linear=0
shrinkage=0.05


Tree=115
num_leaves=15
num_cat=0
split_feature=12 13 11 0 28 29 10 11 10 1 28 10 2 11
split_gain=0.194299 0.148166 0.0519671 0.143602 0.0646958 0.0725155 0.153811 0.143014 0.14978 0.112566 0.112315 0.0523379 0.0920018 0.0275947
threshold=1.0000000180025095e-35 116.70261164351852 50.858644583333337 8.9521299757946675 0.02101166364739512 6.5000000000000009 1.3219617071759262 46.495723472222231 1.9209063368055557 1.5103641729596473 0.090908387470189297 1.1120120486111114 4.842499511551134 4.4911247222222235
decision_type=2 10 10 10 8 2 10 10 10 10 8 10 2 8
left_child=-1 2 4 -4 -2 7 9 8 10 -7 -6 12 -12 -14
right_child=1 -3 3 -5 5 6 -8 -9 -10 -11 11 -13 13 -15
leaf_value=-0.043166721199496105 -0.043166721199496105 -0.043166721199496105 -0.043166721199496105 0.044357860455348973 -0.043166721199496105 -0.043166721199496105 0.049031188880509363 -0.043166721199496105 0.055917638357772574 0.049031188880509363 -0.043166721199496105 0.036523306951000305 0.023907195742793062 -0.00063056439454891591
leaf_weight=0.4003574132557407 0.063352425779835547 0.17293532184750038 0.15650651028313323 0.054565131728296024 0.11794994528774222 0.10672261869690891 0.21011826874780759 0.13966966122405455 0.1156657438837102 0.041708708405108652 0.091854134200858639 0.095738501154485456 0.12674466699582765 1.1934614826379943
leaf_count=70653 819 12497 4417 41 5163 45 12 623 56 12 5712 438 725 1848
internal_value=0 -0.00582954 -0.0027032 -0.0264485 -0.000526913 0.000899141 0.0215067 -0.00302882 0.000941988 -0.0174568 -0.00296932 0.000747466 -0.00167816 0.00172515
internal_weight=0 2.68699 2.51406 0.211072 2.30299 2.23963 0.35855 1.88108 1.74141 0.148431 1.62575 1.5078 1.41206 1.32021
internal_count=103061 32408 19911 4458 15453 14634 69 14565 13942 57 13886 8723 8285 2573
is_linear=0
shrinkage=0.05


Tree=116
num_leaves=15
num_cat=0
split_feature=2 0 11 10 0 0 0 0 2 29 21 13 21 27
split_gain=0.18418 0.12629 0.0270635 0.13848 0.0559778 0.0386863 0.0121544 0.00821602 0.00641096 0.00484721 0.00200435 0.000406441 9.34942e-06 1.85236e-05
threshold=4.842499511551134 7.5883408917677038 13.521292916666669 0.55372670138888902 5.931948581469654 0.14732589189596401 11.797778784718689 3.3632391232583734 6.8265344882899663 6.5000000000000009 0.042572463768115944 1.0000000180025095e-35 0.41666666666666669 6.5000000000000009
decision_type=2 10 10 10 10 10 8 10 2 2 8 10 10 2
left_child=1 11 3 4 5 -2 10 -7 -5 -6 -4 -1 -13 -14
right_child=2 -3 6 8 9 7 -8 -9 -10 -11 -12 12 13 -15
leaf_value=-0.048576373650339059 -0.048576373650339059 -0.0046844092593693095 0.0013612224531939607 0.047342755677486671 0.0078718826534244831 -0.010872466610331893 0.039138879987677323 0.0078718826534244831 0.058706287357759304 0.047342755677486671 -0.0046844092593693095 -0.050010346702237175 -0.051209863811779145 -0.050010346702237175
leaf_weight=0.015865597011854304 0.061768604830945373 0.088789167432859306 0.83037174216817 0.011942899944597407 0.0019779452047714577 0.2669609535368247 0.013565532869343033 0.074851616387475173 0.12911569301013515 0.039879262447357178 1.045189985100657 0.38543668629019245 0.050711115693458236 0.0034212332347580967
leaf_count=54 5773 862 10558 121 200 3157 100 324 13 1 7234 72463 1403 798
internal_value=0 -0.0368101 -0.00468441 0.0060562 -0.00468441 -0.0134037 -0.00468441 -0.00468441 0.0494816 0.0473428 -0.00836001 -0.0485764 -0.0500968 -0.0507121
internal_weight=0 0.544224 2.47562 0.586497 0.445438 0.403581 1.88913 0.341813 0.141059 0.0418572 1.87556 0.455435 0.439569 0.0541323
internal_count=103061 75580 27481 9589 9455 9254 17892 3481 134 201 17792 74718 74664 2201
is_linear=0
shrinkage=0.05


Tree=117
num_leaves=15
num_cat=0
split_feature=13 17 11 13 2 1 2 1 1 11 13 11 11 11
split_gain=0.17999 0.118512 0.0550298 0.0776395 0.0730242 0.0583426 0.0476342 0.0350246 0.0221261 0.0167816 0.0115407 0.012067 0.0144453 0.119089
threshold=116.70261164351852 1.0000000180025095e-35 50.858644583333337 71.91574287037038 4.842499511551134 2.1762995266665839 7.2143109430455565 2.1762995266665839 1.8113373733227773 10.689283055555558 1.0000000180025095e-35 13.521292916666669 46.101752083333338 46.495723472222231
decision_type=10 10 8 8 2 10 2 10 10 10 10 8 10 8
left_child=1 2 4 7 5 10 8 -4 11 -10 -1 -6 -13 -14
right_child=-2 -3 3 -5 6 -7 -8 -9 9 -11 -12 12 13 -15
leaf_value=-0.0025292317576300037 -0.046018655705493558 -0.046018655705493558 -0.043971242119392025 -0.043971242119392025 0.0061503724348617771 0.0013904861451772218 0.049650341248615247 0.051982172966647977 0.049650341248615247 0.0013904861451772218 -0.046018655705493558 -0.0025292317576300037 0.049650341248615247 -0.0025292317576300037
leaf_weight=0.015272660762955997 0.31438334534331813 0.14553750411859834 0.011158583944827612 0.16570297376221521 0.50310949838352703 0.030792800450956365 0.051131262381462039 0.036677751690149307 0.038936072208798474 0.0071898552630407153 0.14104990214467245 1.1939259695110191 0.11007776747101161 0.22209795406157495
leaf_count=41 45176 26706 134 6869 3231 83 48 1 29 51 16404 4025 24 239
internal_value=0 -0.006023 -0.00348612 -0.0277723 -0.00124455 -0.0311903 0.00139049 0.0283401 0.00139049 0.0344443 -0.0455526 -0.000576891 -0.00252923 0.00139049
internal_weight=0 2.67266 2.52712 0.213539 2.31358 0.187115 2.12647 0.0478363 2.07534 0.0461259 0.156323 2.02921 1.5261 0.332176
internal_count=103061 57885 31179 7004 24175 16528 7647 135 7599 80 16445 7519 4288 263
is_linear=0
shrinkage=0.05


Tree=118
num_leaves=15
num_cat=0
split_feature=13 12 10 9 2 0 1 13 2 13 13 2 10 13
split_gain=0.170481 0.130478 0.0422571 0.0320693 0.0205418 0.0902579 0.0105079 0.0100594 0.0153194 0.024856 0.00996997 0.00735401 0.00423452 0.00429404
threshold=116.70261164351852 1.0000000180025095e-35 0.088287355324074099 131.87306708912038 4.842499511551134 7.5883408917677038 0.81305270639611271 51.074107725694454 5.1322213001133017 51.074107725694454 1.0000000180025095e-35 4.2513707062362061 1.6777341261574075 129.52690513888891
decision_type=10 2 10 2 2 10 10 10 2 8 10 2 10 8
left_child=1 -1 -3 4 5 10 -6 8 -8 -10 11 -4 -2 -14
right_child=12 2 3 -5 6 -7 7 -9 9 -11 -12 -13 13 -15
leaf_value=-0.043418444278338457 -0.050813106772908539 -0.043418444278338457 -0.043418444278338457 -0.043418444278338457 0.00046359991352890815 0.00046359991352890815 0.00046359991352890815 0.00046359991352890815 0.038782252730395865 0.0035448532926774731 -0.043418444278338457 0.00046359991352890815 -0.024578677180198533 -0.05000021465776211
leaf_weight=0.21319369015511869 0.21929412222837577 0.045849570505389958 0.0074033999919062331 0.033736795310078782 1.8182502391117008 0.070983213724721606 0.08127051778137695 0.041588589778427998 0.10279152727921395 0.097528151873515184 0.12197486428939817 0.0080869160230580932 0.059553858711240082 0.023036865595841588
leaf_count=37974 31746 1663 35 161 5157 141 4 559 13 8 12160 10 7788 5642
internal_value=0 -0.00591363 -0.00262245 -0.00169738 -0.000994924 -0.0159786 0.0004636 0.00947944 0.0139765 0.0216265 -0.0434184 -0.00307874 -0.0455757 -0.0434184
internal_weight=0 2.64266 2.42946 2.38361 2.34988 0.208448 2.14143 0.323179 0.28159 0.20032 0.137465 0.0154903 0.301885 0.0825907
internal_count=103061 57885 19911 18248 18087 12346 5741 584 25 21 12205 45 45176 13430
is_linear=0
shrinkage=0.05


Tree=119
num_leaves=15
num_cat=0
split_feature=12 2 2 11 10 1 27 28 29 2 21 11 11 2
split_gain=0.156516 0.0618354 0.0358828 0.0404129 0.11329 0.0451328 0.0233531 0.054653 0.033166 0.0221113 0.0417055 0.0171581 0.00697475 0.00458955
threshold=1.0000000180025095e-35 6.4304464911694117 4.842499511551134 13.521292916666669 0.55372670138888902 1.8113373733227773 4.5000000000000009 0.26664288759730681 4.5000000000000009 5.4635185843601484 0.042572463768115944 4.3390787500000005 26.149279305555556 6.8265344882899663
decision_type=2 2 2 8 10 10 2 8 2 2 8 10 10 2
left_child=1 -1 -2 4 5 6 -4 -8 -9 -5 12 -10 -11 -6
right_child=2 -3 3 9 13 -7 7 8 11 10 -12 -13 -14 -15
leaf_value=-0.050030161031406742 -0.02293020030308102 -0.0053878761185807214 -0.0053878761185807214 -0.020236158550963279 0.04850191842746078 0.04850191842746078 -0.0053878761185807214 -0.0053878761185807214 -0.0053878761185807214 0.008535692378230382 -0.0053878761185807214 0.04850191842746078 -0.0053878761185807214 0.058148481071924399
leaf_weight=0.30030410705280086 0.26179180240748134 0.044964139952464954 0.19993102914114458 0.27214539600646781 0.012041793213976248 0.03727603192010065 0.037890724293578537 0.0134823282922715 0.0056735397768006837 0.63095231470000634 0.85651561242367236 0.10425428156906039 0.012742737201187571 0.1233005057642913
leaf_count=67983 22473 2670 1241 3459 36 31 828 1154 43 537 1431 39 1130 6
internal_value=0 -0.041244 -0.00538788 -0.00339654 0.00897815 -0.00444502 -0.00538788 0.0148685 0.0351515 -0.00538788 -0.00474528 0.0455952 0.00737689 0.0485019
internal_weight=0 0.345268 2.568 2.30621 0.53385 0.398508 0.361232 0.161301 0.12341 1.77236 1.50021 0.109928 0.643695 0.135342
internal_count=103061 70653 32408 9935 3378 3336 3305 2064 1236 6557 3098 82 1667 42
is_linear=0
shrinkage=0.05


Tree=120
num_leaves=15
num_cat=0
split_feature=13 12 10 9 0 2 0 10 13 2 10 13 27 27
split_gain=0.157527 0.115354 0.0397523 0.0298567 0.0214321 0.0440014 0.0543759 0.0278297 0.0102803 0.00678532 0.00485568 0.00454359 0.000409058 3.26239e-05
threshold=116.70261164351852 1.0000000180025095e-35 0.088287355324074099 131.87306708912038 8.9521299757946675 4.842499511551134 7.5883408917677038 4.1845657870370383 1.0000000180025095e-35 4.2513707062362061 1.6777341261574075 129.52690513888891 8.5000000000000018 4.5000000000000009
decision_type=10 2 10 2 10 2 10 10 10 2 10 8 2 2
left_child=1 -1 -3 4 5 6 8 -6 9 -4 13 -12 -9 -2
right_child=10 2 3 -5 7 -7 -8 12 -10 -11 11 -13 -14 -15
leaf_value=-0.042500944455160033 -0.051295672508737344 -0.042500944455160033 -0.042500944455160033 -0.042500944455160033 6.2295921436618212e-06 6.2295921436618212e-06 6.2295921436618212e-06 0.041518341989736973 -0.042500944455160033 6.2295921436618212e-06 -0.022856611085007805 -0.050000196796665432 0.051778742133367077 -0.050000201746055586
leaf_weight=0.19654461477718044 0.12280752704810692 0.043555189731483313 0.0069294130136450137 0.031767522088299027 0.013389008740860464 2.1083817664895861 0.029524673363539478 0.013339440479285258 0.11428364876609073 0.0082304650861223915 0.057463161375210334 0.021070230698872663 0.035741245450481074 0.080424459671816842
leaf_count=37974 10525 1663 35 161 138 5695 39 5 12160 10 7788 5642 5 21221
internal_value=0 -0.00567127 -0.0026616 -0.00177592 -0.00111037 -0.00190637 -0.0272731 0.0277808 -0.0425009 -0.000973669 -0.0450292 -0.0425009 0.0489901 -0.050783
internal_weight=0 2.60169 2.40514 2.36159 2.32982 2.26735 0.158968 0.0624697 0.129444 0.0151599 0.281765 0.0785334 0.0490807 0.203232
internal_count=103061 57885 19911 18248 18087 17939 12244 148 12205 45 45176 13430 10 31746
is_linear=0
shrinkage=0.05


Tree=121
num_leaves=15
num_cat=0
split_feature=13 12 11 0 2 1 2 10 11 10 0 11 10 11
split_gain=0.150412 0.10877 0.0453564 0.126024 0.0504683 0.0409277 0.0756731 0.0315954 0.0399309 0.0674167 0.0634181 0.0535054 0.0845799 0.112267
threshold=116.70261164351852 1.0000000180025095e-35 50.858644583333337 8.9521299757946675 7.2143109430455565 1.8113373733227773 4.842499511551134 0.088287355324074099 4.4911247222222235 0.40943510416666667 2.2538736072280443 10.037814861111114 0.55372670138888902 13.521292916666669
decision_type=10 2 10 10 2 8 2 10 8 10 10 8 8 8
left_child=1 -1 4 -4 5 6 -3 -8 10 -10 -9 -11 -13 -14
right_child=-2 2 3 -5 -6 -7 7 8 9 11 -12 12 13 -15
leaf_value=-0.04189174007465684 -0.044632803330037281 -0.04189174007465684 -0.04189174007465684 0.043534485826598156 0.049586547887783258 0.034285040945967363 -0.04189174007465684 -0.04189174007465684 -0.04189174007465684 0.034285040945967363 0.034285040945967363 -0.04189174007465684 0.034285040945967363 -0.0028738567222124306
leaf_weight=0.18961003585701419 0.27037111624403687 0.11002230727470008 0.13860536765207718 0.049593131672983876 0.049092724781106489 0.076295593246201387 0.031952654623654486 0.022705631077314881 0.0688095502089342 0.055033494522831294 0.085588584985089255 0.083382417805621473 0.1308112710938612 1.4931336401420812
leaf_count=37974 45176 10580 4417 41 34 163 322 365 862 32 32 393 26 2644
internal_value=0 -0.00543745 -0.00255142 -0.0261133 -0.000542061 -0.00168259 -0.00300099 -0.000747315 7.82561e-05 -0.00166645 0.0295798 0.000261364 -0.00139789 0.00116814
internal_weight=0 2.58464 2.39503 0.188198 2.20683 2.15774 2.08144 1.97142 1.93946 1.83117 0.108294 1.76236 1.70733 1.62394
internal_count=103061 57885 19911 4458 15453 15419 15256 4676 4354 3957 397 3095 3063 2670
is_linear=0
shrinkage=0.05


Tree=122
num_leaves=15
num_cat=0
split_feature=13 12 11 0 28 29 10 11 10 28 0 10 2 21
split_gain=0.142681 0.102367 0.0441004 0.119028 0.0595751 0.0678555 0.146661 0.132914 0.136154 0.0980598 0.090468 0.0510608 0.0674699 0.0251876
threshold=116.70261164351852 1.0000000180025095e-35 50.858644583333337 8.9521299757946675 0.02101166364739512 6.5000000000000009 1.2538157928240743 46.495723472222231 1.9209063368055557 0.090908387470189297 5.4480066163567473 1.1120120486111114 4.842499511551134 0.042572463768115944
decision_type=10 2 8 10 8 2 8 10 10 8 8 8 2 10
left_child=1 -1 4 -4 -3 7 10 8 9 -6 -7 12 -11 -14
right_child=-2 2 3 -5 5 6 -8 -9 -10 11 -12 -13 13 -15
leaf_value=-0.041248262032964604 -0.044101723390813599 -0.041248262032964604 -0.041248262032964604 0.042832462899434584 -0.041248262032964604 -0.041248262032964604 0.048657242316442827 -0.041248262032964604 0.055343752509188139 -0.041248262032964604 0.048657242316442827 0.036470401584306866 0.0034448826261602797 -0.018079967278465194
leaf_weight=0.18310607873325713 0.26020491793694533 0.059199178276440605 0.13316038196473862 0.047928295379323804 0.10422298979778177 0.099549903442627957 0.20043787464995971 0.13205329069110194 0.10779549765902618 0.069967696195734175 0.033763498122574648 0.093159518574819855 1.1286374097047458 0.15451496961029509
leaf_count=37974 45176 819 4421 41 5163 44 12 623 56 5712 9 438 1596 977
internal_value=0 -0.00523172 -0.00244248 -0.0261531 -0.000475865 0.000928004 0.0216262 -0.00293048 0.00100749 -0.00277013 -0.0190152 0.000665507 -0.00179959 0.000852898
internal_weight=0 2.5475 2.36439 0.181089 2.1833 2.1241 0.333751 1.79035 1.6583 1.5505 0.133313 1.44628 1.35312 1.28315
internal_count=103061 57885 19911 4462 15449 14630 65 14565 13942 13886 53 8723 8285 2573
is_linear=0
shrinkage=0.05


Tree=123
num_leaves=15
num_cat=0
split_feature=17 24 11 0 2 1 2 1 11 10 29 29 10 29
split_gain=0.134998 0.0596829 0.0591695 0.123447 0.0668467 0.0537122 0.0412751 0.031466 0.0266626 0.0448055 0.0354156 0.0154991 0.0105036 0.00813627
threshold=1.0000000180025095e-35 3163.1011447222227 50.858644583333337 8.9521299757946675 4.842499511551134 2.1762995266665839 7.2143109430455565 0.81305270639611271 10.467914027777779 0.088287355324074099 6.5000000000000009 6.5000000000000009 4.1845657870370383 5.5000000000000009
decision_type=10 8 8 10 2 10 2 8 10 10 2 2 10 2
left_child=1 2 4 -4 5 11 7 -6 9 -9 -10 -1 -5 -11
right_child=-2 -3 3 12 6 -7 -8 8 10 13 -12 -13 -14 -15
leaf_value=-0.050034590400258899 -0.050034590400258899 -0.050034590400258899 -0.050034590400258899 -0.049143568391145871 -0.0029273213706940745 0.00043782250706796881 0.048053581793828522 0.00043782250706796881 0.00043782250706796881 0.00043782250706796881 0.039995041773895762 -0.0029273213706940745 0.04790370270153816 0.047004215906964325
leaf_weight=0.13929402431012058 0.18394621887909579 0.072005863588701202 0.16059273674869429 0.0029786364624228559 1.807525054935055 0.029561051305752678 0.045512030729751518 0.021938550822823422 0.051439911066765265 0.0030676366162415971 0.057400105072047847 0.014935444723374436 0.043590397605612452 0.11966526975993474
leaf_count=25086 49320 6156 10635 61 10469 119 101 77 679 262 4 39 26 27
internal_value=0 -0.00569385 -0.00439986 -0.0299893 -0.00208529 -0.0310044 0.000437823 0.000437823 0.0158829 0.0300817 0.000437823 -0.0448253 0.0416964 0.0445796
internal_weight=0 2.56951 2.4975 0.207162 2.29034 0.183791 2.10655 2.06104 0.253511 0.144671 0.10884 0.154229 0.046569 0.122733
internal_count=103061 53741 47585 10722 36863 25244 11619 11518 1049 366 683 25125 87 289
is_linear=0
shrinkage=0.05


Tree=124
num_leaves=15
num_cat=0
split_feature=17 13 11 0 28 29 11 11 11 28 1 11 28 13
split_gain=0.129687 0.0921 0.0455167 0.108189 0.0569226 0.062134 0.13762 0.125787 0.129993 0.101454 0.0825055 0.047599 0.108519 0.0932111
threshold=1.0000000180025095e-35 116.70261164351852 50.858644583333337 8.9521299757946675 0.02101166364739512 6.5000000000000009 30.091579027777779 46.495723472222231 46.101752083333338 0.090908387470189297 1.5103641729596473 13.289440833333336 0.26664288759730681 51.074107725694454
decision_type=10 10 10 10 8 2 8 10 10 8 10 8 8 10
left_child=1 2 4 -4 -1 7 10 8 9 -6 -7 12 -11 -14
right_child=-2 -3 3 -5 5 6 -8 -9 -10 11 -12 -13 13 -15
leaf_value=-0.040642771821910464 -0.050032935439561367 -0.040642771821910464 -0.040642771821910464 0.041616020531355852 -0.040642771821910464 -0.040642771821910464 0.047718225451167579 -0.040642771821910464 0.054730889390067795 -0.040642771821910464 0.051647429934146089 0.0057757316546375483 0.023821867085325507 -0.040642771821910464
leaf_weight=0.058247523905307103 0.1749806973263216 0.17396742393836584 0.13137172044367601 0.044516558467988798 0.10959789124881834 0.096124765619295144 0.19010915351132543 0.12812356561304894 0.10382909837676391 0.13824336730131065 0.030880125860335728 1.0960410048921967 0.18202756374938156 0.057435182754753844
leaf_count=1257 49320 22562 6941 59 8181 41 16 985 95 2985 12 4305 83 6219
internal_value=0 -0.0055302 -0.00294903 -0.0274209 -0.000984186 0.000375518 0.020796 -0.00319173 0.00053343 -0.00302061 -0.019503 0.000500746 -0.0148064 0.00610998
internal_weight=0 2.54051 2.36655 0.175888 2.19066 2.13241 0.317114 1.8153 1.68717 1.58335 0.127005 1.47375 0.377706 0.239463
internal_count=103061 53741 31179 7000 24179 22922 69 22853 21868 21773 53 13592 9287 6302
is_linear=0
shrinkage=0.05


Tree=125
num_leaves=15
num_cat=0
split_feature=17 13 11 0 28 29 10 11 10 28 1 10 28 11
split_gain=0.123833 0.0855032 0.0437311 0.101932 0.0540437 0.0585814 0.12915 0.119624 0.12271 0.0966234 0.0773901 0.0449542 0.102991 0.0793659
threshold=1.0000000180025095e-35 116.70261164351852 50.858644583333337 8.9521299757946675 0.02101166364739512 6.5000000000000009 1.3219617071759262 46.495723472222231 1.9209063368055557 0.090908387470189297 1.5103641729596473 0.55372670138888902 0.26664288759730681 13.521292916666669
decision_type=10 10 8 10 8 2 10 10 10 8 10 8 8 8
left_child=1 2 4 -4 -1 7 10 8 9 -6 -7 12 -11 -13
right_child=-2 -3 3 -5 5 6 -8 -9 -10 11 -12 13 -14 -15
leaf_value=-0.039871058053254381 -0.050031358618104628 -0.039871058053254381 -0.039871058053254381 0.040832963965842059 -0.039871058053254381 -0.039871058053254381 0.047010713019317425 -0.039871058053254381 0.054210560689192472 -0.039871058053254381 0.047010713019317425 0.04448921403460572 0.0054790509563526811 0.0054790509563526811
leaf_weight=0.05601720621692742 0.16645190179782199 0.16860561059136525 0.12632455350824368 0.0431371696591063 0.10530372387727398 0.093059655770271879 0.18349086413252033 0.12346338726929551 0.099689405664548869 0.13295103116452461 0.029420132407053226 0.13038215889063284 0.23551856856169578 0.9671979215142219
leaf_count=1257 49320 22562 6945 59 8181 41 12 985 95 2985 12 96 6302 4209
internal_value=0 -0.00548924 -0.00299695 -0.0274539 -0.00107507 0.000248662 0.0204706 -0.00319927 0.000417233 -0.00299551 -0.0192899 0.000406066 -0.0147051 0.00547905
internal_weight=0 2.49456 2.32596 0.169462 2.15649 2.10048 0.305971 1.79451 1.67104 1.57135 0.12248 1.46605 0.36847 1.09758
internal_count=103061 53741 31179 7004 24175 22918 65 22853 21868 21773 53 13592 9287 4305
is_linear=0
shrinkage=0.05


Tree=126
num_leaves=15
num_cat=0
split_feature=13 12 16 28 2 16 15 28 16 2 2 2 2 13
split_gain=0.113068 0.0798376 0.0321655 0.0059775 0.037668 0.0317985 0.00868494 0.0565147 0.0132311 0.00447731 0.00430985 0.00390296 0.00346872 0.000697069
threshold=116.70261164351852 1.0000000180025095e-35 4.4327485380116967 0.08623443888946726 7.2143109430455565 13.915966386554624 23.500000000000004 0.14673623304533623 10.793258426966293 4.842499511551134 6.5961849397276051 4.842499511551134 5.6060961859542369 129.52690513888891
decision_type=10 2 10 8 2 8 2 8 8 2 2 2 2 8
left_child=1 2 -1 5 6 -3 7 -5 -9 -10 -2 -8 -13 -12
right_child=10 3 -4 4 -6 -7 11 8 9 -11 13 12 -14 -15
leaf_value=-0.042071686747077466 -0.050174711895059954 -0.042071686747077466 -0.0026036617529135667 -0.023465773973716075 0.048643628312542021 -0.0026036617529135667 -0.0026036617529135667 -0.023465773973716075 -0.0026036617529135667 0.003422412828787118 -0.019473742090317572 0.003422412828787118 0.0072815114500300177 -0.050000172237575892
leaf_weight=0.13451628671193899 0.16409973040133138 0.05254499066755669 0.022762499308507211 0.26724977920719262 0.039577873852725598 0.60898598566361073 0.014667634660495144 0.015952731329132941 0.044260675926373672 0.45892544415695408 0.059519229411035046 0.086539378536981459 0.63910391384890752 0.0019307609306591636
leaf_count=36170 43781 9057 1804 1431 26 1777 2771 2155 1026 224 815 931 513 580
internal_value=0 -0.00503429 -0.0394634 -0.00260366 0.000485179 -0.00260366 -0.000763271 -0.00260366 0.00342241 0.00342241 -0.0420717 0.00342241 0.00450226 -0.0420717
internal_weight=0 2.38509 0.157279 2.22781 1.56628 0.661531 1.5267 0.786389 0.519139 0.503186 0.22555 0.740311 0.725643 0.06145
internal_count=103061 57885 37974 19911 9077 10834 9051 4836 3405 1250 45176 4215 1444 1395
is_linear=0
shrinkage=0.05


Tree=127
num_leaves=15
num_cat=0
split_feature=17 13 11 13 28 29 10 11 10 28 1 10 2 1
split_gain=0.113874 0.0739851 0.0406883 0.0551537 0.0505638 0.0545843 0.120329 0.111386 0.11664 0.0895962 0.0725934 0.0465309 0.0655836 0.0267108
threshold=1.0000000180025095e-35 116.70261164351852 50.858644583333337 71.91574287037038 0.02101166364739512 6.5000000000000009 1.3219617071759262 46.495723472222231 1.9209063368055557 0.090908387470189297 1.5103641729596473 1.1120120486111114 4.842499511551134 2.1762995266665839
decision_type=10 10 8 8 8 2 10 8 8 8 8 8 2 10
left_child=1 2 4 13 -1 7 10 8 9 -6 -7 12 -11 -4
right_child=-2 -3 3 -5 5 6 -8 -9 -10 11 -12 -13 -14 -15
leaf_value=-0.038428333974198349 -0.050028707249323949 -0.038428333974198349 -0.038428333974198349 -0.038428333974198349 -0.038428333974198349 -0.038428333974198349 0.046245586498087216 -0.038428333974198349 0.053757374599456648 -0.038428333974198349 0.046245586498087216 0.034270916754921513 0.00047618430131551344 0.051475183868115629
leaf_weight=0.053602710889883005 0.15150352789416333 0.15813733067541447 0.0089033648273634455 0.12518010081405026 0.099745111544900358 0.090089900864574024 0.17579368650366559 0.11778305740548445 0.09586776845389966 0.071171071368158478 0.028056849355487995 0.093600185810835845 1.2944179915664957 0.027836887165904045
leaf_count=1257 49320 22562 134 6869 8181 41 12 985 95 8775 12 681 4136 1
internal_value=0 -0.00535516 -0.00306331 -0.027222 -0.00121825 6.41985e-05 0.0200195 -0.0032449 0.000227315 -0.00306455 -0.0190031 0.000166833 -0.00217073 0.0271949
internal_weight=0 2.44019 2.28205 0.16192 2.12013 2.06653 0.29394 1.77259 1.6548 1.55893 0.118147 1.45919 1.36559 0.0367403
internal_count=103061 53741 31179 7004 24175 22918 65 22853 21868 21773 53 13592 12911 135
is_linear=0
shrinkage=0.05


Tree=128
num_leaves=15
num_cat=0
split_feature=13 12 11 0 28 29 10 11 10 28 1 10 2 21
split_gain=0.100154 0.0712169 0.0341681 0.0917284 0.0480873 0.0494858 0.112639 0.108221 0.108946 0.0785206 0.0685881 0.0460088 0.0539992 0.0213464
threshold=116.70261164351852 1.0000000180025095e-35 50.858644583333337 8.9521299757946675 0.02101166364739512 6.5000000000000009 1.3219617071759262 46.495723472222231 1.9209063368055557 0.090908387470189297 1.5103641729596473 1.1120120486111114 4.842499511551134 0.042572463768115944
decision_type=10 2 10 10 8 2 10 10 10 8 10 8 2 10
left_child=1 -1 4 -4 -3 7 10 8 9 -6 -7 12 -11 -14
right_child=-2 2 3 -5 5 6 -8 -9 -10 11 -12 -13 13 -15
leaf_value=-0.038631161437223692 -0.040896028580104694 -0.038631161437223692 -0.038631161437223692 0.040358916360925687 -0.038631161437223692 -0.038631161437223692 0.045486932418057388 -0.038631161437223692 0.053471799190283831 -0.038631161437223692 0.045486932418057388 0.034871688469087829 0.0025443380222275758 -0.017498159342259855
leaf_weight=0.14613895446119274 0.20984228994226217 0.050269202947123975 0.10763714558590533 0.040696828381314817 0.08612163505422836 0.087451743510794419 0.16993921705616924 0.11256858984438589 0.091843289663302241 0.058656655569521488 0.026858980372007388 0.090003639349632736 1.1180950585014204 0.15076333670361242
leaf_count=37974 45176 819 4417 41 5163 45 12 623 56 5712 12 438 1596 977
internal_value=0 -0.00483581 -0.00258158 -0.0257521 -0.000898901 0.000355861 0.0196726 -0.00285878 0.000605592 -0.00262351 -0.0187042 0.000276495 -0.00206901 0.000162927
internal_weight=0 2.33704 2.19091 0.148334 2.04257 1.9923 0.28425 1.70805 1.59548 1.50364 0.114311 1.41752 1.32752 1.26886
internal_count=103061 57885 19911 4458 15453 14634 69 14565 13942 13886 57 8723 8285 2573
is_linear=0
shrinkage=0.05


Tree=129
num_leaves=15
num_cat=0
split_feature=17 13 28 21 1 2 9 2 0 0 21 28 2 28
split_gain=0.105356 0.0630565 0.0241098 0.0500499 0.0401519 0.0337033 0.0272322 0.039157 0.0566671 0.0132107 0.00958405 0.0718755 0.0150523 0.0968847
threshold=1.0000000180025095e-35 116.70261164351852 0.08623443888946726 0.016261237440507673 1.8113373733227773 7.2143109430455565 99.395999988425942 5.7965788290515023 0.37802262930934727 11.797778784718689 0.042572463768115944 0.14673623304533623 6.8265344882899663 0.26664288759730681
decision_type=10 10 8 10 10 2 2 2 8 10 8 8 2 8
left_child=1 2 3 6 5 10 -1 9 -9 -8 -4 -12 13 -13
right_child=-2 -3 4 -5 -6 -7 7 8 -10 -11 11 12 -14 -15
leaf_value=-0.0024250392235257404 -0.05002633315385753 -0.036616166115115804 0.0031434570634088356 -0.036616166115115804 0.041756861436792039 0.041756861436792039 -0.036616166115115804 -0.036616166115115804 -0.0024250392235257404 -0.0024250392235257404 -0.031438230464452745 -0.031438230464452745 0.0031434570634088356 0.0031434570634088356
leaf_weight=0.24468441530609475 0.13854080427799331 0.14931998962828696 0.77270447650685481 0.082446721410246004 0.056189624885103373 0.035068799304279419 0.097361763360792913 0.064026519265098614 0.13043699099378106 0.013772210085789993 0.2302825450627487 0.14252942619397763 0.14600705585187645 0.20180001931518049
leaf_count=416 49320 22562 7715 15408 143 32 1117 44 40 10 1842 1471 53 2888
internal_value=0 -0.00516592 -0.00304797 -0.0112989 0.000246648 -0.00127943 -0.00556168 -0.0179329 -0.00418242 -0.0366162 -0.00242504 -0.00242504 0.00242557 -0.00242504
internal_weight=0 2.36663 2.21731 0.632729 1.58458 1.52839 0.550282 0.305597 0.194464 0.111134 1.49332 0.720619 0.490337 0.344329
internal_count=103061 53741 31179 17035 14144 14001 1627 1211 84 1127 13969 6254 4412 4359
is_linear=0
shrinkage=0.05


Tree=130
num_leaves=15
num_cat=0
split_feature=17 13 11 0 28 29 10 11 10 28 1 10 2 21
split_gain=0.102085 0.0593136 0.0367127 0.0847094 0.0442235 0.0457428 0.106021 0.0976153 0.103032 0.0789159 0.0618794 0.0401638 0.0588891 0.0199627
threshold=1.0000000180025095e-35 116.70261164351852 50.858644583333337 8.9521299757946675 0.02101166364739512 6.5000000000000009 1.3219617071759262 46.495723472222231 1.9209063368055557 0.090908387470189297 1.5103641729596473 1.1120120486111114 4.842499511551134 0.042572463768115944
decision_type=10 10 10 10 8 2 10 8 8 8 10 10 2 10
left_child=1 2 4 -4 -1 7 10 8 9 -6 -7 12 -11 -14
right_child=-2 -3 3 -5 5 6 -8 -9 -10 11 -12 -13 13 -15
leaf_value=-0.03571183100165054 -0.050025067302369046 -0.03571183100165054 -0.03571183100165054 0.039445181803467809 -0.03571183100165054 -0.03571183100165054 0.044761991220092834 -0.03571183100165054 0.052862730289011006 -0.03571183100165054 0.044761991220092834 0.032676904673320878 0.0028821287187597907 -0.016536744728888417
leaf_weight=0.048263934284882321 0.13178733980857149 0.14554375240462647 0.10947547658643812 0.039631551861518524 0.089721331303070612 0.085085712018970389 0.16319200977197901 0.10628945597459694 0.088437701825341608 0.06531779889698186 0.024729013952383722 0.089936726337191408 1.1395021588636904 0.14973725234983981
leaf_count=1257 49320 22562 6941 59 8181 45 12 985 95 8775 12 681 2729 1407
internal_value=0 -0.00479921 -0.00275352 -0.0267079 -0.00101138 0.000182133 0.019202 -0.00282118 0.000385961 -0.00263899 -0.0187818 0.000320557 -0.00182776 0.000626746
internal_weight=0 2.34486 2.19932 0.149107 2.05021 2.00195 0.273007 1.72894 1.62265 1.53422 0.109815 1.44449 1.35456 1.28924
internal_count=103061 53741 31179 7000 24179 22922 69 22853 21868 21773 57 13592 12911 4136
is_linear=0
shrinkage=0.05


Tree=131
num_leaves=15
num_cat=0
split_feature=17 13 11 0 28 13 11 11 11 28 11 28 13 21
split_gain=0.0974411 0.0545627 0.0356245 0.0792675 0.0419654 0.042919 0.0928084 0.0841608 0.0947719 0.0751831 0.0265067 0.0883832 0.045077 0.0105487
threshold=1.0000000180025095e-35 116.70261164351852 50.858644583333337 8.9521299757946675 0.02101166364739512 1.0000000180025095e-35 46.495723472222231 31.727080972222225 46.101752083333338 0.090908387470189297 13.289440833333336 0.26664288759730681 51.074107725694454 0.042572463768115944
decision_type=10 10 8 10 8 10 8 10 10 8 8 8 10 10
left_child=1 2 4 -4 -1 7 8 -6 9 -7 11 -11 -13 -12
right_child=-2 -3 3 -5 5 6 -8 -9 -10 10 13 12 -14 -15
leaf_value=-0.034786917974634651 -0.050023861469872158 -0.034786917974634651 -0.034786917974634651 0.038587746008327421 0.00029945785527612557 -0.034786917974634651 -0.034786917974634651 0.04395330397271293 0.04395330397271293 -0.034786917974634651 0.00029945785527612557 0.00029945785527612557 -0.034786917974634651 -0.01820121998696414
leaf_weight=0.046628819354939663 0.12536294127700021 0.14203359574561769 0.10575785399429613 0.03851532873301669 0.10656158264445942 0.086618440866130242 0.10283281800402067 0.15801750242867002 0.084911127449231683 0.12151942185409646 0.94688861100195976 0.18082541658413426 0.052515182926969994 0.13925847358292953
leaf_count=1257 49320 22562 6945 59 50 8182 985 12 95 2985 2894 83 6219 1413
internal_value=0 -0.00476347 -0.00279911 -0.026805 -0.00109011 7.28554e-05 -0.00281827 0.0188171 0.000299458 -0.00259429 0.000271544 -0.013366 0.000299458 0.000299458
internal_weight=0 2.31288 2.17085 0.144273 2.02658 1.97995 1.71537 0.264579 1.61254 1.52763 1.44101 0.35486 0.233341 1.08615
internal_count=103061 53741 31179 7004 24175 22918 22856 62 21871 21776 13594 9287 6302 4307
is_linear=0
shrinkage=0.05


Tree=132
num_leaves=15
num_cat=0
split_feature=17 24 11 0 28 2 27 10 29 11 11 16 15 10
split_gain=0.0937517 0.0447541 0.0445332 0.0883094 0.0453983 0.0428779 0.0428431 0.0289801 0.0893204 0.0400439 0.0449309 0.0216144 0.0142812 0.0107145
threshold=1.0000000180025095e-35 3163.1011447222227 50.858644583333337 8.9521299757946675 0.02101166364739512 4.842499511551134 8.5000000000000018 1.3219617071759262 6.5000000000000009 46.495723472222231 46.101752083333338 13.915966386554624 34.500000000000007 4.1845657870370383
decision_type=10 8 8 10 8 2 2 10 2 10 10 8 2 10
left_child=1 2 4 -4 -1 6 -6 -7 9 10 12 -8 -9 -5
right_child=-2 -3 3 13 5 7 11 8 -10 -11 -12 -13 -14 -15
leaf_value=-0.050022713449105354 -0.050022713449105354 -0.050022713449105354 -0.050022713449105354 -0.049324188397686354 -0.050022713449105354 0.0015897225532835076 -0.05000016704192313 0.0015897225532835076 0.046271038901627357 0.0015897225532835076 0.053966301409289257 0.0015897225532835076 0.040692853130884138 0.045714445920568628
leaf_weight=0.046459939494003857 0.11925158656784773 0.05199537019665923 0.11803718690930365 0.0032461251188351517 0.08303593830391312 1.5060769214751741 0.020570915173169252 0.027192025158574551 0.14814086351543665 0.097043127526761808 0.080469937886618936 0.041218815481685434 0.025489045522363085 0.034315397922682678
leaf_count=1900 49320 6156 10635 61 16411 9023 6967 1299 4 285 35 518 421 26
internal_value=0 -0.00454671 -0.00347808 -0.0292777 -0.00154409 -0.000425185 -0.0266423 0.00158972 0.015428 0.00158972 0.0301259 0.00158972 0.00158972 0.0375011
internal_weight=0 2.28329 2.2313 0.155599 2.0757 2.02924 0.144826 1.88441 0.378335 0.230194 0.133151 0.0617897 0.0526811 0.0375615
internal_count=103061 53741 47585 10722 36863 34963 23896 11067 2044 2040 1755 7485 1720 87
is_linear=0
shrinkage=0.05


Tree=133
num_leaves=15
num_cat=0
split_feature=17 13 11 0 28 11 29 11 11 28 11 11 11 11
split_gain=0.0891092 0.0496065 0.0330365 0.0705366 0.0379905 0.0336057 0.0475903 0.091785 0.0844483 0.0738011 0.0661515 0.0763565 0.0356668 0.037981
threshold=1.0000000180025095e-35 116.70261164351852 50.858644583333337 8.9521299757946675 0.02101166364739512 2.1188965277777783 6.5000000000000009 46.495723472222231 46.101752083333338 0.090908387470189297 31.727080972222225 10.467914027777779 26.688289166666671 2.2262711111111115
decision_type=10 10 10 10 8 8 2 8 8 8 10 10 10 8
left_child=1 2 4 -4 -1 -6 7 8 9 -7 11 -8 13 -11
right_child=-2 -3 3 -5 5 6 10 -9 -10 12 -12 -13 -14 -15
leaf_value=-0.034019365810569621 -0.050021619573610898 -0.034019365810569621 -0.034019365810569621 0.037316065823518103 -0.034019365810569621 -0.034019365810569621 0.047888058976382715 -0.034019365810569621 0.051624779904647547 0.048861598035827569 0.042382327567018797 -0.034019365810569621 0.03192409075832036 -0.0022384289439231968
leaf_weight=0.042960466331896943 0.11343803606033631 0.13479841355900912 0.097416107888525921 0.036010405047859823 0.036210030348226757 0.082206247128643078 0.034798942402979427 0.099585369119956968 0.078531536328227847 0.037420732118335298 0.14794658808427602 0.054268780490077717 0.088884144623657124 1.2869411580820447
leaf_count=1257 49320 22562 6941 59 2578 8179 16 985 95 121 12 37 681 10218
internal_value=0 -0.00460698 -0.00273962 -0.0268249 -0.00112454 -3.79854e-05 0.00091761 -0.00205208 0.00108544 -0.00156856 0.0218868 -0.0121576 0.00126323 -0.000794563
internal_weight=0 2.25798 2.12318 0.133427 1.98975 1.94679 1.91058 1.67357 1.57398 1.49545 0.237014 0.0890677 1.41325 1.32436
internal_count=103061 53741 31179 7000 24179 22922 20344 20279 19294 19199 65 53 11020 10339
is_linear=0
shrinkage=0.05


Tree=134
num_leaves=15
num_cat=0
split_feature=2 29 27 29 11 11 2 27 28 13 15 11 29 11
split_gain=0.0773301 0.0796179 0.0236219 0.0207465 0.0199081 0.0952811 0.0439759 0.0427536 0.0433271 0.0510246 0.0142555 0.000125561 1.50404e-05 2.20982e-07
threshold=4.842499511551134 5.5000000000000009 8.5000000000000018 3.5000000000000004 13.521292916666669 13.289440833333336 6.8265344882899663 4.5000000000000009 0.26664288759730681 51.074107725694454 23.500000000000004 9.8264425000000006 4.5000000000000009 204.20192666666671
decision_type=2 2 2 2 8 8 2 2 8 8 2 10 2 10
left_child=1 12 -3 -2 5 7 -7 -5 -9 11 -6 -10 13 -1
right_child=3 2 -4 4 10 6 -8 8 9 -11 -12 -13 -14 -15
leaf_value=-0.050013356636002176 -0.049867721709827319 -0.049995042835687752 -0.0032729810848368592 -0.021548482331692265 -0.0032729810848368592 -0.0032729810848368592 0.056881755182717209 -0.0032729810848368592 0.049306289807189096 -0.0032729810848368592 0.0042259448844601446 0.053012659545031308 -0.048631195144534178 -0.050300605553156588
leaf_weight=0.1644859651058132 0.023482240003805166 0.032114672319894441 0.063249240564369077 0.19964278398458221 0.75551401734532864 0.013737376124417611 0.1101278105709298 0.033941644894156686 0.039831364130131997 0.020358268385818279 0.79695154953539682 0.053599544164044916 0.021816139869629741 0.0069795515873920513
leaf_count=71532 9394 2645 650 2344 5301 71 7 1460 8 2182 6712 2 470 283
internal_value=0 -0.0309172 -0.00327298 -0.00327298 -0.00273078 0.00706521 0.0449939 -0.00327298 0.0139322 0.0332815 -0.00327298 0.0514326 -0.0498677 -0.050025
internal_weight=0 0.288646 0.0953639 2.04719 2.0237 0.471239 0.123865 0.347374 0.147731 0.113789 1.55247 0.0934309 0.193282 0.171466
internal_count=103061 75580 3295 27481 18087 6074 78 5996 3652 2192 12013 10 72285 71815
is_linear=0
shrinkage=0.05


Tree=135
num_leaves=15
num_cat=0
split_feature=2 29 27 29 11 10 2 29 27 15 29 11 21 2
split_gain=0.0695219 0.0793986 0.0210784 0.0195859 0.0181455 0.0898441 0.0432282 0.0279189 0.0173301 0.0144561 1.95884e-05 1.90174e-07 1.60024e-07 1.0538e-07
threshold=4.842499511551134 5.5000000000000009 8.5000000000000018 3.5000000000000004 13.521292916666669 0.55372670138888902 6.8265344882899663 4.5000000000000009 4.5000000000000009 23.500000000000004 4.5000000000000009 204.20192666666671 0.41666666666666669 4.2112235444815749
decision_type=2 2 2 2 8 10 2 2 2 2 2 10 10 2
left_child=1 10 13 -2 5 7 -7 -5 -9 -6 11 12 -1 -3
right_child=3 2 -4 4 9 6 -8 8 -10 -11 -12 -13 -14 -15
leaf_value=-0.049999953684837693 -0.049839341244978026 -0.050031121726997321 -0.0034408152722334856 -0.049839341244978026 -0.0034408152722334856 -0.0034408152722334856 0.056454502676958229 -0.018828872794697579 -0.0034408152722334856 0.00400863575308333 -0.048396261108404774 -0.050285874066781547 -0.050213425915820925 -0.049779632976737258
leaf_weight=0.14712992957155918 0.022339958354750222 0.025575487928033623 0.063390528128655685 0.033777796547640682 0.75472150230386936 0.013693033061578319 0.10552955216417104 0.18628317482041001 0.12125362823669217 0.79811630472176009 0.020850397565602252 0.0066410509408569842 0.0093359890351227548 0.0049758421060359303
leaf_count=69632 9394 2140 650 5656 5301 71 7 191 149 6712 470 283 1900 505
internal_value=0 -0.0301017 -0.00344082 -0.00344082 -0.0029242 0.0065426 0.0441928 -0.00344082 -0.00344082 -0.00344082 -0.0498393 -0.0500238 -0.0500127 -0.0499902
internal_weight=0 0.277899 0.0939419 2.03571 2.01337 0.460537 0.119223 0.341315 0.307537 1.55284 0.183957 0.163107 0.156466 0.0305513
internal_count=103061 75580 3295 27481 18087 6074 78 5996 340 12013 72285 71815 71532 2645
is_linear=0
shrinkage=0.05


Tree=136
num_leaves=8
num_cat=0
split_feature=17 13 11 11 11 21 11
split_gain=0.0776537 0.0427919 0.031653 0.0306509 0.0439092 1.08774e-07 5.87252e-08
threshold=1.0000000180025095e-35 116.70261164351852 40.265619027777781 2.1188965277777783 40.761520694444449 0.41666666666666669 22.732870277777781
decision_type=10 10 10 10 8 10 10
left_child=1 3 -3 -1 -4 -2 -7
right_child=5 2 4 -5 -6 6 -8
leaf_value=-0.050018592721410952 -0.050018592721410952 -0.050018592721410952 0.050253355795146962 -0.0020079393062132286 -0.050018592721410952 -0.050018592721410952 -0.05026813154871014
leaf_weight=0.033213486056779984 0.088256086107471793 0.083838424109952014 0.022728889563154553 2.0367045059965836 0.020958946104684628 0.0029645676529053179 0.0067247723586474593
leaf_count=2582 47017 15328 94 28597 7140 1782 521
internal_value=0 -0.00451681 -0.0326273 -0.00278495 -0.00278495 -0.0500186 -0.0501861
internal_weight=0 2.19744 0.127526 2.06992 0.0436878 0.0979454 0.00968934
internal_count=103061 53741 22562 31179 7234 49320 2303
is_linear=0
shrinkage=0.05


Tree=137
num_leaves=11
num_cat=0
split_feature=17 13 10 10 11 11 0 27 29 29
split_gain=0.0746713 0.0411793 0.0301312 0.0292972 0.0390224 0.0416866 0.000119178 7.06243e-08 4.62307e-08 2.759e-08
threshold=1.0000000180025095e-35 116.70261164351852 1.6777341261574075 0.088287355324074099 2.2262711111111115 40.761520694444449 3.3632391232583734 1.5000000000000002 2.5000000000000004 3.5000000000000004
decision_type=10 10 8 10 10 8 10 2 2 2
left_child=1 3 -3 -1 6 -4 -5 8 -2 -10
right_child=7 2 5 4 -6 -7 -8 -9 9 -11
leaf_value=-0.05001768697044201 -0.05001768697044201 -0.05001768697044201 0.048856881829973484 0.048856881829973484 -0.0026502657554167875 -0.05001768697044201 0.051727958487196649 -0.05001768697044201 -0.050255469876624548 -0.05001768697044201
leaf_weight=0.031619323076760408 0.0038844359350490645 0.079859308822377226 0.021684315065726892 0.0010497263324399366 1.9985720816846466 0.01993957046943251 0.036144706260529347 0.081621156077704066 0.0063867684105171837 0.0012762598692290794
leaf_count=2582 2204 15328 94 112 28476 7140 9 45918 485 713
internal_value=0 -0.00431271 -0.032604 -0.00265027 -0.00190844 -0.00265027 0.0488569 -0.0500177 -0.0501413 -0.0502129
internal_weight=0 2.18887 0.121483 2.06739 2.03577 0.0416239 0.0371944 0.0931686 0.0115475 0.00766303
internal_count=103061 53741 22562 31179 28597 7234 121 49320 3402 1198
is_linear=0
shrinkage=0.05


Tree=138
num_leaves=15
num_cat=0
split_feature=17 13 11 0 28 29 11 10 10 28 0 10 2 0
split_gain=0.0717224 0.0395253 0.0301276 0.067007 0.0354899 0.034722 0.0834097 0.0829205 0.0825394 0.0658436 0.055779 0.0357616 0.0448394 0.0184165
threshold=1.0000000180025095e-35 116.70261164351852 50.858644583333337 8.9521299757946675 0.02101166364739512 6.5000000000000009 46.495723472222231 1.9209063368055557 1.2538157928240743 0.090908387470189297 5.4480066163567473 1.1120120486111114 4.842499511551134 3.3632391232583734
decision_type=10 10 10 10 8 2 10 10 8 8 8 10 2 10
left_child=1 2 4 -4 -1 6 7 9 10 -6 -7 12 -11 -14
right_child=-2 -3 3 -5 5 8 -8 -9 -10 11 -12 -13 13 -15
leaf_value=-0.032562286611508819 -0.050016824832880571 -0.032562286611508819 -0.032562286611508819 0.037743129963744182 -0.032562286611508819 -0.032562286611508819 -0.032562286611508819 0.051416953922168745 0.041828016340519802 -0.032562286611508819 0.041828016340519802 0.031412350363557683 -0.00067660814952598619 0.031412350363557683
leaf_weight=0.040934812605446409 0.088624777461296822 0.11574843673262503 0.0917895751484189 0.034943952585895888 0.077374257655072415 0.077304474777465146 0.095288279407106491 0.075956525367246175 0.14464618673121593 0.052044795521125731 0.023592431144579928 0.087732470691310405 1.2191109065685573 0.042198714825683603
leaf_count=1257 49320 22562 6941 59 8181 44 985 95 16 8775 9 681 3929 207
internal_value=0 -0.00413104 -0.00253579 -0.0261536 -0.000989884 7.45139e-05 -0.00253644 0.000467506 0.0176165 -0.00215004 -0.0170933 0.00050535 -0.00155925 0.000448685
internal_weight=0 2.17867 2.06292 0.126734 1.93618 1.89525 1.64971 1.55442 0.245543 1.47846 0.100897 1.40109 1.31335 1.26131
internal_count=103061 53741 31179 7000 24179 22922 22853 21868 69 21773 53 13592 12911 4136
is_linear=0
shrinkage=0.05


Tree=139
num_leaves=15
num_cat=0
split_feature=17 11 0 28 29 11 10 10 0 9 28 0 2 10
split_gain=0.0683356 0.0357323 0.0776876 0.0383952 0.0377261 0.0891276 0.0828471 0.0770319 0.0535362 0.045756 0.0333034 0.0254863 0.0592465 0.0288749
threshold=1.0000000180025095e-35 50.858644583333337 8.9521299757946675 0.02101166364739512 6.5000000000000009 46.495723472222231 1.9209063368055557 1.2538157928240743 5.4480066163567473 128.4285807638889 0.049563210532752949 3.3632391232583734 4.842499511551134 0.1807949479166667
decision_type=10 10 10 8 2 10 10 8 8 2 8 10 2 10
left_child=1 3 -3 -1 5 6 9 8 -6 10 -5 12 -12 -14
right_child=-2 2 -4 4 7 -7 -8 -9 -10 -11 11 -13 13 -15
leaf_value=-0.05001601189466353 -0.05001601189466353 -0.05001601189466353 0.036626361323202267 -0.05001601189466353 -0.037203173017082453 -0.05001601189466353 0.050740819660159378 0.040930028966333472 0.040930028966333472 -0.05001601189466353 -0.05001601189466353 0.027879989983577897 -0.05001601189466353 0.00077157233754226963
leaf_weight=0.041200231015455273 0.084303831683131381 0.10332277858762678 0.034118426165673121 0.035221117151130098 0.075507446038909382 0.093726146685994771 0.073068390874141298 0.14053450882824914 0.022670860275052246 0.050947289324542289 0.06231479789542671 0.072557690159275601 0.028330411339357542 1.3185572812688062
leaf_count=2151 49320 11965 96 4737 44 1675 158 16 11 6646 16834 1364 1515 6529
internal_value=0 -0.00412647 -0.0287932 -0.00244367 -0.00144631 -0.00401081 -0.00130108 0.0171899 -0.0167923 -0.00372633 -0.00216098 -0.00101878 -0.00250674 -0.000301543
internal_weight=0 2.15208 0.137441 2.01464 1.97344 1.73472 1.641 0.238713 0.0981783 1.56793 1.51698 1.48176 1.4092 1.34689
internal_count=103061 53741 12061 41680 39529 39458 37783 71 55 37625 30979 26242 24878 8044
is_linear=0
shrinkage=0.05


Tree=140
num_leaves=15
num_cat=0
split_feature=29 24 11 0 10 11 13 11 10 10 21 2 11 11
split_gain=0.0549366 0.036732 0.0356754 0.0735015 0.0303048 0.032696 0.034302 0.0844104 0.0467283 0.0394387 0.0564551 0.0393402 0.03771 0.0270831
threshold=3.5000000000000004 3163.1011447222227 50.858644583333337 8.9521299757946675 0.088287355324074099 2.2262711111111115 1.0000000180025095e-35 46.495723472222231 2.0936338425925931 0.55372670138888902 0.042572463768115944 5.6060961859542369 10.037814861111114 10.467914027777779
decision_type=2 8 10 10 10 10 10 10 10 8 10 2 10 10
left_child=-1 2 4 -4 -2 -6 8 9 13 12 11 -11 -8 -7
right_child=1 -3 3 -5 5 6 7 -9 -10 10 -12 -13 -14 -15
leaf_value=-0.050017956290558524 -0.050319555220959968 -0.050319555220959968 -0.050319555220959968 0.035619390140822271 0.047900345108985838 0.048042453692465625 -0.01841197600500042 -0.050319555220959968 0.053538714323234149 -0.01841197600500042 -0.01841197600500042 0.0028487250068060378 -0.050319555220959968 0.0028487250068060378
leaf_weight=0.06765936148581575 0.031435653421549525 0.042415883904243556 0.098033125291800083 0.033310125814956737 0.033809571496931201 0.033149942048566472 0.1942972820175054 0.090657876943968652 0.061727643013000488 0.18420663832360518 0.17975856446794058 0.92262379332482158 0.089010465679436657 0.13941834394608965
leaf_count=41333 4537 7161 12010 113 217 8 9825 2202 1 14173 6813 1846 2778 44
internal_value=0 -0.00425488 -0.00332066 -0.0285477 -0.00163023 -0.000836502 -0.00170611 -0.00423307 0.0162035 -0.00152367 0.00219515 0.00284873 -0.018412 0.00284873
internal_weight=0 2.13385 2.09144 0.131343 1.9601 1.92866 1.89485 1.66055 0.234296 1.5699 1.28659 1.10683 0.283308 0.172568
internal_count=103061 61728 54567 12123 42444 37907 37690 37637 53 35435 22832 16019 12603 52
is_linear=0
shrinkage=0.05


Tree=141
num_leaves=15
num_cat=0
split_feature=17 24 11 0 28 10 28 13 13 11 2 28 10 11
split_gain=0.0635053 0.0346796 0.0334933 0.0693952 0.0379853 0.0310416 0.0751721 0.0594367 0.0449033 0.0405185 0.0387076 0.0505791 0.0101582 0.00450597
threshold=1.0000000180025095e-35 3163.1011447222227 50.858644583333337 8.9521299757946675 0.02101166364739512 1.238355908564815 0.090908387470189297 1.0000000180025095e-35 116.70261164351852 46.495723472222231 5.7965788290515023 0.12675009662621681 4.1845657870370383 50.247212222222224
decision_type=10 8 10 10 8 10 8 10 10 10 2 8 10 10
left_child=1 2 4 -4 -1 6 -6 13 -8 10 11 -9 -5 -7
right_child=-2 -3 3 12 5 7 8 9 -10 -11 -12 -13 -14 -15
leaf_value=-0.050014463319313619 -0.050014463319313619 -0.050014463319313619 -0.050014463319313619 -0.049379820848536787 -0.050014463319313619 0.039526496668324008 -0.00067046918194989475 -0.050014463319313619 -0.050014463319313619 -0.00067046918194989475 0.039526496668324008 0.039526496668324008 0.044070820998121929 0.053354235582489896
leaf_weight=0.038773387069560204 0.076510384694237099 0.039054189874246137 0.091259647614762518 0.0032288489923105171 0.080219007670712592 0.074951626513637931 1.3996984615947006 0.032028938408846505 0.044605756272472319 0.084979252565457936 0.096195556776738037 0.022820856579073734 0.029261580873480852 0.058915037661790848
leaf_count=1900 49320 6156 10635 61 7482 12 13174 5089 6966 1494 657 88 26 1
internal_value=0 -0.00363772 -0.00275149 -0.027969 -0.00113723 -0.00013453 -0.00328717 0.0128592 -0.000670469 -0.000670469 0.0253028 -0.000670469 0.0347838 0.0395265
internal_weight=0 2.09599 2.05694 0.12375 1.93319 1.89441 1.52452 0.369891 1.4443 0.236025 0.151045 0.0548498 0.0324904 0.133867
internal_count=103061 53741 47585 10722 36863 34963 27622 7341 20140 7328 5834 5177 87 13
is_linear=0
shrinkage=0.05


Tree=142
num_leaves=15
num_cat=0
split_feature=17 24 11 0 28 10 29 11 10 10 28 11 28 10
split_gain=0.0606985 0.0330779 0.0317876 0.0658731 0.0360304 0.0294485 0.0355428 0.0873474 0.0691183 0.0483626 0.108315 0.0318835 0.0300146 0.0323641
threshold=1.0000000180025095e-35 3163.1011447222227 50.858644583333337 8.9521299757946675 0.02101166364739512 0.088287355324074099 6.5000000000000009 46.495723472222231 1.9209063368055557 1.6372936574074075 0.08623443888946726 2.2262711111111115 0.049563210532752949 0.55372670138888902
decision_type=10 8 10 10 8 10 2 10 10 10 10 8 8 10
left_child=1 2 4 -4 -1 -6 7 8 11 10 -8 -7 -13 -14
right_child=-2 -3 3 -5 5 6 9 -9 -10 -11 -12 12 13 -15
leaf_value=-0.050013763522799452 -0.050013763522799452 -0.050013763522799452 -0.050013763522799452 0.03434620522927774 -0.050013763522799452 0.047624456095714578 -0.050013763522799452 -0.050013763522799452 0.050289900957898481 0.046922489395300998 0.046534548047997476 -0.050013763522799452 -0.016837202412368517 0.0022542377766159544
leaf_weight=0.036941720041186746 0.072779921477376663 0.037171531168877503 0.086916834330133613 0.031287628427957209 0.02884254473842518 0.032416076816502548 0.056938107113230357 0.084925797110151913 0.067550698447803481 0.092820997582748532 0.057920594665639785 0.032343699962464487 0.27507872460498117 1.1501342415973994
leaf_count=1900 49320 6156 10635 87 3888 192 22 1494 138 6 23 5114 10787 13299
internal_value=0 -0.00355665 -0.00270248 -0.0278666 -0.00114995 -0.000188529 0.000593036 -0.00187128 0.000822018 0.0200822 -0.00160826 -0.0014207 -0.00251147 -0.00143058
internal_weight=0 2.07129 2.03412 0.118204 1.91591 1.87897 1.85013 1.64245 1.55752 0.20768 0.114859 1.48997 1.45756 1.42521
internal_count=103061 53741 47585 10722 36863 34963 31075 31024 29530 51 45 29392 29200 24086
is_linear=0
shrinkage=0.05


Tree=143
num_leaves=15
num_cat=0
split_feature=17 24 10 13 15 0 27 13 2 15 0 13 21 27
split_gain=0.058109 0.0316063 0.0253276 0.0174168 0.0310386 0.0049677 0.0215031 0.0214769 0.00486905 0.00476762 0.00253887 3.40394e-05 3.81806e-08 2.72638e-08
threshold=1.0000000180025095e-35 3163.1011447222227 0.088287355324074099 116.70261164351852 34.500000000000007 3.3632391232583734 8.5000000000000018 51.074107725694454 6.5961849397276051 23.500000000000004 7.5883408917677038 87.94310203703705 0.41666666666666669 1.5000000000000002
decision_type=10 8 8 10 2 10 2 8 2 2 10 10 10 2
left_child=1 2 -1 5 -5 9 7 -7 -6 -4 -8 -12 -2 -14
right_child=12 -3 3 4 8 6 10 -9 -10 -11 11 -13 13 -15
leaf_value=-0.05001309740323228 -0.05001309740323228 -0.05001309740323228 -0.0047225631209014572 -0.05001309740323228 -0.05001309740323228 0.036851035236248962 0.036851035236248962 -0.00098727686169262094 -0.00098727686169262094 -0.00098727686169262094 0.050960869453872709 0.048048400239967898 -0.050207670510042338 -0.05001309740323228
leaf_weight=0.027452581625796453 0.062390943313579306 0.035378619430301295 0.94106963401173738 0.049788965930620127 0.0095552241896637857 0.034271001858406328 0.0058202905532948731 0.088340978893342414 0.02048746262835266 0.79025735435308964 0.01854293829820311 0.021858154754795578 0.0043216224639557104 0.0025187361778898007
leaf_count=3888 47017 6156 11513 11763 3404 17 347 1150 107 15294 3 99 184 2119
internal_value=0 -0.00343545 -0.0026098 -0.00194848 -0.0248271 -0.000987277 0.00758939 -0.000987277 -0.000987277 -0.000987277 0.036851 0.0493851 -0.0500131 -0.0501312
internal_weight=0 2.04282 2.00744 1.97999 0.0798317 1.90016 0.168833 0.122612 0.0300427 1.73133 0.0462214 0.0404011 0.0692313 0.00684036
internal_count=103061 53741 47585 43697 15274 28423 1616 1167 3511 26807 449 102 49320 2303
is_linear=0
shrinkage=0.05


Tree=144
num_leaves=15
num_cat=0
split_feature=17 11 0 28 2 27 29 10 2 16 11 11 11 11
split_gain=0.0557782 0.0309909 0.0605767 0.0335253 0.0273327 0.0367939 0.0208031 0.0698719 0.0188957 0.0149035 0.0127573 0.0243491 0.0114518 0.0155536
threshold=1.0000000180025095e-35 50.858644583333337 8.9521299757946675 0.02101166364739512 4.842499511551134 8.5000000000000018 6.5000000000000009 1.441647771990741 6.7846311364580467 13.915966386554624 4.4911247222222235 4.3390787500000005 2.2262711111111115 2.1188965277777783
decision_type=10 10 10 8 2 2 2 8 2 8 8 10 10 10
left_child=1 3 -3 -1 5 -5 10 8 -8 -7 11 12 13 -6
right_child=-2 2 -4 4 6 9 7 -9 -10 -11 -12 -13 -14 -15
leaf_value=-0.049963295372537193 -0.050012458333296178 -0.050012458333296178 0.032775990908003927 -0.049963295372537193 0.00070282558905504944 -0.049963295372537193 0.00070282558905504944 0.052533321528373422 0.051239341225683702 0.00070282558905504944 0.00070282558905504944 0.051057222506988603 0.00070282558905504944 0.048417634117521147
leaf_weight=0.035395085378739012 0.065854871750170463 0.084335789741107337 0.029743794784989896 0.063821017725000914 0.0075430439422163034 0.015258859278277696 0.086137265387410164 0.084383402019739137 0.023602264020635172 0.037942686629235015 1.4756186060709591 0.039117262600143476 0.021017245920120331 0.029665350985396799
leaf_count=2151 49320 11965 96 18614 877 7851 18 2 3 584 10456 77 986 61
internal_value=0 -0.00325738 -0.0285764 -0.00175263 -0.000846936 -0.0242489 0.000702826 0.0170708 0.000702826 0.000702826 0.000702826 0.0205415 0.000702826 0.0284539
internal_weight=0 2.03358 0.11408 1.9195 1.88411 0.117023 1.76708 0.194123 0.10974 0.0532015 1.57296 0.0973429 0.0582256 0.0372084
internal_count=103061 53741 12061 41680 39529 27049 12480 23 21 8435 12457 2001 1924 938
is_linear=0
shrinkage=0.05


Tree=145
num_leaves=15
num_cat=0
split_feature=2 27 16 11 10 27 28 13 21 2 16 27 21 27
split_gain=0.0445155 0.0593738 0.0225362 0.0161362 0.080265 0.0455806 0.0416635 0.0439019 0.00787253 0.00644269 0.000206612 5.08383e-06 1.39657e-06 7.38233e-08
threshold=4.842499511551134 8.5000000000000018 13.915966386554624 13.521292916666669 0.55372670138888902 4.5000000000000009 0.26664288759730681 51.074107725694454 0.042572463768115944 6.8265344882899663 4.4327485380116967 6.5000000000000009 0.75000000000000011 1.5000000000000002
decision_type=2 2 8 8 10 2 8 8 8 2 10 2 10 2
left_child=1 11 -3 4 5 -2 -7 -8 10 -6 -5 12 13 -1
right_child=3 2 -4 8 9 6 7 -9 -10 -11 -12 -13 -14 -15
leaf_value=-0.050103243722676029 -0.02296435882719576 -0.049713142582651436 -0.0022986427445446556 0.0038665324850518205 0.043470451604938003 -0.0022986427445446556 0.043470451604938003 -0.0022986427445446556 -0.0022986427445446556 0.05607264004245243 0.008147536938621202 -0.049713142582651436 -0.050565863483749966 -0.049983167172413107
leaf_weight=0.01649321503216411 0.17354247703939613 0.027240675440261316 0.057712330760456981 0.76384684860615859 0.013629614893392317 0.031757525770558431 0.091369080197616609 0.01837937504010978 0.64928207884054978 0.10141813602911043 0.029263926549209951 0.033962092461633758 0.013350282853171636 0.057166736901752724
leaf_count=3110 4031 17987 2382 10012 121 2167 10 3247 7290 13 590 16337 1301 34463
internal_value=0 -0.0267908 -0.00229864 -0.00229864 0.00738611 -0.00229864 0.0152704 0.0344037 -0.00229864 0.0434705 0.00402449 -0.0497131 -0.0500953 -0.0500101
internal_weight=0 0.205925 0.084953 1.87249 0.430096 0.315048 0.141506 0.109748 1.44239 0.115048 0.793111 0.120972 0.0870102 0.07366
internal_count=103061 75580 20369 27481 9589 9455 5424 3257 17892 134 10602 55211 38874 37573
is_linear=0
shrinkage=0.05


Tree=146
num_leaves=15
num_cat=0
split_feature=17 24 11 0 10 11 29 11 10 10 1 21 11 10
split_gain=0.0509536 0.0296044 0.0280884 0.0576445 0.0246027 0.0268645 0.0242494 0.077193 0.0703012 0.0401313 0.0349042 0.0267889 0.0669427 0.0681386
threshold=1.0000000180025095e-35 3163.1011447222227 50.858644583333337 8.9521299757946675 0.088287355324074099 2.2262711111111115 6.5000000000000009 46.495723472222231 1.9209063368055557 2.0341295891203708 1.1344743344819466 0.042572463768115944 13.521292916666669 1.1120120486111114
decision_type=10 8 8 10 10 10 2 8 8 8 8 8 10 10
left_child=1 2 4 -4 -1 -6 7 8 11 10 -8 -7 -13 -14
right_child=-2 -3 3 -5 5 6 9 -9 -10 -11 -12 12 13 -15
leaf_value=-0.050011133182461337 -0.050011133182461337 -0.050011133182461337 -0.050011133182461337 0.032572794984348778 0.046886661298156662 0.0029578172005964992 -0.016635187939233072 -0.050011133182461337 0.0499788862466998 0.052899205709575806 0.031751379265725896 0.0029578172005964992 -0.050011133182461337 -0.004557196831929798
leaf_weight=0.025168216135450838 0.060411249864332883 0.033129400957718658 0.077312603613563152 0.028941404598338633 0.029409465481648911 0.80714763996879324 0.096028488607706894 0.081213618719814584 0.065137256224829687 0.051802467554807663 0.060912051135650416 0.35219969535086615 0.14476623890605977 0.14935980008623606
leaf_count=3888 49320 6156 10635 87 192 17753 46 1854 166 1 8 4911 4543 3501
internal_value=0 -0.00340401 -0.00261551 -0.0276199 -0.00118952 -0.000517159 -0.001288 -0.00337933 -0.000839044 0.0147401 0.0021447 -0.00311644 -0.0107021 -0.0283316
internal_weight=0 2.00253 1.9694 0.106254 1.86314 1.83798 1.80857 1.59982 1.51861 0.208743 0.156941 1.45347 0.646326 0.294126
internal_count=103061 53741 47585 10722 36863 32975 32783 32728 30874 55 54 30708 12955 8044
is_linear=0
shrinkage=0.05


Tree=147
num_leaves=15
num_cat=0
split_feature=17 24 11 0 28 10 13 11 10 10 28 28 10 13
split_gain=0.0487739 0.0282879 0.0266031 0.0546539 0.031681 0.0242835 0.0293345 0.0780613 0.0415483 0.0619743 0.0501996 0.0281127 0.0130874 0.0398027
threshold=1.0000000180025095e-35 3163.1011447222227 50.858644583333337 8.9521299757946675 0.02101166364739512 0.088287355324074099 1.0000000180025095e-35 46.495723472222231 1.6372936574074075 1.9209063368055557 0.08623443888946726 0.049563210532752949 1.6777341261574075 116.70261164351852
decision_type=10 8 8 10 8 8 10 8 10 10 10 8 10 10
left_child=1 2 4 -4 -1 -6 8 9 10 11 -7 -8 13 -13
right_child=-2 -3 3 -5 5 6 7 -9 -10 -11 -12 12 -14 -15
leaf_value=-0.049795663970918315 -0.050010593451376734 -0.050010593451376734 -0.050010593451376734 0.031579337345837531 -0.049795663970918315 -0.0014254571270897927 -0.049795663970918315 -0.049795663970918315 0.045663903302787863 0.045663903302787863 0.045663903302787863 -0.0014254571270897927 0.036781536349098684 -0.049795663970918315
leaf_weight=0.032869886863491113 0.057465562879627119 0.031530237949857987 0.073630651476940978 0.028374032329197496 0.023953915137789876 0.053575034875508222 0.029663069237241265 0.076612751054172201 0.082741001562681049 0.062522307757490236 0.054839621100223411 1.3637532268277122 0.023413392922032927 0.041010185860097637
leaf_count=1900 49320 6156 10635 87 3888 21 5114 1494 6 138 23 15263 925 8091
internal_value=0 -0.00328262 -0.00252178 -0.0273783 -0.0011475 -0.00026506 0.000404894 -0.00181077 0.0189153 0.00067153 0.00067153 -0.00142546 -0.00142546 -0.00142546
internal_weight=0 1.97849 1.94696 0.102005 1.84495 1.81208 1.78813 1.59697 0.191156 1.52036 0.108415 1.45784 1.42818 1.40476
internal_count=103061 53741 47585 10722 36863 34963 31075 31025 50 29531 44 29393 24279 23354
is_linear=0
shrinkage=0.05


Tree=148
num_leaves=15
num_cat=0
split_feature=29 24 11 0 28 11 29 11 11 11 28 28 11 11
split_gain=0.0390673 0.0276318 0.0259286 0.0520538 0.0302218 0.0236298 0.0256213 0.0743416 0.0590169 0.0414032 0.0989121 0.0283063 0.0252845 0.0309945
threshold=3.5000000000000004 3163.1011447222227 50.858644583333337 8.9521299757946675 0.02101166364739512 2.1188965277777783 6.5000000000000009 46.495723472222231 46.101752083333338 39.295047777777789 0.08623443888946726 0.049563210532752949 2.2262711111111115 13.289440833333336
decision_type=2 8 8 10 8 10 2 10 10 10 10 10 8 8
left_child=-1 2 4 -4 -2 -6 7 8 11 10 -8 -7 -13 -14
right_child=1 -3 3 -5 5 6 9 -9 -10 -11 -12 12 13 -15
leaf_value=-0.050011913354849814 -0.049701888884179923 -0.050243471493670672 -0.050040202665761029 0.030483651418563941 -0.049701888884179923 -0.049701888884179923 -0.049701888884179923 -0.049701888884179923 0.049034786977512505 0.045007922075954221 0.04596764126053135 0.046334898926527063 -0.016825783639401574 0.0021964266100799748
leaf_weight=0.045940439563608382 0.031651306736276238 0.030942076085682557 0.071618726699871821 0.027883729671683483 0.023475991692227249 0.029327312078827217 0.05350037243001203 0.073388737150617112 0.06030932527414723 0.079824122003628872 0.052707099632797974 0.028317667682586437 0.26383970087151271 1.1368715153077864
leaf_count=41333 2201 7161 12010 113 4537 5896 22 1779 168 6 23 217 12232 15363
internal_value=0 -0.00336739 -0.00261692 -0.0274749 -0.00126769 -0.000416755 0.000241263 -0.00181041 0.000565498 0.0177994 -0.00265008 -0.00143892 -0.00044097 -0.00138662
internal_weight=0 1.96366 1.93272 0.0995025 1.83321 1.80156 1.77809 1.59205 1.51867 0.186032 0.106207 1.45836 1.42903 1.40071
internal_count=103061 61728 54567 12123 42444 40243 35706 35655 33876 51 45 33708 27812 27595
is_linear=0
shrinkage=0.05


Tree=149
num_leaves=15
num_cat=0
split_feature=17 11 0 28 11 29 11 11 11 28 9 28 11 11
split_gain=0.0448221 0.0236517 0.0494795 0.028058 0.0220296 0.0256353 0.0688695 0.0569318 0.038703 0.0936371 0.0322577 0.0259417 0.0235368 0.0279986
threshold=1.0000000180025095e-35 50.858644583333337 8.9521299757946675 0.02101166364739512 2.1188965277777783 6.5000000000000009 46.495723472222231 46.101752083333338 39.295047777777789 0.08623443888946726 128.4285807638889 0.049563210532752949 2.2262711111111115 13.289440833333336
decision_type=10 10 10 8 10 2 10 10 10 8 2 10 8 8
left_child=1 3 -3 -1 -5 6 7 10 9 -7 11 -6 -13 -14
right_child=-2 2 -4 4 5 8 -8 -9 -10 -11 -12 12 13 -15
leaf_value=-0.049600024576551716 -0.050009559544106887 -0.049981845303877281 0.029546945880540784 -0.049600024576551716 -0.049600024576551716 -0.049600024576551716 -0.049600024576551716 0.048431920606932341 0.044322775791444335 0.045480947786990966 -0.049600024576551716 0.04609529856180937 -0.015717399657927591 0.0024961971387737515
leaf_weight=0.030168274909861337 0.052171952461466886 0.068449839267888377 0.027381019843564017 0.022415266621601204 0.026399779297843318 0.050959745626022228 0.069976528202249644 0.058028897626399956 0.077075457753380761 0.050659734583855871 0.033947060962120967 0.027153676857665149 0.25951789669145081 1.1286527095372401
leaf_count=2151 49320 11965 96 4399 4736 23 1675 158 6 34 5869 176 10084 12369
internal_value=0 -0.00304314 -0.0272587 -0.00177848 -0.00097911 -0.00035957 -0.00236122 -0.000147222 0.017604 -0.00266145 -0.00205753 -0.000923076 -7.03019e-06 -0.000908827
internal_weight=0 1.93079 0.0958309 1.83496 1.80479 1.78237 1.60368 1.5337 0.178695 0.101619 1.47567 1.44172 1.41532 1.38817
internal_count=103061 53741 12061 41680 39529 35130 35067 33392 63 57 33234 27365 22629 22453
is_linear=0
shrinkage=0.05


Tree=150
num_leaves=15
num_cat=0
split_feature=29 24 10 28 2 28 21 10 27 28 29 0 10 21
split_gain=0.0357633 0.025233 0.0196651 0.0180251 0.0131898 0.0109334 0.0484557 0.067721 0.0407078 0.0412082 0.0197447 0.00496981 0.00258743 0.000110722
threshold=3.5000000000000004 3163.1011447222227 0.088287355324074099 0.012026750915687912 3.2194232785507872 0.26664288759730681 0.042572463768115944 1.1120120486111114 4.5000000000000009 0.76866852033729238 4.5000000000000009 0.14732589189596401 0.1807949479166667 inf
decision_type=2 8 8 10 2 8 10 10 2 8 2 8 10 8
left_child=-1 2 -2 -4 -5 6 -6 -8 9 -7 -10 -12 -13 -14
right_child=1 -3 3 4 5 8 7 -9 10 -11 11 12 13 -15
leaf_value=-0.050010785921013504 -0.050220372651406033 -0.050220372651406033 -0.050120881248379039 -0.048494818381567661 0.00076005029591444341 -0.050986913029464821 -0.048494818381567661 0.00076005029591444341 0.020150587916265436 0.020150587916265436 0.020150587916265436 0.020150587916265436 0.052951775702760953 0.049397360616607738
leaf_weight=0.041569616131014953 0.02127691638742446 0.028035370197673548 0.019172177312369976 0.01474165405235095 1.4519754538932008 0.047696565702528476 0.1054517890014867 0.082616247186824546 0.015254285043216853 0.035516601944268311 0.0025741602855937559 0.0012352907019408379 0.052776765631747075 0.0374614335263459
leaf_count=41333 4537 7161 3492 4653 24598 1449 5207 6030 4142 252 74 62 6 65
internal_value=0 -0.00313351 -0.00243422 -0.00188935 -0.00138878 -0.00100985 -0.00233304 -0.0262132 0.0102625 0.00076005 0.0337771 0.0473656 0.050106 0.0514762
internal_weight=0 1.91578 1.88775 1.86647 1.8473 1.83256 1.64004 0.188068 0.192515 0.0832132 0.109302 0.0940477 0.0914735 0.0902382
internal_count=103061 61728 54567 50030 46538 41885 35835 11237 6050 1701 4349 207 133 71
is_linear=0
shrinkage=0.05


Tree=151
num_leaves=15
num_cat=0
split_feature=17 24 10 28 10 28 1 13 10 10 10 13 10 13
split_gain=0.0411899 0.0235474 0.0183479 0.0169431 0.0108342 0.0259819 0.0116856 0.00875877 0.0308629 0.00156262 0.00019481 0.000252454 2.84471e-06 8.99767e-07
threshold=1.0000000180025095e-35 3163.1011447222227 0.088287355324074099 0.012026750915687912 4.1845657870370383 0.02101166364739512 2.1762995266665839 116.70261164351852 1.6777341261574075 0.40943510416666667 2.0341295891203708 51.074107725694454 6.6597849942129637 97.597600081018541
decision_type=10 8 10 8 10 8 10 10 8 8 10 8 10 8
left_child=1 2 -1 -4 5 10 -6 9 -9 -7 -5 -12 -8 -13
right_child=-2 -3 3 4 6 7 12 8 -10 -11 11 13 -14 -15
leaf_value=-0.050008617652926024 -0.050008617652926024 -0.050008617652926024 -0.050008617652926024 -0.050008617652926024 -0.00089235464394670904 -0.0063903788678719977 0.049486147344595166 -0.048421756139479133 -0.00089235464394670904 -0.00089235464394670904 -0.028714581043688292 -0.048209140827983721 0.050782621782353779 -0.050000124141590413
leaf_weight=0.019664119720064099 0.047442174249398783 0.025869628753544593 0.017873788074690519 0.02327804320917596 0.005124698090278045 0.15593042226772866 0.0058670467037700283 0.040018997264893781 0.023061714747953481 1.5557627476185798 0.0026260611730762875 0.0010056676461971392 0.015173733234405518 0.002316886421007136
leaf_count=3888 49320 6156 3104 1165 1499 5673 9 9526 3072 17738 16 393 1 1501
internal_value=0 -0.00283962 -0.0021834 -0.0016722 -0.00119907 -0.00166238 0.030744 -0.000892355 -0.0195237 -0.000892355 -0.0484218 -0.0403007 0.0504211 -0.049458
internal_weight=0 1.89357 1.8677 1.84804 1.83017 1.804 0.0261655 1.77477 0.0630807 1.71169 0.0292267 0.00594862 0.0210408 0.00332255
internal_count=103061 53741 47585 43697 40593 39084 1509 36009 12598 23411 3075 1910 10 1894
is_linear=0
shrinkage=0.05


Tree=152
num_leaves=15
num_cat=0
split_feature=17 11 0 28 24 10 28 29 11 2 28 10 11 2
split_gain=0.0395461 0.0230233 0.0443395 0.025396 0.022778 0.0193331 0.0629582 0.0369228 0.0304553 0.0286008 0.0444245 0.0097845 0.00864164 0.00914658
threshold=1.0000000180025095e-35 50.858644583333337 8.9521299757946675 0.02101166364739512 3163.1011447222227 1.238355908564815 0.090908387470189297 6.5000000000000009 46.495723472222231 5.7965788290515023 0.12675009662621681 4.1845657870370383 50.247212222222224 7.2143109430455565
decision_type=10 10 10 8 8 8 8 2 10 2 8 10 10 2
left_child=1 3 -3 -1 5 6 -5 8 9 10 -7 -4 13 -9
right_child=-2 2 11 4 -6 7 -8 12 -10 -11 -12 -13 -14 -15
leaf_value=-0.049389670562314941 -0.050008199383371144 -0.049900433538073136 -0.049540834388926445 -0.049389670562314941 -0.049389670562314941 -0.049389670562314941 -0.00014822483590637965 0.0099388054885351951 -0.00014822483590637965 0.042890391049847078 0.042890391049847078 0.03996904688066949 0.05240289660889428 0.051046337172805746
leaf_weight=0.027167244577916937 0.045128760072171592 0.06349285704280172 0.0035361407610071663 0.065518730040169323 0.022905542069189599 0.026429050220977843 1.381713503280771 0.041505480505635572 0.066523233956979066 0.079876592992826359 0.021049082111289863 0.022348808396714048 0.043751642107963562 0.020077597349882126
leaf_count=2151 49320 11965 69 7482 4566 5089 20140 11 1494 657 88 27 1 1
internal_value=0 -0.0026462 -0.0274145 -0.00141396 -0.000677323 -2.75325e-05 -0.00241955 0.0115422 -0.000148225 0.0243534 -0.000148225 0.0277411 0.035412 0.0233409
internal_weight=0 1.8859 0.0893778 1.79652 1.76935 1.74644 1.44723 0.299213 0.193878 0.127355 0.0474781 0.0258849 0.105335 0.0615831
internal_count=103061 53741 12061 41680 39529 34963 27622 7341 7328 5834 5177 96 13 12
is_linear=0
shrinkage=0.05


Tree=153
num_leaves=15
num_cat=0
split_feature=17 11 0 28 24 10 29 11 10 10 28 28 11 10
split_gain=0.0376795 0.0217429 0.0420999 0.0240431 0.021609 0.0189784 0.0215398 0.0676896 0.0493883 0.0343698 0.0860508 0.0238806 0.021771 0.0271742
threshold=1.0000000180025095e-35 50.858644583333337 8.9521299757946675 0.02101166364739512 3163.1011447222227 0.088287355324074099 6.5000000000000009 46.495723472222231 1.9209063368055557 1.6372936574074075 0.08623443888946726 0.049563210532752949 2.2262711111111115 0.55372670138888902
decision_type=10 8 10 8 8 10 2 8 8 10 8 10 8 10
left_child=1 3 -3 -1 5 -5 7 8 11 10 -8 -7 -13 -14
right_child=-2 2 -4 4 -6 6 9 -9 -10 -11 -12 12 13 -15
leaf_value=-0.049266321989699255 -0.05000780140767444 -0.049833022087892809 0.027253145891945153 -0.049266321989699255 -0.049266321989699255 -0.049266321989699255 -0.049266321989699255 -0.049266321989699255 0.04788794398759752 0.043534570569272478 0.043534570569272478 0.045360488703522349 -0.015791396831238796 0.0023552730162400941
leaf_weight=0.025905382720494488 0.042928137484992468 0.060475949938563089 0.025048016434286557 0.018710157599187149 0.021810968922331253 0.024443830359997754 0.046841354807207469 0.066513890495333405 0.053674134374773419 0.072016584774246439 0.047773786110065719 0.025836075773554748 0.25250796269618514 1.1273978838527297
leaf_count=2151 49320 11969 96 3888 4562 5114 22 1494 138 6 23 192 10787 13299
internal_value=0 -0.00262912 -0.0272562 -0.00144813 -0.000743306 -0.000121704 0.000424168 -0.0014118 0.000801129 0.0175064 -0.00230503 -0.000966015 -0.000113952 -0.000965373
internal_weight=0 1.86896 0.085524 1.78343 1.75753 1.73572 1.71701 1.55037 1.48386 0.166632 0.0946151 1.43019 1.40574 1.37991
internal_count=103061 53741 12065 41676 39525 34963 31075 31024 29530 51 45 29392 24278 24086
is_linear=0
shrinkage=0.05


Tree=154
num_leaves=15
num_cat=0
split_feature=17 11 0 28 24 2 27 2 11 13 11 11 11 16
split_gain=0.0360174 0.0205355 0.0399691 0.0228414 0.0205786 0.0183761 0.0333429 0.0139584 0.0133365 0.0497669 0.0329515 0.0144005 0.0145015 0.0104686
threshold=1.0000000180025095e-35 50.858644583333337 8.9521299757946675 0.02101166364739512 3163.1011447222227 4.842499511551134 8.5000000000000018 7.2143109430455565 39.295047777777789 1.0000000180025095e-35 46.495723472222231 46.101752083333338 40.761520694444449 13.915966386554624
decision_type=10 10 10 8 8 2 2 2 8 10 10 10 10 8
left_child=1 3 -3 -1 5 6 -5 8 -7 -10 11 12 -11 -8
right_child=-2 2 -4 4 -6 7 13 -9 9 10 -12 -13 -14 -15
leaf_value=-0.049133811523314391 -0.050007422406967122 -0.049761483470314213 0.02626272368692812 -0.049133811523314391 -0.049133811523314391 0.0011444419195959189 -0.049133811523314391 0.043024691176444481 0.043024691176444481 0.043024691176444481 0.0011444419195959189 0.043024691176444481 0.0011444419195959189 0.0011444419195959189
leaf_weight=0.024706777248154434 0.040834809202577094 0.057607157141561748 0.024702050111721087 0.050318635106117532 0.0207708230730278 1.3954851331943274 0.011309724195480521 0.01989559632000415 0.063490178436040767 0.019757435891825992 0.061538055867927488 0.049918261607444947 0.013254261443155002 0.035773558519321173
leaf_count=2151 49320 11965 96 16411 4566 9882 6967 100 2 168 285 35 595 518
internal_value=0 -0.00253342 -0.0269456 -0.00139576 -0.000718507 -0.000121219 -0.0212152 0.00114444 0.00114444 0.0138884 0.00114444 0.0330861 0.00643646 0.00114444
internal_weight=0 1.84853 0.0823092 1.76622 1.74151 1.72074 0.0974019 1.62334 1.60344 0.207958 0.144468 0.08293 0.0330117 0.0470833
internal_count=103061 53741 12061 41680 39529 34963 23896 11067 10967 1085 1083 798 763 7485
is_linear=0
shrinkage=0.05


Tree=155
num_leaves=15
num_cat=0
split_feature=2 27 29 11 10 27 28 13 2 21 29 29 11 21
split_gain=0.028703 0.050259 0.0161182 0.0155272 0.0694517 0.0462004 0.0405693 0.0370519 0.00695008 0.00490008 0.000858282 2.63237e-05 1.02734e-08 8.61106e-09
threshold=4.842499511551134 8.5000000000000018 4.5000000000000009 13.521292916666669 0.55372670138888902 4.5000000000000009 0.26664288759730681 51.074107725694454 6.8265344882899663 0.042572463768115944 3.5000000000000004 4.5000000000000009 204.20192666666671 0.41666666666666669
decision_type=2 2 2 10 10 2 8 8 2 8 2 2 10 10
left_child=1 11 -3 4 5 -2 -7 -8 -6 10 -5 12 13 -1
right_child=3 2 -4 9 8 6 7 -9 -10 -11 -12 -13 -14 -15
leaf_value=-0.049999618948212199 -0.023881903490971024 -0.049314051773790182 -0.0016675602945651559 -0.0016675602945651559 0.042198639587071284 -0.0016675602945651559 0.042198639587071284 -0.0016675602945651559 0.055622963025363549 -0.0016675602945651559 0.0041007841328554381 -0.048261745080814378 -0.050109892211965462 -0.050083920942741549
leaf_weight=0.048459412821149496 0.15090499468194266 0.020578551813951303 0.049692536132514613 0.0037186889751372734 0.013990558742413395 0.029638469081264322 0.087695566322803481 0.015701571024342109 0.096415023209658557 0.53454766195717396 0.78129087039604295 0.035779538528262392 0.0024393353447464952 0.0032311248891164828
leaf_count=50475 4031 19608 761 3890 121 2167 10 3247 13 7290 6712 3004 181 1551
internal_value=0 -0.0238 -0.00166756 -0.00166756 0.00825393 -0.00166756 0.0165357 0.0358458 0.0421986 -0.00166756 0.0038445 -0.0493141 -0.0500096 -0.0500049
internal_weight=0 0.16018 0.0702711 1.7139 0.394346 0.283941 0.133036 0.103397 0.110406 1.31956 0.78501 0.0899094 0.0541299 0.0516905
internal_count=103061 75580 20369 27481 9589 9455 5424 3257 134 17892 10602 55211 52207 52026
is_linear=0
shrinkage=0.05


Tree=156
num_leaves=15
num_cat=0
split_feature=29 24 11 10 29 11 0 11 10 11 1 2 29 10
split_gain=0.0272482 0.0196895 0.0201147 0.0342794 0.0297707 0.0684598 0.0435456 0.0253338 0.0377738 0.0284949 0.0297221 0.0267623 0.0179406 0.0169188
threshold=3.5000000000000004 3163.1011447222227 46.495723472222231 1.9209063368055557 6.5000000000000009 56.308494583333342 8.9521299757946675 40.761520694444449 1.6372936574074075 32.1676201388889 1.8113373733227773 4.842499511551134 6.5000000000000009 1.3219617071759262
decision_type=2 8 10 8 2 10 10 8 10 8 10 2 2 10
left_child=-1 2 3 7 6 -6 -4 8 9 10 11 12 -2 -13
right_child=1 -3 4 -5 5 -7 -8 -9 -10 -11 -12 13 -14 -15
leaf_value=-0.050007904164482579 -0.050096479836120061 -0.050174064898443033 -0.049714322218262219 0.038353980400701038 0.051467831677727498 -0.050174064898443033 0.025776773815505988 -0.050174064898443033 0.038353980400701038 -0.050054516416252207 0.038353980400701038 -0.0011885250273585351 -0.0011885250273585351 0.038353980400701038
leaf_weight=0.031176591383242136 0.047899091900340016 0.021734221953978561 0.089796865473061954 0.054749901057618788 0.038829951896332204 0.02850331042426138 0.024264454842750638 0.026499169301204106 0.042197194199927179 0.030713876595805156 0.040452317116777325 1.3563516181593716 0.0099659218853958148 0.018124003715399906
leaf_count=41333 23523 7161 14177 205 2 18 130 2515 683 3053 298 9842 30 91
internal_value=0 -0.00286753 -0.00229896 -0.000538161 -0.0180918 0.00827189 -0.033655 -0.00189253 -0.00106149 -0.00238901 -0.00139498 -0.00259085 -0.0359004 -0.00118853
internal_weight=0 1.83008 1.80835 1.62695 0.181395 0.0673333 0.114061 1.5722 1.5457 1.50351 1.47279 1.43234 0.057865 1.37448
internal_count=103061 61728 54567 40240 14327 20 14307 40035 37520 36837 33784 33486 23553 9933
is_linear=0
shrinkage=0.05


Tree=157
num_leaves=13
num_cat=0
split_feature=17 13 21 2 2 16 2 2 2 21 21 27
split_gain=0.0314221 0.0181092 0.0224715 0.0114727 0.0106498 0.00617142 0.010875 0.00132332 0.0010995 0.0239473 4.66992e-09 3.38959e-09
threshold=1.0000000180025095e-35 116.70261164351852 0.028991596638655467 6.5961849397276051 3.2194232785507872 4.4327485380116967 6.4304464911694117 7.2143109430455565 4.842499511551134 0.028991596638655467 0.41666666666666669 1.5000000000000002
decision_type=10 10 8 2 2 10 2 2 2 10 10 2
left_child=1 4 3 -3 -1 7 -7 8 9 -6 -2 -12
right_child=10 2 -4 -5 5 6 -8 -9 -10 -11 11 -13
leaf_value=-0.047900800773324793 -0.050006312745613374 -0.050006312745613374 -0.050006312745613374 -0.0015684298441504957 -0.0015684298441504957 -0.0015684298441504957 0.0486802699688067 0.0091373542667946041 -0.0015684298441504957 -0.047644329178504023 -0.05010298243952014 -0.050006312745613374
leaf_weight=0.012314410552110577 0.032203781117937889 0.013008527688328164 0.043022467089203056 0.017305899833043245 0.065456788460234686 0.0053923919366828587 0.016953016624603447 0.028866930603236862 1.5736086062217733 0.02952534597206373 0.0021560974639798051 0.0012828408904558232
leaf_count=2748 47017 4982 17417 163 5418 1920 31 51 9175 11836 184 2119
internal_value=0 -0.00259881 -0.0269351 -0.00156843 -0.00156843 -0.00123667 0.0248688 -0.00156843 -0.00156843 -0.0070112 -0.0500063 -0.0500646
internal_weight=0 1.80545 0.0733369 0.0303144 1.73212 1.7198 0.0223454 1.69746 1.66859 0.0949821 0.0356427 0.00343894
internal_count=103061 53741 22562 5145 31179 28431 1951 26480 26429 17254 49320 2303
is_linear=0
shrinkage=0.05


Tree=158
num_leaves=13
num_cat=0
split_feature=17 24 10 28 28 27 13 10 29 29 27 15
split_gain=0.0301234 0.018 0.0158338 0.0128146 0.0105232 0.039996 0.0438114 0.0354215 0.0521502 0.000214784 2.97375e-09 2.42833e-09
threshold=1.0000000180025095e-35 3163.1011447222227 0.088287355324074099 0.012026750915687912 0.26664288759730681 4.5000000000000009 51.074107725694454 0.55372670138888902 6.5000000000000009 5.5000000000000009 1.5000000000000002 4.5000000000000009
decision_type=10 8 10 8 8 2 8 8 2 2 2 2
left_child=1 2 -1 -4 7 -6 9 8 -5 -7 11 -2
right_child=10 -3 3 4 5 6 -8 -9 -10 -11 -12 -13
leaf_value=-0.05000600461991548 -0.050078764737730853 -0.05000600461991548 -0.05000600461991548 -0.05000600461991548 -0.0023942343476301754 0.052741725630710327 -0.0023942343476301754 -0.0023942343476301754 -0.0023942343476301754 0.047651761075204885 -0.05000600461991548 -0.05000600461991548
leaf_weight=0.016810663132005188 0.0025510221936402176 0.019537673663598043 0.013438947326509749 0.093794881257282539 0.07810880043613741 0.049281813225350662 0.017993848839619186 1.4499123337341748 0.024909770134399878 0.035768688217103772 0.029738966450905645 0.0016144201173560642
leaf_count=3888 894 6156 3104 5510 1527 9 4357 29168 5 17 45918 2508
internal_value=0 -0.00243446 -0.00191056 -0.00145009 -0.00107653 0.0103336 0.0330339 -0.00239423 -0.0297073 0.0506011 -0.050006 -0.0500483
internal_weight=0 1.79956 1.78002 1.76321 1.74977 0.181153 0.103044 1.56862 0.118705 0.0850505 0.0339044 0.00416544
internal_count=103061 53741 47585 43697 40593 5910 4383 34683 5515 26 49320 3402
is_linear=0
shrinkage=0.05


Tree=159
num_leaves=15
num_cat=0
split_feature=17 11 24 10 10 11 0 11 10 11 1 2 24 10
split_gain=0.0288792 0.0179853 0.0395426 0.0368867 0.0326403 0.025937 0.029764 0.0238339 0.0363165 0.026602 0.028401 0.0221934 0.0203651 0.0161054
threshold=1.0000000180025095e-35 46.495723472222231 2389.8720530555561 2.0008313599537044 1.9209063368055557 50.858644583333337 8.9521299757946675 40.761520694444449 1.6372936574074075 32.1676201388889 1.8113373733227773 4.2513707062362061 3067.1519112500005 1.3219617071759262
decision_type=10 10 8 10 10 10 10 10 10 8 10 2 8 10
left_child=1 4 3 -3 7 -5 -7 8 9 10 11 -1 13 -13
right_child=-2 2 -4 5 -6 6 -8 -9 -10 -11 -12 12 -14 -15
leaf_value=-0.050000089766070371 -0.050005711959259597 -0.043743685819116335 -0.043743685819116335 0.050606388920255707 0.037832506779831195 -0.043743685819116335 0.048482075208024104 -0.050005711959259597 0.037832506779831195 -0.050005711959259597 0.037832506779831195 -0.001715539801940614 -0.050000089766070371 0.037832506779831195
leaf_weight=0.024340022751656476 0.03225087875395094 0.022961884802046972 0.078724030869168904 0.037733661360281882 0.053345953626774079 0.020070711387267369 0.013220165954356919 0.025020225216988989 0.040903361498141222 0.028822431045086083 0.039316434958499236 1.3647522311418665 0.021461790404333603 0.017420715588628011
leaf_count=14588 49320 188 10648 322 190 2968 25 2552 647 2934 308 14854 3397 120
internal_value=0 -0.00226669 -0.0176027 0.0042933 -0.000627026 0.0222256 -0.00994261 -0.00194048 -0.00115246 -0.00244234 -0.0015079 -0.00266444 -0.0018436 -0.00109312
internal_weight=0 1.78809 0.17271 0.0939864 1.61538 0.0710245 0.0332909 1.56204 1.53702 1.49611 1.46729 1.42797 1.40363 1.38217
internal_count=103061 53741 14151 3503 39590 3315 2993 39400 36848 36201 33267 32959 18371 14974
is_linear=0
shrinkage=0.05


Tree=160
num_leaves=15
num_cat=0
split_feature=17 11 9 11 11 28 11 2 11 11 1 11 28 0
split_gain=0.0276055 0.017223 0.036946 0.0351853 0.0301369 0.038122 0.0527585 0.026695 0.0253113 0.0282082 0.0236865 0.0556402 0.00462857 0.00122645
threshold=1.0000000180025095e-35 46.495723472222231 99.395999988425942 50.247212222222224 46.101752083333338 0.08623443888946726 39.295047777777789 5.7965788290515023 50.858644583333337 159.83483986111113 1.8113373733227773 40.761520694444449 0.12675009662621681 11.797778784718689
decision_type=10 8 2 10 8 8 10 2 10 10 8 8 8 10
left_child=1 4 3 -3 5 6 -1 -6 -5 -10 -7 -8 -12 -4
right_child=-2 2 13 8 7 10 11 -9 9 -11 12 -13 -14 -15
leaf_value=-0.050005434437736834 -0.050005434437736834 -0.043161373712252316 -0.049999793240036394 0.051624483028622103 -0.050005434437736834 0.00075682718958148989 0.047643587627343151 0.051548312599890338 -0.043161373712252316 0.048386498810691347 0.00075682718958148989 -0.050005434437736834 0.047643587627343151 -0.043161373712252316
leaf_weight=0.091563351536761498 0.030678150803088111 0.022722576097040939 0.065565890647442504 0.035344724680528954 0.007540919960035696 1.3620883491148157 0.038776312282893979 0.044557501649023834 0.019166442957257925 0.012618462254124552 0.0019609939052118454 0.023130185144609738 0.036028811924292997 0.010449406907699646
leaf_count=12148 49320 447 10684 59 179 24006 602 11 2743 177 64 2422 154 45
internal_value=0 -0.00216648 -0.0175055 0.00419951 -0.000581919 -0.00183634 -0.0254934 0.0368243 0.0225094 -0.00986655 0.000756827 0.000756827 0.0402377 -0.0431614
internal_weight=0 1.77151 0.165868 0.0898522 1.60565 1.55355 0.15347 0.0520984 0.0671296 0.0317849 1.40008 0.0619065 0.0379898 0.0760153
internal_count=103061 53741 14155 3426 39586 39396 15172 190 2979 2920 24224 3024 218 10729
is_linear=0
shrinkage=0.05


Tree=161
num_leaves=15
num_cat=0
split_feature=17 13 10 10 11 10 11 10 11 10 11 10 2 11
split_gain=0.0263229 0.0165701 0.0254117 0.0144956 0.0221833 0.0213957 0.0350599 0.0375202 0.0610513 0.0612261 0.0719926 0.0589491 0.0455985 0.0195659
threshold=1.0000000180025095e-35 116.70261164351852 1.6777341261574075 0.088287355324074099 2.2262711111111115 0.1807949479166667 4.4911247222222235 0.40943510416666667 10.467914027777779 0.55372670138888902 13.521292916666669 0.86273513888888897 6.8265344882899663 40.761520694444449
decision_type=10 10 10 8 10 8 8 10 8 10 8 8 2 8
left_child=1 3 -3 -1 -5 -6 -7 -8 -9 -10 12 -12 -11 -4
right_child=-2 2 13 4 5 6 7 8 9 10 11 -13 -14 -15
leaf_value=-0.050005170471883277 -0.050005170471883277 -0.050005170471883277 0.045780482714062841 0.045780482714062841 -0.050005170471883277 0.050172931194706893 -0.038369022487555887 0.047446465913959693 -0.038369022487555887 -0.0011579905871040696 -0.038369022487555887 -0.00080786155112063654 0.055309799593954934 -0.050005170471883277
leaf_weight=0.014928026151749211 0.029182110016455431 0.043692379881048127 0.015885081680664825 0.025316958486200858 0.022186758506356246 0.033358756344341323 0.067310729974425887 0.065170975332002556 0.066362467725458507 0.016076868484299345 0.067385515644722449 1.2163649154810372 0.0927393248766748 0.0071323231923514632
leaf_count=2578 49320 15328 94 125 1887 116 3600 323 1359 121 3814 17252 4 7140
internal_value=0 -0.00212435 -0.0265653 -0.00115799 -0.00072011 -0.00115799 -0.000768957 -0.00115799 -0.00022337 -0.00115799 -4.27863e-05 -0.00115799 0.0397066 -0.00115799
internal_weight=0 1.75391 0.0667098 1.6872 1.67227 1.64696 1.62477 1.59141 1.5241 1.45893 1.39257 1.28375 0.108816 0.0230174
internal_count=103061 53741 22562 31179 28601 28476 26589 26473 22873 22550 21191 21066 125 7234
is_linear=0
shrinkage=0.05


Tree=162
num_leaves=15
num_cat=0
split_feature=13 10 10 11 11 13 11 10 11 29 11 15 27 11
split_gain=0.0226075 0.0232828 0.0150755 0.021144 0.0234476 0.000338861 2.84872e-06 1.30953e-06 6.14337e-10 2.67147e-16 1.84748e-16 3.98986e-17 3.03577e-18 4.33681e-19
threshold=116.70261164351852 1.6777341261574075 0.088287355324074099 2.2262711111111115 40.761520694444449 51.074107725694454 26.688289166666671 1.1254325520833335 204.20192666666671 3.5000000000000004 46.495723472222231 16.500000000000004 5.5000000000000009 71.402383055555575
decision_type=10 10 8 8 8 10 10 10 10 2 10 2 2 10
left_child=2 6 -1 5 -3 -4 -2 -8 9 -6 -11 -12 -13 -14
right_child=1 4 3 -5 8 -7 7 -9 -10 10 11 12 13 -15
leaf_value=-0.050179181234708194 -0.050179181234708194 0.045001812736160579 0.051076815397210186 -0.0016772478577921136 -0.050000024320814775 0.045001812736160579 -0.051016688477733045 -0.050013879701723662 -0.050013879701723662 -0.050000061565883026 -0.050000047515235235 -0.050000038457172713 -0.050000035920578695 -0.050000034514395157
leaf_weight=0.015870365179331596 0.025902040734490855 0.015255204205743665 0.022954532203584621 1.6462079353777579 0.0025295709645876095 0.0014678214292587191 0.019604897504276873 0.0037790796386603124 0.0017334998061073756 0.0011802922482786471 0.0010855545292614011 0.0011937095690655042 0.0010223566013678465 0.0010044722210977852
leaf_count=5599 26167 185 2 52063 5239 221 163 5416 180 1339 1657 1731 1525 1574
internal_value=0 -0.0298604 -0.00167725 -0.0012165 -0.00167725 0.0450018 -0.0504448 -0.0508524 -0.0500139 -0.05 -0.05 -0.05 -0.05 -0.05
internal_weight=0 0.0742907 1.6865 1.67063 0.0250047 0.0244224 0.049286 0.023384 0.00974946 0.00801596 0.00548639 0.00430609 0.00322054 0.00202683
internal_count=103061 45176 57885 52286 13430 223 31746 5579 13245 13065 7826 6487 4830 3099
is_linear=0
shrinkage=0.05


Tree=163
num_leaves=15
num_cat=0
split_feature=17 11 11 28 11 2 29 28 0 1 11 11 1 28
split_gain=0.0246234 0.0158534 0.0285614 0.0366905 0.0481956 0.0252325 0.023793 0.0601763 0.0396821 0.0213578 0.0516481 0.00873416 0.00784617 0.00446346
threshold=1.0000000180025095e-35 46.495723472222231 46.101752083333338 0.08623443888946726 39.295047777777789 5.7965788290515023 6.5000000000000009 0.054259841737135307 8.9521299757946675 1.8113373733227773 40.761520694444449 100.42957888888891 2.1762995266665839 0.12675009662621681
decision_type=10 10 8 8 10 2 2 10 10 10 8 10 10 8
left_child=1 2 3 4 -1 -4 8 -8 -3 -5 -6 -10 -13 -11
right_child=-2 6 5 9 10 -7 7 -9 11 13 -12 12 -14 -15
leaf_value=-0.050005014006721749 -0.050005014006721749 -0.049206285870301902 -0.050005014006721749 0.00080125933629727943 0.047155018219733176 0.051348932601116053 -0.050005014006721749 0.051807833165798713 -0.049206285870301902 0.00080125933629727943 -0.050005014006721749 -0.049206285870301902 0.049968172748341901 0.047155018219733176
leaf_weight=0.085396188375354204 0.027136585726785678 0.076683704724952576 0.0071468703704907757 1.3405670555891911 0.035871540434067789 0.042648292707440305 0.025085269783008575 0.033677321167165077 0.0032849874289695427 0.0019443944222655954 0.021874036571498889 0.0022092164492732982 0.017298769749800158 0.033981716198257593
leaf_count=12148 49320 14015 183 24006 602 11 21 3 85 64 2422 14 13 154
internal_value=0 -0.00200398 -0.000483129 -0.00170412 -0.0257966 0.0367788 -0.0170879 0.00813801 -0.0319894 0.000801259 0.000801259 0.0259346 0.0386357 0.0393529
internal_weight=0 1.72767 1.56943 1.51963 0.143142 0.0497952 0.158239 0.0587626 0.0994767 1.37649 0.0577456 0.022793 0.019508 0.0359261
internal_count=103061 53741 39590 39396 15172 194 14151 24 14127 24224 3024 112 27 218
is_linear=0
shrinkage=0.05


Tree=164
num_leaves=12
num_cat=0
split_feature=17 13 10 10 28 27 13 10 2 21 21
split_gain=0.0234672 0.0154958 0.02251 0.0131698 0.00728439 0.0355162 0.0391048 0.0341534 0.00258155 0.000219343 1.90279e-09
threshold=1.0000000180025095e-35 116.70261164351852 1.6777341261574075 0.088287355324074099 0.26664288759730681 4.5000000000000009 51.074107725694454 0.55372670138888902 6.5961849397276051 inf 0.41666666666666669
decision_type=10 10 8 8 8 2 8 8 2 8 10
left_child=1 3 -3 -1 7 -6 9 -5 -4 -7 -2
right_child=10 2 8 4 5 6 -8 -9 -10 -11 -12
leaf_value=-0.05000477017024782 -0.05000477017024782 -0.05000477017024782 -0.05000477017024782 -0.029470558064455584 -0.0010687852679218607 0.052484903038844913 -0.0010687852679218607 -0.0010687852679218607 -0.0010687852679218607 0.047112899567366258 -0.05004820115980857
leaf_weight=0.013533287200513729 0.023291318719034726 0.03945570690750199 0.006096368431855132 0.10686292925194735 0.07336302605092189 0.045103707110385652 0.016609731531899125 1.3625507562480574 0.013985326383362917 0.032834420191647951 0.0025219227222035836
leaf_count=2578 47017 15328 7038 3629 1011 10 2834 21100 196 17 2303
internal_value=0 -0.00197258 -0.027033 -0.00106879 -0.000662771 0.00942234 0.0326146 -0.00106879 -0.00106879 0.0502217 -0.0500048
internal_weight=0 1.7104 0.0595374 1.65086 1.63732 0.167911 0.0945479 1.46941 0.0200817 0.0779381 0.0258132
internal_count=103061 53741 22562 31179 28601 3872 2861 24729 7234 27 49320
is_linear=0
shrinkage=0.05


Tree=165
num_leaves=15
num_cat=0
split_feature=17 11 24 10 10 11 10 11 10 11 1 2 24 10
split_gain=0.0224306 0.0150231 0.032162 0.0317522 0.0269993 0.0222535 0.025378 0.0206429 0.0289448 0.023285 0.0225484 0.0198771 0.0173102 0.0151346
threshold=1.0000000180025095e-35 46.495723472222231 2389.8720530555561 2.0008313599537044 1.9209063368055557 50.858644583333337 6.6597849942129637 40.761520694444449 1.6372936574074075 32.1676201388889 1.8113373733227773 4.2513707062362061 3067.1519112500005 1.3219617071759262
decision_type=10 8 8 10 10 10 10 8 10 8 8 2 8 8
left_child=1 4 3 -3 7 -5 -7 8 9 10 11 -1 13 -13
right_child=-2 2 -4 5 -6 6 -8 -9 -10 -11 -12 12 -14 -15
leaf_value=-0.049999711511799022 -0.050004537370199824 -0.042260259321581929 -0.042260259321581929 0.05017380624279251 0.036681827744352823 -0.042260259321581929 0.048073910717119001 -0.050004537370199824 0.036681827744352823 -0.049883835079358313 0.036681827744352823 -0.0013601822660392101 -0.049999711511799022 0.036681827744352823
leaf_weight=0.021367056961900333 0.024554322019035069 0.020088731961609832 0.068456989646903929 0.032915818666392038 0.047560411284820359 0.017609295832355765 0.011533258292899973 0.021433462909724255 0.035233913596602551 0.024934302923571017 0.035161389143832156 1.3309357141947835 0.017971490761226172 0.016835583878389238
leaf_count=14588 49320 188 10652 322 190 2812 181 2552 647 2930 308 14854 3397 120
internal_value=0 -0.00187224 -0.0169492 0.00414371 -0.000408657 0.022001 -0.00981962 -0.00158165 -0.000877261 -0.0019838 -0.00114405 -0.00214735 -0.0013987 -0.000748689
internal_weight=0 1.70204 0.150604 0.0821471 1.55143 0.0620584 0.0291426 1.50387 1.48244 1.44721 1.42227 1.38711 1.36574 1.34777
internal_count=103061 53741 14155 3503 39586 3315 2993 39396 36844 36197 33267 32959 18371 14974
is_linear=0
shrinkage=0.05


Tree=166
num_leaves=15
num_cat=0
split_feature=13 10 10 11 10 11 10 11 10 11 10 2 11 2
split_gain=0.0197557 0.0209255 0.0135786 0.0195715 0.0206923 0.0317941 0.034721 0.0540773 0.0569212 0.0671412 0.0558837 0.0450664 0.0197341 0.000539762
threshold=116.70261164351852 1.6777341261574075 0.088287355324074099 2.2262711111111115 0.1807949479166667 4.4911247222222235 0.40943510416666667 10.467914027777779 0.55372670138888902 13.521292916666669 0.86273513888888897 6.8265344882899663 40.761520694444449 4.842499511551134
decision_type=10 10 8 10 8 10 8 10 10 10 8 2 8 2
left_child=2 -2 -1 -4 -5 -6 -7 13 -9 11 -11 -10 -3 -8
right_child=1 12 3 4 5 6 7 8 9 10 -12 -13 -14 -15
leaf_value=-0.050164442558786083 -0.050413007496834243 0.044466229112594902 0.044466229112594902 -0.050164442558786083 0.049646392255802425 -0.037291727135966179 0.044466229112594902 -0.037291727135966179 -0.00138181902841817 -0.037291727135966179 -0.00082303489115138982 0.054976817729501637 -0.050011475195371184 0.049635080953604513
leaf_weight=0.014142216786122212 0.043111366930909001 0.013504380558515553 0.023415461159032813 0.021636060335991955 0.030635085608793244 0.066540716699895322 0.0020091902389126606 0.062663028958463429 0.016116293973838958 0.064699806880673658 1.1977534279465067 0.089002387148013895 0.0080456658311027739 0.058106768549123444
leaf_count=5599 31746 185 227 3408 213 6676 450 2732 244 7042 31032 6 13245 256
internal_value=0 -0.0295564 -0.00138182 -0.000959239 -0.00138182 -0.000958325 -0.00138182 -0.000376334 -0.00138182 -0.000119559 -0.00138182 0.0388366 -0.00138182 0.046304
internal_weight=0 0.0646614 1.64672 1.63258 1.60916 1.58753 1.55689 1.49035 1.43023 1.36757 1.26245 0.105119 0.02155 0.060116
internal_count=103061 45176 57885 52286 52059 48651 48438 41762 41056 38324 38074 250 13430 706
is_linear=0
shrinkage=0.05


Tree=167
num_leaves=15
num_cat=0
split_feature=17 11 9 10 10 28 10 28 0 11 10 13 10 13
split_gain=0.0208246 0.014203 0.0298637 0.0302589 0.0249563 0.0342038 0.0437428 0.0212123 0.0242212 0.0188532 0.0187134 0.0303627 0.0121918 0.0155497
threshold=1.0000000180025095e-35 46.495723472222231 99.395999988425942 2.0008313599537044 1.9209063368055557 0.08623443888946726 1.6372936574074075 0.054259841737135307 8.9521299757946675 40.761520694444449 1.1120120486111114 105.55552844328706 0.088287355324074099 1.0000000180025095e-35
decision_type=10 8 2 10 8 8 10 10 10 10 10 10 8 10
left_child=1 4 3 -3 5 6 -1 8 -5 -8 12 -12 -7 -14
right_child=-2 2 -4 7 -6 10 9 -9 -10 -11 11 -13 13 -15
leaf_value=-0.050004434953838883 -0.050004434953838883 -0.041558397021050741 -0.041558397021050741 -0.041558397021050741 0.035701552033066956 -0.050004434953838883 0.00087298232434273009 0.05011806219629536 0.048331615931376942 -0.050004434953838883 0.035701552033066956 0.00087298232434273009 0.035701552033066956 0.00087298232434273009
leaf_weight=0.078143865233551629 0.022691769646511761 0.01927336120201309 0.065986791495553532 0.016923202007892796 0.046511413863413398 0.01322613269926785 0.03276706348352712 0.031422544533246777 0.010980774166550911 0.019708210608747834 0.092687139474472241 0.021479324175182973 0.024136655911122795 1.1956720972806283
leaf_count=12148 49320 191 10729 2980 190 4391 602 228 27 2422 508 914 26 18385
internal_value=0 -0.00178117 -0.0167579 0.00406276 -0.000360591 -0.00149557 -0.0259248 0.0219439 -0.00978299 0.000872982 0.000872982 0.0202393 -0.000920146 0.000872982
internal_weight=0 1.66892 0.144587 0.0785999 1.52433 1.47782 0.130619 0.0593265 0.027904 0.0524753 1.3472 0.114166 1.23303 1.21981
internal_count=103061 53741 14155 3426 39586 39396 15172 3235 3007 3024 24224 1422 22802 18411
is_linear=0
shrinkage=0.05


Tree=168
num_leaves=15
num_cat=0
split_feature=17 11 9 10 10 28 10 11 0 2 11 10 2 10
split_gain=0.0198239 0.01345 0.0276168 0.0287413 0.0231073 0.0304616 0.0434491 0.0208908 0.0228402 0.0174272 0.0172388 0.0130201 0.0117153 0.00382807
threshold=1.0000000180025095e-35 46.495723472222231 99.395999988425942 2.0936338425925931 1.9209063368055557 0.08623443888946726 1.6372936574074075 50.858644583333337 8.9521299757946675 5.7965788290515023 40.761520694444449 0.088287355324074099 7.2143109430455565 0.55372670138888902
decision_type=10 10 2 10 10 8 10 10 8 2 10 8 2 10
left_child=1 4 3 -3 5 6 -1 -5 -9 -6 -8 -7 13 -13
right_child=-2 2 -4 7 9 11 10 8 -10 -11 -12 12 -14 -15
leaf_value=-0.050004219401851013 -0.050004219401851013 -0.040849701823578152 -0.040849701823578152 0.051215644727380417 0.0007061470016145934 -0.050004219401851013 0.0007061470016145934 -0.040849701823578152 0.047879561907014576 0.050837463038507148 -0.050004219401851013 -0.0054372749251042725 0.043116826307740136 0.0007061470016145934
leaf_weight=0.074378663083466495 0.021585169661292647 0.019190773385164769 0.063830303455744877 0.029362808577592995 0.0072835463356569754 0.012584937777004443 0.032741876192731861 0.01624975450260091 0.01051906462526286 0.038235958187897268 0.018757693031201006 0.2536380204920835 0.01645434033166715 1.0614568369321047
leaf_count=12148 49320 443 10729 59 179 4391 602 2895 25 11 2422 11703 74 8060
internal_value=0 -0.001776 -0.0166528 0.00385232 -0.000410049 -0.00149648 -0.0250162 0.0220911 -0.00985575 0.0346751 0.000706147 0.000706147 0.000706147 0.000706147
internal_weight=0 1.65468 0.139153 0.0753224 1.51553 1.47001 0.125878 0.0561316 0.0267688 0.0455195 0.0514996 1.34413 1.33155 1.31509
internal_count=103061 53741 14151 3422 39590 39400 15172 2979 2920 190 3024 24228 19837 19763
is_linear=0
shrinkage=0.05


Tree=169
num_leaves=15
num_cat=0
split_feature=17 11 9 10 10 11 10 11 10 13 11 10 21 11
split_gain=0.0189802 0.0129685 0.0254968 0.0272956 0.0210592 0.0193096 0.0216822 0.0179414 0.0260299 0.0335387 0.0206444 0.0278345 0.0246614 0.0764823
threshold=1.0000000180025095e-35 46.495723472222231 99.395999988425942 2.0008313599537044 1.9209063368055557 50.858644583333337 6.6597849942129637 40.761520694444449 1.6372936574074075 116.70261164351852 32.1676201388889 1.1120120486111114 0.042572463768115944 10.037814861111114
decision_type=10 8 2 8 8 10 10 8 8 10 10 10 10 8
left_child=1 4 3 -3 7 -5 -7 8 9 10 11 12 -1 -14
right_child=-2 2 -4 5 -6 6 -8 -9 -10 -11 -12 -13 13 -15
leaf_value=0.00064094151055085226 -0.050004013978282635 -0.040107719099752123 -0.040107719099752123 0.049729468006970472 0.033849249968729143 -0.040107719099752123 0.047779833024909325 -0.050004013978282635 0.033849249968729143 -0.050004013978282635 -0.049724965684019289 0.025307601431329388 0.00064094151055085226 -0.050004013978282635
leaf_weight=1.1161430805785673 0.020532530669945204 0.017802750817710541 0.061812393989660069 0.028659105582557791 0.04381588798219116 0.015667984154667004 0.010044789689402478 0.018499208091388497 0.033587025764006184 0.034486641743869284 0.021013556036304393 0.10220247026699847 0.04920717818907959 0.089220714748391008
leaf_count=11618 49320 187 10729 319 190 2743 177 2552 647 15149 1703 1963 2880 2884
internal_value=0 -0.00163162 -0.016539 0.0036459 -0.000307236 0.0215059 -0.00995173 -0.00132925 -0.000703223 -0.00176457 -0.000545479 0.000216207 -0.00182784 -0.0217336
internal_weight=0 1.64216 0.133987 0.0721746 1.50818 0.0543719 0.0257128 1.46436 1.44586 1.41227 1.37779 1.35677 1.25457 0.138428
internal_count=103061 53741 14155 3426 39586 3239 2920 39396 36844 36197 21048 19345 17382 5764
is_linear=0
shrinkage=0.05


Tree=170
num_leaves=15
num_cat=0
split_feature=17 24 10 2 28 1 10 28 13 1 13 13 1 10
split_gain=0.0181432 0.0126659 0.0112852 0.00927868 0.00875858 0.00830013 0.0453162 0.0293558 0.0227213 0.0167093 0.0120315 0.00886359 0.00334248 2.45442e-05
threshold=1.0000000180025095e-35 3163.1011447222227 0.088287355324074099 3.2194232785507872 0.012026750915687912 0.81305270639611271 0.40943510416666667 0.35587977768819534 1.0000000180025095e-35 1.8113373733227773 51.074107725694454 105.55552844328706 1.3558538341364026 2.0008313599537044
decision_type=10 8 8 2 10 10 8 8 10 8 8 8 8 10
left_child=1 2 -1 13 -5 6 8 9 -6 12 -9 -11 -7 -4
right_child=-2 -3 3 4 5 7 -8 10 -10 11 -12 -13 -14 -15
leaf_value=-0.050003818516733724 -0.050003818516733724 -0.050003818516733724 -0.050003818516733724 -0.04757197085248277 0.00066416217741590579 -0.049814572835733532 0.00066416217741590579 0.051274597411397296 -0.04757197085248277 0.030515107633968336 0.01386559409769033 0.00066416217741590579 0.00066416217741590579 -0.04757197085248277
leaf_weight=0.011654663191977929 0.019531221790924591 0.013301672143236298 0.0093413077057547637 0.0088731993794736175 0.0090992146915593597 0.015860985641274184 1.3189437719226111 0.049856529218286177 0.067513301735356163 0.038168477137162433 0.0059025480377385966 0.029838832652487941 0.047774343201373776 0.0011782812832168881
leaf_count=3888 49320 6156 2508 2911 5 2375 26472 5 7333 164 361 180 563 820
internal_value=0 -0.00152494 -0.00112448 -0.000767913 -0.000458609 -0.000180582 -0.00150734 0.00969959 -0.0388914 0.000664162 0.0405461 0.0138656 -0.0217812 -0.047572
internal_weight=0 1.62731 1.61401 1.60235 1.59183 1.58296 1.39556 0.187402 0.0766125 0.131643 0.0557591 0.0680073 0.0636353 0.0105196
internal_count=103061 53741 47585 43697 40369 37458 33810 3648 7338 3282 366 344 2938 3328
is_linear=0
shrinkage=0.05


Tree=171
num_leaves=15
num_cat=0
split_feature=17 11 9 10 10 28 10 28 0 29 10 11 10 28
split_gain=0.0172918 0.0125845 0.0233623 0.0258765 0.0197024 0.0274011 0.0422443 0.018761 0.0201823 0.0174304 0.0165946 0.0150338 0.0140234 0.0700868
threshold=1.0000000180025095e-35 46.495723472222231 99.395999988425942 2.0008313599537044 1.9209063368055557 0.08623443888946726 1.6372936574074075 0.054259841737135307 8.9521299757946675 6.5000000000000009 0.18713019675925929 40.761520694444449 0.55372670138888902 0.26664288759730681
decision_type=10 10 2 10 10 8 8 10 10 2 10 10 8 8
left_child=1 4 3 -3 5 6 -1 8 -5 12 -11 -8 13 -7
right_child=-2 2 -4 7 -6 9 11 -9 -10 10 -12 -13 -14 -15
leaf_value=-0.050003632903122312 -0.050003632903122312 -0.039527888705552586 -0.039527888705552586 -0.039527888705552586 0.03327535303715437 -0.050615394144231052 0.00086596224726996271 0.049666088098726899 0.047666780997477155 -0.050003632903122312 0.03327535303715437 -0.050003632903122312 0.0022403487220058662 0.0022403487220058662
leaf_weight=0.06951412155999491 0.018578740174887476 0.017134933899856354 0.059304540518806625 0.015075379191065878 0.042701953971146511 0.078021579728397933 0.031732450916416646 0.027338233487667507 0.0093094447352404519 0.0059506186724245366 0.037654115423749843 0.016937783011417906 1.0545166971988127 0.1534580529832707
leaf_count=12148 49320 187 10729 2980 190 5296 602 228 27 10 32 2422 8064 10826
internal_value=0 -0.00149035 -0.0165251 0.00328627 -0.000197556 -0.00118483 -0.0242567 0.021226 -0.0106587 0.000865962 0.0324783 0.000865962 0.000865962 -0.0113501
internal_weight=0 1.61865 0.128163 0.068858 1.49049 1.44779 0.118184 0.0517231 0.0243848 1.3296 0.0436047 0.0486702 1.286 0.23148
internal_count=103061 53741 14151 3422 39590 39400 15172 3235 3007 24228 42 3024 24186 16122
is_linear=0
shrinkage=0.05


Tree=172
num_leaves=15
num_cat=0
split_feature=17 11 9 10 11 10 10 28 10 2 11 10 2 10
split_gain=0.0165484 0.0121371 0.0214624 0.0245751 0.0185573 0.0190988 0.0180284 0.0245621 0.0418823 0.0170875 0.0137337 0.0115548 0.0101902 0.00294413
threshold=1.0000000180025095e-35 46.495723472222231 99.395999988425942 2.0936338425925931 50.858644583333337 6.6597849942129637 1.9209063368055557 0.08623443888946726 1.6372936574074075 5.7965788290515023 40.761520694444449 0.088287355324074099 7.2143109430455565 0.40943510416666667
decision_type=10 10 2 10 8 8 10 8 8 2 10 8 2 10
left_child=1 6 3 -3 -5 -6 7 8 -1 -8 -10 -9 13 -13
right_child=-2 2 -4 4 5 -7 9 11 10 -11 -12 12 -14 -15
leaf_value=-0.050003455704170113 -0.050003455704170113 -0.038729899505741336 -0.038729899505741336 0.05091152166409512 -0.038729899505741336 0.047449549613473557 0.00087651537832529223 -0.050003455704170113 0.00087651537832529223 0.050287803355603233 -0.050003455704170113 -0.0066582521277769938 0.042247426828032501 0.00087651537832529223
leaf_weight=0.066164587441405256 0.017672705250822207 0.017156419827986193 0.057545381287196551 0.025477618156278581 0.014533936694538861 0.0089015587735730151 0.0075310839152392664 0.011104272584448755 0.031708372881320279 0.034370118060451205 0.016119654472770195 0.12968696715312078 0.015027092473193115 1.1692695744081836
leaf_count=12148 49320 443 10729 59 2743 177 179 4391 602 11 2422 9319 74 10444
internal_value=0 -0.0013544 -0.016406 0.00303767 0.0213741 -0.0107372 -9.80661e-05 -0.0010394 -0.0233107 0.0322317 0.000876515 0.000876515 0.000876515 0.000876515
internal_weight=0 1.6046 0.123615 0.0660695 0.0489131 0.0234355 1.48098 1.43908 0.113993 0.0419012 0.047828 1.32509 1.31398 1.29896
internal_count=103061 53741 14151 3422 2979 2920 39590 39400 15172 190 3024 24228 19837 19763
is_linear=0
shrinkage=0.05


Tree=173
num_leaves=13
num_cat=0
split_feature=17 24 10 2 13 21 16 2 2 21 13 21
split_gain=0.0158192 0.0115997 0.010071 0.0088332 0.00712171 0.0196402 0.00640742 0.00868172 0.000942888 0.000805145 0.000244513 5.78001e-10
threshold=1.0000000180025095e-35 3163.1011447222227 0.088287355324074099 3.2194232785507872 116.70261164351852 0.028991596638655467 4.4327485380116967 6.4304464911694117 7.2143109430455565 0.042572463768115944 71.91574287037038 0.41666666666666669
decision_type=10 8 8 2 10 8 10 2 2 10 8 10
left_child=1 2 -1 10 6 -6 8 -8 9 -5 -4 -2
right_child=11 -3 3 4 5 -7 7 -9 -10 -11 -12 -13
leaf_value=-0.050003287442652783 -0.050003287442652783 -0.050003287442652783 -0.025512709458302602 0.00030940785618654011 0.00030940785618654011 -0.047346608369116389 0.00030940785618654011 0.048521322199842926 0.011206451951770703 -0.0033413478762240006 -0.050003287442652783 -0.050032722944394738
leaf_weight=0.010311805479566319 0.015143122106552232 0.01205506950511237 0.0011370674551159981 1.2935537364152967 0.015461010914829675 0.026173096163129329 0.0041867991200195782 0.016229154478368191 0.021687749526210998 0.18418945212912641 0.0088824508769222935 0.0016677303035272798
leaf_count=3888 47017 6156 117 16172 3312 10850 1766 28 48 8193 3211 2303
internal_value=0 -0.0012453 -0.000872929 -0.000549752 -0.000249472 -0.0206513 0.000309408 0.0283203 0.000309408 0.000309408 -0.0473466 -0.0500033
internal_weight=0 1.59387 1.58181 1.5715 1.56148 0.0416341 1.51985 0.020416 1.49943 1.47774 0.0100195 0.0168109
internal_count=103061 53741 47585 43697 40369 14162 26207 1794 24413 24365 3328 49320
is_linear=0
shrinkage=0.05


Tree=174
num_leaves=13
num_cat=0
split_feature=13 10 10 16 2 10 2 2 28 27 28 15
split_gain=0.0142499 0.0197684 0.00996198 0.00564523 0.00922358 0.00338116 0.00306328 0.000248899 1.05741e-06 5.96702e-07 5.78348e-10 1.47451e-17
threshold=116.70261164351852 1.6777341261574075 0.088287355324074099 4.4327485380116967 6.4304464911694117 1.0787318402777781 6.5961849397276051 7.2143109430455565 0.094605528058926316 3.5000000000000004 0.0078453445366170344 17.500000000000004
decision_type=10 10 8 10 2 10 2 2 8 2 10 2
left_child=2 8 -1 5 -5 -4 10 -7 9 -2 -3 -12
right_child=1 6 3 4 -6 7 -8 -9 -10 -11 11 -13
leaf_value=-0.050114110114322534 -0.050748697438737771 -0.050037340809676673 -0.0048895022866043761 -0.00079962811073880098 0.048244707241505272 -0.00079962811073880098 -0.00079962811073880098 0.014353007287695591 -0.050114110114322534 -0.050114110114322534 -0.050000031125451795 -0.050000024356552764
leaf_weight=0.010173785445777163 0.016484999106924664 0.0013601035516117568 0.50538754747826264 0.0045846857061938714 0.015521745108989279 0.99706176922678413 0.012489786031772962 0.020400870376996338 0.015324661726354973 0.0032828472076033071 0.0010424036739209441 0.0033478105289930227
leaf_count=5599 2764 1098 26119 2736 32 23370 345 29 19877 9105 2891 9096
internal_value=0 -0.0270848 -0.000799628 -0.000474463 0.0258468 -0.000799628 -0.000799628 -0.000799628 -0.0503812 -0.0506244 -0.0500089 -0.05
internal_weight=0 0.0533326 1.55313 1.54296 0.0201064 1.52285 0.0182401 1.01746 0.0350925 0.0197678 0.00575032 0.00439021
internal_count=103061 45176 57885 52286 2768 49518 13430 23399 31746 11869 13085 11987
is_linear=0
shrinkage=0.05


Tree=175
num_leaves=15
num_cat=0
split_feature=17 11 24 10 28 10 10 28 13 10 2 28 11 15
split_gain=0.0148394 0.0118504 0.0195658 0.023235 0.0172475 0.0180755 0.0170744 0.0622277 0.0293915 0.0303425 0.0150312 0.0140357 0.0134984 0.128987
threshold=1.0000000180025095e-35 46.495723472222231 2389.8720530555561 2.0008313599537044 0.054259841737135307 6.6597849942129637 1.6372936574074075 0.08623443888946726 116.70261164351852 1.1120120486111114 4.2513707062362061 0.02101166364739512 13.521292916666669 23.500000000000004
decision_type=10 8 8 10 10 10 8 8 10 8 2 10 8 2
left_child=1 6 3 -3 5 -5 7 -1 9 10 -9 -8 -12 -14
right_child=-2 2 -4 4 -6 -7 11 8 -10 -11 12 -13 13 -15
leaf_value=-0.04998593677249747 -0.050003167457057289 -0.037846165317018433 -0.037846165317018433 -0.037846165317018433 0.04930500296061241 0.047103407288824305 -0.04998593677249747 -0.04998593677249747 -0.04998593677249747 0.021461024968168142 0.0090351956749075805 0.026983868725473516 -0.04998593677249747 0.0048632327165110002
leaf_weight=0.062371234755616511 0.015633510331396594 0.015877601180366019 0.055684218359968007 0.014110803415598006 0.024951654173527071 0.0085285916759403335 0.0063319470588766294 0.014849744430334266 0.02706063329702435 0.089238577179899914 0.33912510506253929 0.082241368642258283 0.11207068770105144 0.7345701667005482
leaf_count=12148 49320 188 10652 2899 235 181 549 5914 10040 735 5276 2840 770 1314
internal_value=0 -0.00105022 -0.016215 0.00276312 0.0206333 -0.0109667 0.000180779 -0.00118577 0.00112549 0.00220746 -1.99896e-05 0.021461 0.000606084 -0.00277023
internal_weight=0 1.58701 0.119153 0.0634687 0.047591 0.0226394 1.46786 1.37929 1.31691 1.28985 1.20062 0.0885733 1.18577 0.846641
internal_count=103061 53741 14155 3503 3315 3080 39586 36197 24049 14009 13274 3389 7360 2084
is_linear=0
shrinkage=0.05


Tree=176
num_leaves=15
num_cat=0
split_feature=17 24 10 2 28 0 28 10 10 28 10 10 13 10
split_gain=0.0141468 0.0103887 0.00916519 0.00840076 0.00742097 0.00788638 0.0192986 0.017646 0.0300339 0.00280015 0.0160892 0.000976677 0.00121794 2.80732e-05
threshold=1.0000000180025095e-35 3163.1011447222227 0.088287355324074099 3.2194232785507872 0.012026750915687912 3.3632391232583734 0.12675009662621681 0.1807949479166667 4.1845657870370383 0.76866852033729238 0.42711984375000006 1.238355908564815 1.0000000180025095e-35 2.0008313599537044
decision_type=10 8 8 2 8 10 10 10 8 8 8 10 10 10
left_child=1 2 -1 13 -5 7 8 -6 -7 10 -8 12 -12 -4
right_child=-2 -3 3 4 5 6 9 -9 -10 -11 11 -13 -14 -15
leaf_value=-0.050003013277230418 -0.050003013277230418 -0.050003013277230418 -0.050003013277230418 -0.047260213091034141 -0.047260213091034141 -0.047260213091034141 -0.047260213091034141 -0.00077355670313105946 0.034545270948471644 0.049290764182688511 0.049290764182688511 0.049290764182688511 0.034545270948471644 -0.047260213091034141
leaf_weight=0.0093160247943909619 0.014871099778042018 0.010705323140851486 0.008478308254906624 0.0074191612491617404 0.018134576434210126 0.025384445209874259 0.0058083422438830459 1.4194065665975397 0.016187204082143584 0.020382630407425495 0.012211528606712818 0.014389013265315498 0.0027587255495689087 0.0010161011106983491
leaf_count=3888 49320 6156 2508 2911 2671 1424 356 32654 83 47 1 7 215 820
internal_value=0 -0.00100568 -0.000669018 -0.000372136 -8.34517e-05 0.000158089 0.0139478 -0.000773557 -0.000773557 0.0345453 0.025999 0.0410501 0.0320779 -0.0472602
internal_weight=0 1.5716 1.56089 1.55158 1.54208 1.53466 0.0971219 1.43754 0.0415716 0.0555502 0.0351676 0.0293593 0.0149703 0.00949441
internal_count=103061 53741 47585 43697 40369 37458 2133 35325 1507 626 579 223 216 3328
is_linear=0
shrinkage=0.05


Tree=177
num_leaves=15
num_cat=0
split_feature=17 11 24 10 11 0 10 28 13 10 21 28 28 2
split_gain=0.0134995 0.0111931 0.0181402 0.0223803 0.0161186 0.0164934 0.0159242 0.0586052 0.0276027 0.0282986 0.0200461 0.0753399 0.0131174 0.0104687
threshold=1.0000000180025095e-35 46.495723472222231 2389.8720530555561 2.0008313599537044 50.858644583333337 8.9521299757946675 1.6372936574074075 0.08623443888946726 116.70261164351852 1.1120120486111114 0.042572463768115944 0.26664288759730681 0.02101166364739512 5.7965788290515023
decision_type=10 10 8 10 10 10 8 8 10 10 10 8 10 2
left_child=1 6 3 -3 -5 -6 7 -1 9 10 -9 -12 -8 -14
right_child=-2 2 -4 4 5 -7 12 8 -10 -11 11 -13 13 -15
leaf_value=-0.049947600067387375 -0.050002866802089097 -0.037234761473288622 -0.037234761473288622 0.049128706234879832 -0.037234761473288622 0.047023905648132414 -0.049947600067387375 0.0022368709274869086 -0.049947600067387375 0.020994385414394242 -0.049947600067387375 0.0022368709274869086 0.020994385414394242 0.045851156201676818
leaf_weight=0.058704345914180354 0.014145868078262125 0.015292505390592563 0.053490117107433705 0.023866362215009485 0.013217284940922093 0.0078740415369064065 0.0060126540981807466 1.0659290164624988 0.025464399610729216 0.087540529515447552 0.07965174027087342 0.046945501786941665 0.034890583008743592 0.046029739367980937
leaf_count=12148 49320 188 10648 322 2968 25 553 8838 10040 735 2258 2178 2586 254
internal_value=0 -0.000938226 -0.0160426 0.00277187 0.0209844 -0.0108629 0.000245629 -0.00107654 0.00112099 0.00214645 2.79166e-06 -0.0188078 0.0209944 0.0262887
internal_weight=0 1.56491 0.11374 0.0602502 0.0449577 0.0210913 1.45117 1.36424 1.30553 1.28007 1.19253 0.126597 0.086933 0.0809203
internal_count=103061 53741 14151 3503 3315 2993 39590 36197 24049 14009 13274 4436 3393 2840
is_linear=0
shrinkage=0.05


Tree=178
num_leaves=15
num_cat=0
split_feature=17 24 10 28 10 28 1 28 10 1 21 10 27 21
split_gain=0.0128865 0.00952487 0.00875154 0.00689405 0.007223 0.00947752 0.00685951 0.00405022 0.0397383 0.00807896 0.00402112 0.00160525 0.000398193 3.14457e-10
threshold=1.0000000180025095e-35 3163.1011447222227 0.088287355324074099 0.012026750915687912 4.1845657870370383 0.02101166364739512 2.1762995266665839 0.08623443888946726 1.6372936574074075 2.1762995266665839 0.028991596638655467 0.40943510416666667 6.5000000000000009 0.41666666666666669
decision_type=10 8 8 8 10 8 10 8 10 10 10 10 2 10
left_child=1 2 -1 -4 5 12 -6 8 -7 11 -10 -9 -5 -2
right_child=13 -3 3 4 6 7 -8 9 10 -11 -12 -13 -14 -15
leaf_value=-0.050002726700761425 -0.050002726700761425 -0.050002726700761425 -0.050002726700761425 -0.050002726700761425 -1.4121811622704397e-05 -0.041036385953078382 0.050099389091830995 -0.006016433285411832 -1.4121811622704397e-05 0.037502356520606843 -0.041036385953078382 -1.4121811622704397e-05 -0.041036385953078382 -0.05002687103467085
leaf_weight=0.0088562772859663973 0.012107442872828132 0.0097661311720312893 0.0069241682005002428 0.011862716127198705 0.0029776128123951686 0.045480063788338743 0.013929367805985748 0.12571759198010091 0.13900157406309485 0.015408591158608265 0.0072386641561732459 1.1617533690821837 0.0023509503004688357 0.0013485597696821028
leaf_count=3888 47017 6156 3104 1548 1499 9664 10 8253 2490 85 6225 9292 1527 2303
internal_value=0 -0.000860538 -0.000548688 -0.000262306 -3.6397e-05 -0.000400569 0.0324631 -1.41218e-05 -0.00728146 -1.41218e-05 -1.41218e-05 -1.41218e-05 -0.0410364 -0.0500027
internal_weight=0 1.55127 1.5415 1.53264 1.52572 1.50881 0.016907 1.4946 0.19172 1.30288 0.14624 1.28747 0.0142137 0.013456
internal_count=103061 53741 47585 43697 40593 39084 1509 36009 18379 17630 8715 17545 3075 49320
is_linear=0
shrinkage=0.05


Tree=179
num_leaves=15
num_cat=0
split_feature=17 11 9 11 28 0 11 28 13 11 21 28 11 11
split_gain=0.0123189 0.0110518 0.0166904 0.0213061 0.0155637 0.0150378 0.0142907 0.0536854 0.0260607 0.0297229 0.0175787 0.0732229 0.0140112 0.0236799
threshold=1.0000000180025095e-35 46.495723472222231 99.395999988425942 48.019952638888896 0.054259841737135307 8.9521299757946675 39.295047777777789 0.08623443888946726 116.70261164351852 26.688289166666671 0.042572463768115944 0.26664288759730681 27.010381250000005 29.720541805555559
decision_type=10 10 2 10 10 10 10 8 10 10 10 8 10 10
left_child=1 6 3 -3 5 -5 7 -1 9 10 -9 -12 -11 -14
right_child=-2 2 -4 4 -6 -7 -8 8 -10 12 11 -13 13 -15
leaf_value=-0.049881990305640556 -0.050002594003392575 -0.036774804921501508 -0.036774804921501508 -0.036774804921501508 0.049017484545079315 0.046940791061792074 0.020362767535682121 0.0021748567677936327 -0.049881990305640556 0.050384819833113097 -0.049881990305640556 0.0021748567677936327 -0.049881990305640556 0.033213834431763171
leaf_weight=0.053573660684498974 0.012799747819624119 0.014744487639619948 0.051487343991859766 0.01264607439000346 0.022797600726078171 0.0071589903861359596 0.084507509668526271 1.0661878529764131 0.024018758722255229 0.043735778691457908 0.076212829563316487 0.046812293713149489 0.011751964397368503 0.030582527554636099
leaf_count=12148 49320 187 10729 2980 228 27 3389 8842 10040 55 2258 2178 299 381
internal_value=0 -0.000748055 -0.0161103 0.00244276 0.0208498 -0.011574 0.000415127 -0.000830905 0.0011916 0.00216346 0.000109888 -0.017786 0.0305371 0.0100325
internal_weight=0 1.54622 0.108834 0.0573472 0.0426027 0.0198051 1.43738 1.35288 1.2993 1.27528 1.18921 0.123025 0.0860703 0.0423345
internal_count=103061 53741 14151 3422 3235 3007 39590 36201 24053 14013 13278 4436 735 680
is_linear=0
shrinkage=0.05


Tree=180
num_leaves=15
num_cat=0
split_feature=17 11 0 13 28 10 28 10 29 11 10 28 11 10
split_gain=0.0117531 0.0105686 0.0154691 0.02494 0.0333413 0.0133471 0.0165241 0.03526 0.0162039 0.0132964 0.0115775 0.0679816 0.0476473 0.0305993
threshold=1.0000000180025095e-35 46.495723472222231 8.9521299757946675 1.0000000180025095e-35 0.054259841737135307 1.9209063368055557 0.08623443888946726 1.6372936574074075 6.5000000000000009 40.761520694444449 0.55372670138888902 0.26664288759730681 13.521292916666669 0.86273513888888897
decision_type=10 10 10 10 10 10 8 8 2 10 10 8 8 8
left_child=1 5 3 4 -3 6 7 -1 10 -9 11 -8 -12 -14
right_child=-2 2 -4 -5 -6 -7 8 9 -10 -11 12 -13 13 -15
leaf_value=-0.049842977785819864 -0.050002467846306534 -0.047233015801876055 0.027673292265409377 -0.047233015801876055 0.027673292265409377 0.029792794702681005 -0.050597156936155512 0.0011304833695198727 0.029792794702681005 -0.049842977785819864 0.029792794702681005 0.0023533895300658883 -0.050425635420833864 0.0023533895300658883
leaf_weight=0.050999742859100416 0.012175526709601425 0.016482756759614928 0.017021338478027337 0.050758861846935302 0.021027803668682815 0.037717964381784097 0.073159724499496093 0.029511030917869885 0.038620541732918734 0.015085645927499058 0.10033254502838408 0.14901854449471247 0.032303840951890234 0.90050434474873187
leaf_count=12148 49320 18 116 14015 2 190 5296 602 42 2422 144 10826 4069 3851
internal_value=0 -0.000682687 -0.0159699 -0.0243858 0.00653086 0.000445073 -0.00035155 -0.0204115 0.00113048 0.00113048 0.00113048 -0.0102279 0.00235339 0.00235339
internal_weight=0 1.53254 0.105291 0.0882694 0.0375106 1.42725 1.38954 0.0955964 1.29394 0.0445967 1.25532 0.222178 1.03314 0.932808
internal_count=103061 53741 14151 14035 20 39590 39400 15172 24228 3024 24186 16122 8064 7920
is_linear=0
shrinkage=0.05


Tree=181
num_leaves=15
num_cat=0
split_feature=2 27 11 10 2 27 29 16 29 16 11 21 17 11
split_gain=0.011454 0.0296624 0.009812 0.0467839 0.0402267 0.0241788 0.00673031 0.0020826 0.000168503 7.39129e-10 2.51137e-10 2.70217e-10 6.61277e-15 8.7777e-16
threshold=4.842499511551134 8.5000000000000018 13.521292916666669 0.55372670138888902 6.8265344882899663 4.5000000000000009 4.5000000000000009 4.4327485380116967 4.5000000000000009 4.6983415508740478 139.77362152777781 0.15476190476190479 190.50000000000003 46.495723472222231
decision_type=2 2 8 10 2 2 2 10 2 10 8 10 8 10
left_child=1 8 3 5 -5 -2 -3 -4 9 10 11 12 -1 -14
right_child=2 6 7 4 -6 -7 -8 -9 -10 -11 -12 -13 13 -15
leaf_value=-0.050000010123679911 -0.023653009280350329 -0.046952855771027056 0.00011833206383172011 0.00011833206383172011 0.054382486995867112 0.00011833206383172011 0.00011833206383172011 0.025232956937007396 -0.044025239104496461 -0.049960725632443595 -0.05002652555821753 -0.050026550672053777 -0.050000080361905501 -0.050000046838687022
leaf_weight=0.005358170164388977 0.11402818671894535 0.0094963798579333 1.1051185643197907 0.014931968420683672 0.082203553038965538 0.10313859188559857 0.034717429888122216 0.019127066832950512 0.02408105918580208 0.0011111125575108015 0.001038313466771963 0.0010112061227772985 0.012298076178721681 0.0023156686147416403
leaf_count=26916 4031 19608 17015 121 13 5424 761 877 3004 2116 928 1610 15279 5358
internal_value=0 -0.0181328 0.000118332 0.00895269 0.0382841 0.000118332 0.000118332 0.000118332 -0.0469529 -0.0500005 -0.0500025 -0.0500013 -0.0500001 -0.0500001
internal_weight=0 0.0914274 1.43855 0.314302 0.0971355 0.217167 0.0442138 1.12425 0.0472136 0.0231325 0.0220214 0.0209831 0.0199719 0.0146137
internal_count=103061 75580 27481 9589 134 9455 20369 17892 55211 52207 50091 49163 47553 20637
is_linear=0
shrinkage=0.05


Tree=182
num_leaves=15
num_cat=0
split_feature=17 24 10 1 10 13 21 10 13 1 21 13 10 13
split_gain=0.0108211 0.00857804 0.008321 0.00582986 0.040505 0.0215354 0.00780278 0.00388614 0.00334595 0.0031665 0.00204718 0.0235435 0.0568857 0.00123362
threshold=1.0000000180025095e-35 3163.1011447222227 0.088287355324074099 0.81305270639611271 0.40943510416666667 1.0000000180025095e-35 0.003179658275199677 4.1845657870370383 129.52690513888891 2.1762995266665839 0.042572463768115944 51.074107725694454 1.1120120486111114 51.074107725694454
decision_type=10 8 10 10 8 10 10 10 10 10 8 10 8 10
left_child=1 2 -1 4 5 -4 7 13 10 -9 -6 -12 -13 -5
right_child=-2 -3 3 6 8 -7 -8 9 -10 -11 11 12 -14 -15
leaf_value=-0.050002204795515218 -0.050002204795515218 -0.050002204795515218 0.0008898840685976489 0.012176600107160429 0.0034748675498172477 -0.050002204795515218 0.0008898840685976489 0.012176600107160429 -0.050002204795515218 0.050323885590083967 0.0008898840685976489 -0.050002204795515218 0.0008898840685976489 0.0034748675498172477
leaf_weight=0.0083455837785938458 0.011168841647417715 0.0087121060350584534 0.0085857399881201224 0.11745095035265779 0.76914111796137841 0.060756966280178182 0.016335974753252991 0.0015471788614149782 0.0032197241176677984 0.01278893044218421 0.34303641589895317 0.071889644297926672 0.064768040226274567 0.024810497938600407
leaf_count=3888 49320 6156 5 69 17083 7878 3756 27 2410 2 271 4690 7037 469
internal_value=0 -0.000605334 -0.000318517 -4.04621e-05 -0.00117025 -0.0383682 0.00859236 0.014677 0.000889884 0.0394892 0.000889884 0.000889884 -0.0210523 0.0121766
internal_weight=0 1.51139 1.50268 1.49433 1.3214 0.0693427 0.172934 0.156598 1.25205 0.0143361 1.24884 0.479694 0.136658 0.142261
internal_count=103061 53741 47585 43697 39374 7883 4323 567 31491 29 29081 11998 11727 538
is_linear=0
shrinkage=0.05


Tree=183
num_leaves=15
num_cat=0
split_feature=11 24 10 11 10 10 13 2 1 11 1 2 2 11
split_gain=0.0109053 0.0150741 0.0190339 0.015904 0.0133501 0.0124127 0.0265334 0.0220973 0.015321 0.0148969 0.0144198 0.0146407 0.00843659 0.0215881
threshold=46.495723472222231 2389.8720530555561 2.0936338425925931 50.858644583333337 6.6597849942129637 1.6372936574074075 116.70261164351852 5.7965788290515023 1.3558538341364026 32.1676201388889 1.8113373733227773 4.2513707062362061 7.2143109430455565 27.010381250000005
decision_type=10 8 8 10 10 10 10 2 10 8 10 2 2 10
left_child=5 2 -2 -4 -5 6 9 8 -7 10 11 -1 13 -13
right_child=1 -3 3 4 -6 7 -8 -9 -10 -11 -12 12 -14 -15
leaf_value=-0.049998104267482871 -0.03650941077507458 -0.03650941077507458 0.050491379716986855 -0.03650941077507458 0.046159017842701926 0.00010535974301736746 -0.050335460289940098 0.044685770075587584 0.044685770075587584 -0.049133649564345731 0.03632975575013183 0.00010535974301736746 0.03632975575013183 -0.049998104267482871
leaf_weight=0.014600030477769699 0.014316136001250255 0.049405585024865688 0.020575325625429075 0.012366205219702449 0.0063766136152310074 0.023298656730555867 0.026604168835087871 0.042747330065486498 0.016730368378229478 0.015360965656842862 0.027773420315829633 1.2106168495858152 0.012835952082127844 0.021324387718852811
leaf_count=19762 819 19391 109 4632 283 5488 31361 482 135 3227 291 15307 110 1664
internal_value=0 -0.0165836 0.0017712 0.0201406 -0.0131777 0.000265684 -0.000904286 0.0190516 0.00010536 0.00010536 0.00010536 -9.29261e-05 0.00010536 6.93464e-05
internal_weight=0 0.10304 0.0536343 0.0393181 0.0187428 1.41189 1.32912 0.0827764 0.040029 1.30251 1.28715 1.25938 1.24478 1.23194
internal_count=103061 25234 5843 5024 4915 77827 71722 6105 5623 40361 37134 36843 17081 16971
is_linear=0
shrinkage=0.05


Tree=184
num_leaves=15
num_cat=0
split_feature=11 29 28 1 10 28 10 2 11 10 13 2 29 28
split_gain=0.01035 0.0112168 0.0351563 0.0233289 0.0112106 0.0164982 0.0332122 0.0158508 0.0132465 0.00938183 0.00804547 0.00766094 0.00594017 0.00199567
threshold=46.495723472222231 6.5000000000000009 0.054259841737135307 2.1762995266665839 1.9209063368055557 0.08623443888946726 1.6372936574074075 5.7965788290515023 40.761520694444449 0.088287355324074099 101.45672474537038 7.2143109430455565 5.5000000000000009 0.090908387470189297
decision_type=10 2 10 10 10 8 8 2 10 8 8 2 2 8
left_child=4 3 -3 -2 5 6 -1 -6 -8 -7 12 13 -5 -11
right_child=1 2 -4 10 7 9 8 -9 -10 11 -12 -13 -14 -15
leaf_value=-0.049783877453396332 -0.046557890617746796 -0.050280085977786992 0.051014488673251583 -0.046557890617746796 0.0010040187672778424 -0.049783877453396332 0.0010040187672778424 0.049138545669051077 -0.049783877453396332 -0.049783877453396332 -0.046557890617746796 0.040331368969577994 0.050306298245286513 0.0010040187672778424
leaf_weight=0.049335281791369631 0.047905025078549365 0.015281961470269112 0.019490885045827092 0.0016802565191795802 0.0077330333410826615 0.0089850707431273595 0.02817243941712887 0.028255637001052492 0.014725569239279434 0.0019179339569387417 0.003190268091813663 0.012490688580456211 0.012151064915087773 1.2532817524130098
leaf_count=23722 25090 21 3 41 388 9773 1135 19 4256 1557 76 199 3 36778
internal_value=0 -0.0164189 0.00649758 -0.0286924 0.000252834 -0.000471366 -0.0208934 0.0277994 0.00100402 0.00100402 0.0215878 0.00100402 0.038113 0.00100402
internal_weight=0 0.0996995 0.0347728 0.0649266 1.4049 1.36891 0.0922333 0.0359887 0.042898 1.27668 0.0170216 1.26769 0.0138313 1.2552
internal_count=103061 25234 24 25210 77827 77420 29113 407 5391 48307 120 38534 44 38335
is_linear=0
shrinkage=0.05


Tree=185
num_leaves=15
num_cat=0
split_feature=11 9 11 28 13 11 28 28 13 15 2 21 28 11
split_gain=0.00985846 0.0131376 0.0173062 0.0137026 0.0120094 0.0112774 0.0266037 0.0160614 0.0160274 0.0204202 0.0158717 0.01444 0.0705933 0.0133888
threshold=46.495723472222231 99.395999988425942 48.019952638888896 0.054259841737135307 71.91574287037038 26.688289166666671 0.090908387470189297 0.02101166364739512 105.55552844328706 34.500000000000007 4.2513707062362061 0.042572463768115944 0.26664288759730681 27.010381250000005
decision_type=8 2 10 10 8 10 8 10 10 2 2 10 8 10
left_child=5 2 -2 4 -4 6 -1 -7 13 -10 -8 -12 -13 -9
right_child=1 -3 3 -5 -6 7 10 8 9 -11 11 12 -14 -15
leaf_value=-0.050071300344605378 -0.035534656152264373 -0.035534656152264373 0.036980830209431076 0.048483812064686202 -0.035534656152264373 -0.0501707198587256 -0.050009832648344389 0.050176717778158478 -0.0501707198587256 0.021823128947458866 0.002162899903832101 -0.050009832648344389 0.002162899903832101 0.021823128947458866
leaf_weight=0.027567959248861341 0.012574332426494007 0.046079268687987465 0.0074035818114761903 0.019336788457841259 0.0098491272218603487 0.0099974653785513679 0.015894588111392882 0.041635808865887206 0.019131144493575971 0.013201829081031572 1.0466776715594912 0.072049257142792131 0.045900038563474202 0.1079290370110219
leaf_count=15379 362 19524 61 381 4910 2134 23821 133 7944 2516 13596 3799 3320 5181
internal_value=0 -0.0163532 0.00162476 0.0195817 -0.0128117 0.000271322 -0.00151721 0.0115311 0.0149224 -0.0169989 -0.000383355 0.000293937 -0.0162912 0.0218231
internal_weight=0 0.0952431 0.0491638 0.0365895 0.0172527 1.39998 1.20809 0.191895 0.181898 0.032333 1.18052 1.16463 0.117949 0.149565
internal_count=103061 25238 5714 5352 4971 77823 59915 17908 15774 10460 44536 20715 7119 5314
is_linear=0
shrinkage=0.05


Tree=186
num_leaves=15
num_cat=0
split_feature=2 17 10 13 1 10 28 29 13 1 13 1 13 13
split_gain=0.00964308 0.00793872 0.00724215 0.00679932 0.00610321 0.0373866 0.0256476 0.0210967 0.0161902 0.0130578 0.00457422 0.026518 2.84508e-05 5.61977e-08
threshold=3.2194232785507872 1.0000000180025095e-35 0.088287355324074099 129.52690513888891 0.81305270639611271 0.40943510416666667 0.35587977768819534 6.5000000000000009 51.074107725694454 1.3558538341364026 1.0000000180025095e-35 2.1762995266665839 71.91574287037038 inf
decision_type=2 10 10 10 10 8 10 2 8 8 10 8 8 8
left_child=12 2 -2 4 5 7 9 -4 -8 -6 -11 -12 -1 -14
right_child=1 -3 3 -5 6 -7 8 -9 -10 10 11 -13 13 -15
leaf_value=-0.047458562054703529 -0.047458562054703529 -0.047458562054703529 -0.047458562054703529 -0.047458562054703529 -0.049586734998649871 0.0011653944862878656 0.051183560354376038 0.0011653944862878656 0.0011653944862878656 0.018337544904278493 -0.049586734998649871 0.0011653944862878656 -0.05000005766821683 -0.050239848977518778
leaf_weight=0.0010397227896065562 0.0072356329677213385 0.0080447656982148841 0.056777281883041542 0.0067347970605376997 0.014113858983953852 1.2227148760460178 0.046296555688502224 0.0085402787262864877 0.0063306014631781182 0.038989652784731141 0.027023654959824457 0.030024055376844848 0.0043425365734323347 0.0055869669637398792
leaf_count=173 3591 38873 6876 7986 2413 26976 6 5 359 10 740 180 14860 13
internal_value=0 -0.000404055 -0.000131654 0.000116401 0.000349391 -0.000803475 0.00947179 -0.0376598 0.0390042 0.00116539 0.00116539 0.00116539 -0.0474586 -0.050135
internal_weight=0 1.47283 1.46478 1.45755 1.45081 1.28803 0.162778 0.0653176 0.0526272 0.110151 0.0960374 0.0570477 0.0109692 0.0099295
internal_count=103061 88015 49142 45551 37565 33857 3708 6881 365 3343 930 920 15046 14873
is_linear=0
shrinkage=0.05


Tree=187
num_leaves=15
num_cat=0
split_feature=11 13 10 10 11 10 0 13 2 1 11 10 11 0
split_gain=0.00953219 0.0621506 0.0452669 0.0295233 0.0734476 0.0229288 0.0531263 0.0267322 0.018551 0.0319711 0.037987 0.0274902 0.011831 0.00317573
threshold=13.521292916666669 51.074107725694454 0.86273513888888897 0.55372670138888902 10.467914027777779 0.40943510416666667 1.9516180126307574 1.0000000180025095e-35 5.4635185843601484 1.3558538341364026 25.403254444444446 1.0500420949074076 20.92070152777778 11.797778784718689
decision_type=10 10 8 10 8 10 8 10 2 10 8 10 8 10
left_child=1 3 -2 4 5 6 7 -1 9 10 11 -4 -10 -14
right_child=2 -3 8 -5 -6 -7 -8 -9 12 -11 -12 -13 13 -15
leaf_value=0.038491192200732487 -0.050320855052496255 -0.050013444332089485 -0.050320855052496255 0.038491192200732487 -0.050013444332089485 0.038491192200732487 0.038491192200732487 -0.050013444332089485 0.047649306285422383 0.0021214613890140799 -0.048847847369530774 0.0021214613890140799 0.0021214613890140799 0.036336594464838924
leaf_weight=0.0085401500602218516 0.048106195316348688 0.041939038701341691 0.024801043414800016 0.091994467191398144 0.046444187269059689 0.052924004498296012 0.048036866688556862 0.037693170797083564 0.014269401013144532 0.039135723351595264 0.088713560635288985 0.029323251117475024 0.89653235698737277 0.0071807564746491073
leaf_count=8 12617 34932 8902 3 28 9 18 94 58 1213 38254 381 6507 37
internal_value=0 0.00682398 -0.00284587 0.0151693 0.00408949 0.0213881 0.00585999 -0.0325289 -0.000769571 -0.0153537 -0.0286782 0.00212146 0.00212146 0.00212146
internal_weight=0 0.327572 1.14806 0.285633 0.193638 0.147194 0.0942702 0.0462333 1.09996 0.181974 0.142838 0.0541243 0.917983 0.903713
internal_count=103061 35092 67969 160 157 129 120 102 55352 48750 47537 9283 6602 6544
is_linear=0
shrinkage=0.05


Tree=188
num_leaves=15
num_cat=0
split_feature=11 0 29 28 10 28 28 2 11 13 29 11 2 10
split_gain=0.00933994 0.0132318 0.0198748 0.0283443 0.0101846 0.0244211 0.0151358 0.0141588 0.0121306 0.0476007 0.0336365 0.0139589 0.0460662 0.0134279
threshold=46.495723472222231 8.9521299757946675 6.5000000000000009 0.054259841737135307 1.1120120486111114 0.090908387470189297 0.02101166364739512 4.2513707062362061 13.521292916666669 51.074107725694454 4.5000000000000009 25.403254444444446 5.6060961859542369 0.86273513888888897
decision_type=10 10 2 10 10 8 8 2 8 10 2 8 2 10
left_child=4 2 -2 -4 5 -1 -6 -7 9 -9 11 13 -13 -10
right_child=1 -3 3 -5 6 7 -8 8 10 -11 -12 12 -14 -15
leaf_value=-0.050047590784217326 -0.04585741149928782 0.027409115618844467 -0.050281409875675281 0.027409115618844467 -0.050047590784217326 -0.050008792156717025 0.014634520137705801 0.014634520137705801 -0.050000603323662421 -0.050008792156717025 -0.050008792156717025 -0.050008792156717025 0.00053834758165637855 0.014634520137705801
leaf_weight=0.025115941726770421 0.044823405829381616 0.014685956766348665 0.014206133459310877 0.017655555416611096 0.0094974512203175755 0.014099332891959526 0.17631507061507928 0.27399496903255693 0.0096314470233681213 0.030836631874766152 0.034953213372080794 0.044506800401803326 0.69910816347734706 0.047112598807164521
leaf_count=15379 24979 235 18 2 2134 23821 15774 69 3845 15084 165 218 43 1295
internal_value=0 -0.0160699 -0.0243965 0.0057949 0.000442354 -0.00127185 0.0113225 -0.000210508 0.000405311 0.00894273 -0.00271026 -0.000613257 -0.00260396 0.0146345
internal_weight=0 0.0913711 0.0766851 0.0318617 1.36517 1.17936 0.185813 1.15424 1.14014 0.304832 0.835312 0.800359 0.743615 0.056744
internal_count=103061 25234 24999 20 77827 59919 17908 44540 20719 15153 5566 5401 261 5140
is_linear=0
shrinkage=0.05


Tree=189
num_leaves=15
num_cat=0
split_feature=11 0 13 11 10 2 11 10 2 13 13 17 11 2
split_gain=0.00855852 0.0122378 0.0192331 0.0265093 0.00952036 0.0150637 0.0143396 0.00772001 0.00695775 0.00598119 0.004853 0.00453552 0.00444065 0.0016078
threshold=46.495723472222231 8.9521299757946675 1.0000000180025095e-35 56.308494583333342 1.9209063368055557 5.7965788290515023 40.761520694444449 0.088287355324074099 7.2143109430455565 129.52690513888891 101.45672474537038 1.0000000180025095e-35 173.66829861111114 3.2194232785507872
decision_type=8 10 10 10 8 2 8 10 2 10 10 10 10 2
left_child=4 2 3 -2 6 -6 7 -1 9 11 12 13 -3 -9
right_child=1 10 -4 -5 5 -7 -8 8 -10 -11 -12 -13 -14 -15
leaf_value=-0.050091205424641287 0.026427046367775431 0.047470613989555925 -0.045429465330216537 -0.045429465330216537 -0.00019950685157436515 0.048567491552432285 -0.050192183292491512 -0.049994428035552756 0.039474544983026383 -0.05006284711483569 -0.045429465330216537 -0.050003515513204616 -0.045429465330216537 -0.00019950685157436515
leaf_weight=0.0079115558103443062 0.017291381393078786 0.011352505234440841 0.043029014609733157 0.013420438802536405 0.0073813577808222721 0.026096435004120622 0.014343757541720792 0.0020742360445370469 0.011655140277634479 0.0061457153888427865 0.0018187772633808672 0.0048586551881594211 0.0013043408134194587 1.2748338824837151
leaf_count=9792 7 71 24979 17 388 19 4477 2132 286 11321 160 24744 4 24664
internal_value=0 -0.0156052 -0.0238564 0.00636881 0.000467408 0.0267996 -0.000199507 -0.000199507 -0.000199507 -0.000199507 0.026427 -0.000199507 0.0374192 -0.000199507
internal_weight=0 0.0882165 0.0737408 0.0307118 1.3553 0.0334778 1.32182 1.30748 1.29957 1.28791 0.0144756 1.28177 0.0126568 1.27691
internal_count=103061 25238 25003 24 77823 407 77416 72939 63147 62861 235 51540 75 26796
is_linear=0
shrinkage=0.05


Tree=190
num_leaves=15
num_cat=0
split_feature=11 13 10 10 11 27 0 21 10 11 10 13 11 11
split_gain=0.00815096 0.0550636 0.0414508 0.0267517 0.0698611 0.0415555 0.0537885 0.0170252 0.0790249 0.0248204 0.0460063 0.0208567 0.0307214 0.0141009
threshold=13.521292916666669 51.074107725694454 0.86273513888888897 0.55372670138888902 10.467914027777779 4.5000000000000009 2.7362054655445509 0.042572463768115944 1.1120120486111114 25.403254444444446 1.0787318402777781 105.55552844328706 27.010381250000005 29.720541805555559
decision_type=8 10 8 10 10 2 10 8 10 10 8 10 8 8
left_child=1 3 -2 4 5 6 -1 9 -9 -4 -11 12 -10 -14
right_child=2 -3 7 -5 -6 -7 -8 8 11 10 -12 -13 13 -15
leaf_value=-0.050011969455579321 -0.050290901872628961 -0.050011969455579321 0.039920168916720275 0.036927611324553931 -0.050011969455579321 0.036927611324553931 0.036927611324553931 -0.050290901872628961 0.039920168916720275 -0.050290901872628961 0.0042135014962238525 -0.050290901872628961 -0.050284780819018986 0.0038003252837452875
leaf_weight=0.035711507381203197 0.04349748294647722 0.037657650661319819 0.046970640457571378 0.08939135679975152 0.044855328313978315 0.07388692146187989 0.031185826125041324 0.082785195026593539 0.039117501574871483 0.038440317493260788 0.6739575415627127 0.017482616814403856 0.012976374067729658 0.16902749405905906
leaf_count=46 12617 34932 5232 3 24 73 10 5868 62 446 24486 12258 541 6463
internal_value=0 0.00669162 -0.00243491 0.0144556 0.00363455 0.020949 -0.00879177 -0.000508842 -0.0101552 0.0035738 0.0035738 0.0035738 0.0042135 -5.57937e-05
internal_weight=0 0.312689 1.12426 0.275031 0.18564 0.140784 0.0668973 1.08076 0.321389 0.759368 0.712398 0.238604 0.221121 0.182004
internal_count=103061 35088 67973 156 153 129 56 55356 25192 30164 24932 19324 7066 7004
is_linear=0
shrinkage=0.05


Tree=191
num_leaves=15
num_cat=0
split_feature=11 0 13 28 28 10 28 21 29 13 10 11 10 13
split_gain=0.00808489 0.0113562 0.0184399 0.0256341 0.00944814 0.0132309 0.0220055 0.0128026 0.0636908 0.00937724 0.019232 0.0129472 0.0227473 0.00460294
threshold=46.495723472222231 8.9521299757946675 1.0000000180025095e-35 0.054259841737135307 0.02101166364739512 1.1120120486111114 0.090908387470189297 0.042572463768115944 4.5000000000000009 105.55552844328706 1.6777341261574075 27.010381250000005 1.238355908564815 101.45672474537038
decision_type=10 10 10 10 8 10 8 10 2 10 8 10 8 10
left_child=4 2 3 -2 -1 6 -6 -8 -9 11 -11 -7 -13 -3
right_child=1 13 -4 -5 5 9 7 8 -10 10 -12 12 -14 -15
leaf_value=-0.050144354928846793 -0.04500042684030589 0.037088951454272504 -0.04500042684030589 0.02611184268908974 -0.050014184194208791 0.049569994564425089 0.0016863915968067086 -0.050014184194208791 0.0016863915968067086 -0.050365214196934606 0.020328121579095155 -0.050242216338388025 0.020328121579095155 -0.04500042684030589
leaf_weight=0.0091287559871547751 0.012978279891740357 0.012074899454792135 0.041385121906112696 0.016700336971067625 0.022478811463255706 0.03785331549293186 1.01965323040925 0.066540639366251542 0.042235173811322357 0.017645336617027267 0.012544557425911325 0.013813690709354128 0.088920479275917563 0.001740006317568544
leaf_count=3278 18 75 24979 2 14235 133 28707 15612 221 7501 2959 1042 4139 160
internal_value=0 -0.015368 -0.0234317 0.00664465 0.000548026 0.000898154 -0.00102891 -5.31013e-05 -0.0163589 0.0138851 0.00168639 0.0203281 0.0203281 0.0261118
internal_weight=0 0.0848786 0.0710637 0.0296786 1.33081 1.32169 1.15091 1.12843 0.108776 0.170777 0.0301899 0.140587 0.102734 0.0138149
internal_count=103061 25234 24999 20 77827 74549 58775 44540 15833 15774 10460 5314 5181 235
is_linear=0
shrinkage=0.05


Tree=192
num_leaves=15
num_cat=0
split_feature=2 24 17 28 16 2 0 13 27 2 13 15 15 13
split_gain=0.00818286 0.00706762 0.00584532 0.00460756 0.00434874 0.00689995 0.00368845 0.00233427 0.00131563 0.0011354 0.000854006 0.0129749 0.000426679 5.04102e-05
threshold=3.2194232785507872 3163.1011447222227 1.0000000180025095e-35 0.012026750915687912 4.4327485380116967 6.4304464911694117 -1.2574956835074578 129.52690513888891 1.0000000180025095e-35 7.2143109430455565 116.70261164351852 34.500000000000007 1.0000000180025095e-35 80.962925057870379
decision_type=2 8 10 8 10 2 10 10 2 2 10 2 2 8
left_child=13 2 3 -2 6 -6 -5 8 -8 10 12 -12 -10 -1
right_child=1 -3 -4 4 5 -7 7 -9 9 -11 11 -13 -14 -15
leaf_value=-0.046302897773799055 -0.046302897773799055 -0.046302897773799055 -0.046302897773799055 -0.046302897773799055 0.00030931372755059906 0.046960946114015745 -0.046302897773799055 -0.046302897773799055 -0.0013478143392705655 0.014195664808800851 -0.046302897773799055 0.00030931372755059906 0.00030931372755059906 -0.050138678427164213
leaf_weight=0.0010471027518270566 0.0045312482641545497 0.0070592884221657428 0.0057956883990991628 0.0036630167717183184 0.003559654812569423 0.012982067605419589 0.0013328621986193881 0.0023237273062776112 0.42982951359052379 0.015239950830579052 0.013525258683514743 0.010979333336743155 0.88433186789039897 0.0085654642424079046
leaf_count=261 2911 10637 33845 1814 2872 41 286 2641 2086 69 7581 2207 21025 14785
internal_value=0 -1.21842e-05 0.000242314 0.000452979 0.000618976 0.0261013 0.000309314 0.000309314 0.000309314 0.000309314 0.000309314 -0.00906491 0.000309314 -0.0463029
internal_weight=0 1.39515 1.38809 1.3823 1.37777 0.0165417 1.36123 1.35756 1.35524 1.35391 1.33867 0.0245046 1.31416 0.00961257
internal_count=103061 88015 77378 43533 40622 2913 37709 35895 33254 32968 32899 9788 23111 15046
is_linear=0
shrinkage=0.05


Tree=193
num_leaves=15
num_cat=0
split_feature=11 13 10 10 11 27 24 15 10 11 10 13 11 11
split_gain=0.00771677 0.0513178 0.0388183 0.024088 0.0666366 0.0388745 0.0309752 0.0143419 0.0732148 0.0229886 0.0435286 0.0180128 0.0275327 0.0128137
threshold=13.521292916666669 51.074107725694454 0.86273513888888897 0.55372670138888902 10.467914027777779 4.5000000000000009 2684.6687541666674 23.500000000000004 1.1120120486111114 25.403254444444446 1.0787318402777781 105.55552844328706 27.010381250000005 29.720541805555559
decision_type=8 10 10 8 10 2 10 2 10 8 10 10 8 10
left_child=1 3 -2 4 5 6 -1 8 -4 -9 -11 12 -10 -14
right_child=2 -3 7 -5 -6 -7 -8 9 11 10 -12 -13 13 -15
leaf_value=0.019879684137571487 -0.050278203396398075 -0.050011359858419924 -0.050278203396398075 0.035778925912786995 -0.050011359858419924 0.035778925912786995 -0.050011359858419924 0.039088206901919463 0.039088206901919463 -0.050278203396398075 0.003941373572455777 -0.050278203396398075 -0.050257444226561587 0.0038457073962814962
leaf_weight=0.038361093733690357 0.040457858354856602 0.035095775633054882 0.076127115168324599 0.087651555892079985 0.042745386440292327 0.071483978088518738 0.026002633237106387 0.044899303157235997 0.036137613185971446 0.036759453370678097 0.67458737292585058 0.0153191889674959 0.011722695320292936 0.16471654999923224
leaf_count=39 12621 34932 5864 3 24 73 17 5232 62 446 24486 12258 541 6463
internal_value=0 0.00682001 -0.00221032 0.0143114 0.00377537 0.0209085 -0.00868086 -0.000376137 -0.00954769 0.00331098 0.00331098 0.00331098 0.00394137 0.000251072
internal_weight=0 0.30134 1.10073 0.266245 0.178593 0.135848 0.0643637 1.06027 0.304023 0.756246 0.711347 0.227896 0.212577 0.176439
internal_count=103061 35088 67973 156 153 129 56 55352 25188 30164 24932 19324 7066 7004
is_linear=0
shrinkage=0.05


Tree=194
num_leaves=15
num_cat=0
split_feature=2 10 24 1 10 28 29 13 1 13 1 13 29 17
split_gain=0.00762981 0.0068828 0.00658371 0.0060065 0.0309019 0.0222475 0.0181674 0.0120755 0.0108257 0.00376089 0.0230733 5.77847e-05 3.59912e-08 1.15663e-15
threshold=3.2194232785507872 0.088287355324074099 3163.1011447222227 0.81305270639611271 0.40943510416666667 0.35587977768819534 6.5000000000000009 51.074107725694454 1.3558538341364026 1.0000000180025095e-35 2.1762995266665839 80.962925057870379 6.5000000000000009 199.50000000000003
decision_type=2 8 8 8 8 8 2 8 8 10 8 8 2 8
left_child=11 -2 3 4 6 8 -3 -7 -5 -10 -11 -1 13 -13
right_child=1 2 -4 5 -6 7 -8 -9 9 10 -12 12 -14 -15
leaf_value=-0.045901566687190642 -0.045901566687190642 -0.045901566687190642 -0.045901566687190642 -0.049451677021468243 0.0011649549072441981 0.050984101137827059 0.0011649549072441981 0.0011649549072441981 0.017488726898570457 -0.049451677021468243 0.0011649549072441981 -0.050000005974444629 -0.050217437799989065 -0.050000069039049355
leaf_weight=0.0010223548798364004 0.0068485519689246675 0.047804786009728879 0.0064992516351277665 0.011289760837115907 1.1635186251497232 0.039341212227412825 0.0075653200829037806 0.0046382681723642341 0.036193047630654909 0.023092318782701377 0.027286040774634826 0.0011758447447874009 0.0049812744858582043 0.0019059722747224717
leaf_count=261 6913 12800 9802 6018 50072 5 5 761 10 1353 276 10418 13 4354
internal_value=0 6.95082e-05 0.00032084 0.000561445 -0.000571772 0.0102996 -0.0370664 0.0403283 0.00116495 0.00116495 0.00116495 -0.0459016 -0.0501343 -0.05
internal_weight=0 1.37408 1.36723 1.36073 1.21889 0.141841 0.0553701 0.0439795 0.0978612 0.0865714 0.0503784 0.00908545 0.00806309 0.00308182
internal_count=103061 88015 81102 71300 62877 8423 12805 766 7657 1639 1629 15046 14785 14772
is_linear=0
shrinkage=0.05


Tree=195
num_leaves=15
num_cat=0
split_feature=11 13 10 14 10 11 0 0 10 21 10 11 10 11
split_gain=0.00788882 0.0477432 0.0369055 0.0236955 0.0394513 0.0464224 0.0317947 0.0167206 0.0185094 0.0132887 0.0474668 0.00913434 0.0216861 0.025772
threshold=13.521292916666669 51.074107725694454 0.86273513888888897 1.0000000180025095e-35 0.55372670138888902 4.9575234722222232 5.931948581469654 2.2538736072280443 0.19996984953703706 0.042572463768115944 1.1120120486111114 20.92070152777778 1.0500420949074076 25.403254444444446
decision_type=8 10 8 2 10 10 10 10 10 10 8 8 8 8
left_child=1 3 -2 4 5 7 -7 8 -1 11 -11 -4 -13 -14
right_child=2 -3 9 -5 -6 6 -8 -9 -10 10 -12 12 13 -15
leaf_value=-0.050010809700697982 -0.050265679400807374 -0.050010809700697982 0.044804747797391561 0.051951473959659093 0.034599952457698493 -0.050010809700697982 0.034599952457698493 0.034599952457698493 0.034599952457698493 -0.050265679400807374 0.0015187644045555138 -0.050265679400807374 0.050730594435988367 0.0015187644045555138
leaf_weight=0.013499493385086726 0.038436773747772601 0.0323714963211858 0.012187729967709724 0.036153265088813558 0.086003104690462351 0.060014848848191013 0.0097770708726943462 0.041436165044967624 0.0073488768975948924 0.053376492031319986 0.054796962057364298 0.02013123381099742 0.026725311486302819 0.88440262513396406
leaf_count=55 12617 34932 272 31 3 52 3 10 2 4273 14271 6057 250 30233
internal_value=0 0.007179 -0.00214331 0.014461 0.00824581 -0.00891499 -0.0369182 0.0224636 -0.0148475 -0.00038443 -0.0169834 0.00151876 0.00151876 0.00208642
internal_weight=0 0.286604 1.09006 0.254233 0.21808 0.132076 0.0697919 0.0622845 0.0208484 1.05162 0.108173 0.943447 0.931259 0.911128
internal_count=103061 35088 67973 156 125 122 55 67 57 55356 18544 36812 36540 30483
is_linear=0
shrinkage=0.05


Tree=196
num_leaves=15
num_cat=0
split_feature=2 10 24 17 28 27 10 29 16 0 14 10 29 16
split_gain=0.0070743 0.00655622 0.00618842 0.00490791 0.004773 0.0279583 0.0198836 0.033324 0.0172043 0.00528767 0.000216794 6.63868e-05 3.37829e-08 8.09446e-11
threshold=3.2194232785507872 0.088287355324074099 3163.1011447222227 1.0000000180025095e-35 0.26664288759730681 4.5000000000000009 0.55372670138888902 6.5000000000000009 10.944927536231885 0.14732589189596401 1.0000000180025095e-35 2.0008313599537044 6.5000000000000009 0.8067796610169492
decision_type=2 8 8 10 10 2 8 2 8 10 2 10 2 10
left_child=11 -2 3 4 6 -6 7 -3 -7 -10 -11 12 13 -1
right_child=1 2 -4 -5 5 8 -8 -9 9 10 -12 -13 -14 -15
leaf_value=-0.050000227631197963 -0.04544498539021552 -0.04544498539021552 -0.04544498539021552 -0.04544498539021552 -0.00017287201504780531 -0.00017287201504780531 -0.00017287201504780531 -0.00017287201504780531 -0.00017287201504780531 0.045520255174274389 0.051849262750856343 -0.04544498539021552 -0.050211244081639544 -0.049982689459967124
leaf_weight=0.0019148791228290533 0.0065256300637304655 0.053130514023159214 0.0061139661600410058 0.0048177771880929523 0.052306486888555964 0.0075214660902389588 1.1461748493370412 0.016507992557308171 0.0018679491491195846 0.022280118074941221 0.034454668230733662 0.0010093686356784258 0.0046520031748626435 0.0010022405677568721
leaf_count=7200 6913 5185 9802 30931 1414 3859 29703 4 75 124 5 2566 10 5270
internal_value=0 0.000104147 0.000347731 0.000577846 0.000760483 0.0103423 -0.000172872 -0.0268902 0.0352541 0.0461962 0.0493638 -0.045445 -0.0501276 -0.0499942
internal_weight=0 1.3517 1.34518 1.33906 1.33424 0.118431 1.21581 0.0696385 0.0661242 0.0586027 0.0567348 0.00857849 0.00756912 0.00291712
internal_count=103061 88015 81102 71300 40369 5477 34892 5189 4063 204 129 15046 12480 12470
is_linear=0
shrinkage=0.05


Tree=197
num_leaves=15
num_cat=0
split_feature=10 2 24 1 10 28 13 13 1 13 1 10 13 29
split_gain=0.00667423 0.00629372 0.00589894 0.00582353 0.0268072 0.0188582 0.0170779 0.0114596 0.0103223 0.00303402 0.0207484 7.91017e-05 9.78245e-09 7.257e-09
threshold=0.088287355324074099 3.2194232785507872 3163.1011447222227 0.81305270639611271 0.40943510416666667 0.35587977768819534 1.0000000180025095e-35 51.074107725694454 1.3558538341364026 1.0000000180025095e-35 2.1762995266665839 2.0008313599537044 inf 6.5000000000000009
decision_type=10 2 8 10 10 10 10 8 8 10 8 10 8 2
left_child=12 11 3 4 6 8 -3 -7 -5 -10 -11 13 -1 -2
right_child=1 2 -4 5 -6 7 -8 -9 9 10 -12 -13 -14 -15
leaf_value=-0.050096001320406938 -0.049992423555614583 0.0010444634665750093 -0.044728919573120161 -0.049373980070229417 0.0010444634665750093 0.050858855123530271 -0.044728919573120161 0.0010444634665750093 0.016358924463088117 -0.049373980070229417 0.0010444634665750093 -0.044728919573120161 -0.050178816228673678 -0.050096001320406938
leaf_weight=0.0030888410186929467 0.0023570879179845104 0.007304984867914823 0.0058429092268167384 0.010464569240200802 1.1502714807481176 0.035343205871389394 0.043078793268919877 0.0044538817668424704 0.035672244978307593 0.020257138886852852 0.027168015054248467 0.0010009083354886508 0.0035659131589358935 0.004426010954223846
leaf_count=9788 9591 5 9798 6018 50072 5 12800 761 10 1353 276 2566 8 10
internal_value=0 0.000100603 0.000361043 0.000581835 -0.000519159 0.0104943 -0.036217 0.0395657 0.00104446 0.00104446 0.00104446 -0.0447289 -0.050096 -0.050096
internal_weight=0 1.34764 1.33986 1.33401 1.20066 0.133359 0.0503838 0.0397971 0.093562 0.0830974 0.0474252 0.00778401 0.00665475 0.0067831
internal_count=103061 93265 81098 71300 62877 8423 12805 766 7657 1639 1629 12167 9796 9601
is_linear=0
shrinkage=0.05


Tree=198
num_leaves=15
num_cat=0
split_feature=11 13 10 14 10 11 0 0 10 15 10 11 10 13
split_gain=0.00804172 0.0439028 0.0350932 0.0207896 0.0347621 0.0411344 0.0298332 0.0137303 0.0172042 0.0114892 0.0673733 0.02068 0.0411324 0.016734
threshold=13.521292916666669 51.074107725694454 0.86273513888888897 1.0000000180025095e-35 0.55372670138888902 4.9575234722222232 5.931948581469654 2.2538736072280443 0.19996984953703706 23.500000000000004 1.1120120486111114 25.403254444444446 1.0787318402777781 105.55552844328706
decision_type=8 10 8 2 10 8 10 10 8 2 10 10 10 10
left_child=1 3 -2 4 5 7 -7 8 -1 10 -4 -11 -13 -12
right_child=2 -3 9 -5 -6 6 -8 -9 -10 11 13 12 -14 -15
leaf_value=-0.050010367077503448 -0.050253933241616693 -0.050010367077503448 -0.050253933241616693 0.051757229833441276 0.033429411390261191 -0.050010367077503448 0.033429411390261191 0.033429411390261191 0.033429411390261191 0.038176670393019918 0.0035994709309143573 -0.050253933241616693 0.0035994709309143573 -0.050253933241616693
leaf_weight=0.012003966568244762 0.036461956234752305 0.029360634881026804 0.069448833781412478 0.032799572685527245 0.084492075257003307 0.053910188259877589 0.0092989792524049986 0.037426757595854038 0.0070971449304124681 0.04158279749391236 0.20901740065457375 0.035194301088932622 0.675928853657774 0.014465627498964573
leaf_count=55 12617 34932 5868 31 3 52 3 10 2 5232 7066 446 24486 12258
internal_value=0 0.00766299 -0.00203487 0.014807 0.00887268 -0.0084557 -0.0361697 0.022534 -0.0129211 -0.000353448 -0.00875489 0.00291615 0.00291615 0.00291615
internal_weight=0 0.266389 1.0821 0.237029 0.204229 0.119737 0.0632092 0.0565279 0.0191011 1.04564 0.292932 0.752706 0.711123 0.223483
internal_count=103061 35088 67973 156 125 122 55 67 57 55356 25192 30164 24932 19324
is_linear=0
shrinkage=0.05


Tree=199
num_leaves=15
num_cat=0
split_feature=10 2 24 1 10 28 13 13 1 13 1 10 13 29
split_gain=0.0063391 0.00584755 0.00555459 0.00551311 0.0236353 0.0167861 0.0162107 0.0109039 0.00973636 0.00239378 0.019167 8.96639e-05 8.68156e-09 7.94292e-09
threshold=0.088287355324074099 3.2194232785507872 3163.1011447222227 0.81305270639611271 0.40943510416666667 0.35587977768819534 1.0000000180025095e-35 51.074107725694454 1.3558538341364026 1.0000000180025095e-35 2.1762995266665839 1.9861546064814817 inf 6.5000000000000009
decision_type=8 2 8 8 8 8 10 8 8 10 8 10 8 2
left_child=12 11 3 4 6 8 -3 -7 -5 -10 -11 13 -1 -2
right_child=1 2 -4 5 -6 7 -8 -9 9 10 -12 -13 -14 -15
leaf_value=-0.050097202326974614 -0.049990798150727794 0.00098747110742680938 -0.044196535508256571 -0.049294631978961445 0.00098747110742680938 0.050776836571445209 -0.044196535508256571 0.00098747110742680938 0.015194202626976995 -0.049294631978961445 0.00098747110742680938 -0.044196535508256571 -0.050175876414968172 -0.050097202326974614
leaf_weight=0.0027962110016065207 0.0021563724057043878 0.0070587064283239428 0.0055044420608200131 0.009787637049157312 1.1391567884042135 0.032585005882830725 0.039245428750361647 0.0042707464955604726 0.035200243633545993 0.018490534426587824 0.027023411529366263 0.0010065196558612854 0.0035065042419557056 0.004223899313230025
leaf_count=9788 9472 5 9802 6018 50072 5 12800 761 10 1353 276 2685 4 10
internal_value=0 0.000165955 0.000414525 0.000626101 -0.000435924 0.0105116 -0.0354538 0.0390937 0.000987471 0.000987471 0.000987471 -0.0441965 -0.0500972 -0.0500972
internal_weight=0 1.32571 1.31832 1.31282 1.18546 0.127358 0.0463041 0.0368558 0.0905018 0.0807142 0.0455139 0.00738679 0.00630272 0.00638027
internal_count=103061 93269 81102 71300 62877 8423 12805 766 7657 1639 1629 12167 9792 9482
is_linear=0
shrinkage=0.05


end of trees

feature_importances:
baseline_staleness_h=530
dormancy_days=502
payee_first_seen_by_us_days=303
hour_surprisal=260
geo_jump_kmh=257
amt_robust_z=171
cold_start_features_n=159
amt_over_p95=134
payee_inflow_concentration=100
asn_acct_degree_1h=81
pair_txn_count_90d=76
account_age_days=50
device_first_seen_hours=50
payee_is_new_to_payer=36
payee_fanin_burstiness=20
payee_fanin_24h=17
amt_velocity_1h=13
txn_velocity_24h=6
payee_fanin_1h=5
pair_amt_ratio_p95=5
txn_velocity_5m=1
amt_velocity_24h=1
asn_is_new_to_payer=1

parameters:
[boosting: gbdt]
[objective: binary]
[metric: binary_logloss]
[tree_learner: serial]
[device_type: cpu]
[data: ]
[valid: ]
[num_iterations: 200]
[learning_rate: 0.05]
[num_leaves: 15]
[num_threads: -1]
[deterministic: 0]
[force_col_wise: 0]
[force_row_wise: 0]
[histogram_pool_size: -1]
[max_depth: -1]
[min_data_in_leaf: 3]
[min_sum_hessian_in_leaf: 0.001]
[bagging_fraction: 0.9]
[pos_bagging_fraction: 1]
[neg_bagging_fraction: 1]
[bagging_freq: 0]
[bagging_seed: 400]
[feature_fraction: 0.8]
[feature_fraction_bynode: 1]
[feature_fraction_seed: 30056]
[extra_trees: 0]
[extra_seed: 12879]
[early_stopping_round: 0]
[first_metric_only: 0]
[max_delta_step: 0]
[lambda_l1: 0]
[lambda_l2: 0]
[linear_lambda: 0]
[min_gain_to_split: 0]
[drop_rate: 0.1]
[max_drop: 50]
[skip_drop: 0.5]
[xgboost_dart_mode: 0]
[uniform_drop: 0]
[drop_seed: 17869]
[top_rate: 0.2]
[other_rate: 0.1]
[min_data_per_group: 100]
[max_cat_threshold: 32]
[cat_l2: 10]
[cat_smooth: 10]
[max_cat_to_onehot: 4]
[top_k: 20]
[monotone_constraints: 1,1,1,1,1,1,1,1,1,-1,1,0,1,-1,1,1,1,-1,1,-1,1,-1,1,1,-1,1,1,1,1,0]
[monotone_constraints_method: advanced]
[monotone_penalty: 0]
[feature_contri: ]
[forcedsplits_filename: ]
[refit_decay_rate: 0.9]
[cegb_tradeoff: 1]
[cegb_penalty_split: 0]
[cegb_penalty_feature_lazy: ]
[cegb_penalty_feature_coupled: ]
[path_smooth: 0]
[interaction_constraints: ]
[verbosity: -1]
[saved_feature_importance_type: 0]
[linear_tree: 0]
[max_bin: 255]
[max_bin_by_feature: ]
[min_data_in_bin: 3]
[bin_construct_sample_cnt: 200000]
[data_random_seed: 175]
[is_enable_sparse: 1]
[enable_bundle: 1]
[use_missing: 1]
[zero_as_missing: 0]
[feature_pre_filter: 1]
[pre_partition: 0]
[two_round: 0]
[header: 0]
[label_column: ]
[weight_column: ]
[group_column: ]
[ignore_column: ]
[categorical_feature: ]
[forcedbins_filename: ]
[precise_float_parser: 0]
[objective_seed: 16083]
[num_class: 1]
[is_unbalance: 0]
[scale_pos_weight: 1]
[sigmoid: 1]
[boost_from_average: 1]
[reg_sqrt: 0]
[alpha: 0.9]
[fair_c: 1]
[poisson_max_delta_step: 0.7]
[tweedie_variance_power: 1.5]
[lambdarank_truncation_level: 30]
[lambdarank_norm: 1]
[label_gain: ]
[eval_at: ]
[multi_error_top_k: 1]
[auc_mu_weights: ]
[num_machines: 1]
[local_listen_port: 12400]
[time_out: 120]
[machine_list_filename: ]
[machines: ]
[gpu_platform_id: -1]
[gpu_device_id: -1]
[gpu_use_dp: 0]
[num_gpu: 1]

end of parameters

pandas_categorical:[]
